payout_id,vendor_id,payout_date,amount,currency,payment_method,status,reference_number
PO0000001,V00342,2025-07-23,485.87,USD,Wire Transfer,Cancelled,CHECK545461
PO0000002,V00252,2024-04-03,6462.3,USD,ACH,Cancelled,CHECK618391
PO0000003,V00252,2024-03-13,2462.26,USD,Wire Transfer,Pending,CHECK918632
PO0000004,V00252,2025-10-28,419.23,USD,Credit Card,Completed,CHECK135195
PO0000005,V00252,2025-09-29,20.67,USD,Credit Card,Completed,CHECK927792
PO0000006,V00252,2025-06-22,45.83,USD,Credit Card,Pending,CHECK604247
PO0000007,V00252,2023-02-24,283.73,USD,Check,Completed,CHECK138001
PO0000008,V00466,2025-04-04,24.59,USD,Wire Transfer,Pending,CHECK625359
PO0000009,V00466,2023-02-09,1786.05,USD,Check,Completed,CHECK970218
PO0000010,V00466,2024-12-16,119.94,USD,Check,Pending,CHECK215470
PO0000011,V00466,2024-01-22,1.19,USD,Check,Completed,CHECK738064
PO0000012,V00466,2025-06-02,1400.76,USD,Wire Transfer,Pending,CHECK460411
PO0000013,V00466,2024-07-25,313.73,USD,Check,Completed,CHECK892361
PO0000014,V00466,2024-12-11,42.39,USD,Wire Transfer,Completed,CHECK404275
PO0000015,V00466,2024-07-15,80.17,USD,ACH,Completed,CHECK855477
PO0000016,V00466,2023-11-03,4748.46,USD,Wire Transfer,Cancelled,CHECK773259
PO0000017,V00466,2025-02-26,16129.45,USD,Credit Card,Cancelled,CHECK670834
PO0000018,V00466,2024-03-10,7489.67,USD,Wire Transfer,Cancelled,CHECK445571
PO0000019,V00466,2025-06-29,15.04,USD,Check,Completed,CHECK195872
PO0000020,V00466,2023-12-12,260.36,USD,Check,Completed,CHECK849487
PO0000021,V00466,2023-08-31,446.74,USD,ACH,Cancelled,CHECK702407
PO0000022,V00466,2023-02-28,86.65,USD,Credit Card,Completed,CHECK774473
PO0000023,V00466,2025-09-29,88.7,USD,Wire Transfer,Cancelled,CHECK906443
PO0000024,V00466,2024-10-16,477.64,USD,ACH,Pending,CHECK965869
PO0000025,V00466,2024-02-01,2619.55,USD,Credit Card,Completed,CHECK671538
PO0000026,V00466,2025-04-16,863.0,USD,Wire Transfer,Completed,CHECK248342
PO0000027,V00466,2024-03-03,5262.09,USD,Credit Card,Completed,CHECK681996
PO0000028,V00450,2025-09-12,3033.29,USD,Check,Cancelled,CHECK535732
PO0000029,V00490,2025-09-03,309.01,USD,Credit Card,Completed,CHECK834941
PO0000030,V00490,2025-10-18,1325.95,USD,Credit Card,Completed,CHECK554205
PO0000031,V00490,2024-07-28,556.25,USD,Check,Completed,CHECK388461
PO0000032,V00490,2023-02-09,1031.65,USD,Check,Cancelled,CHECK755070
PO0000033,V00490,2025-10-20,90.69,USD,ACH,Completed,CHECK448253
PO0000034,V00490,2025-10-15,339.15,USD,ACH,Cancelled,CHECK411856
PO0000035,V00490,2024-11-27,344.02,USD,Wire Transfer,Completed,CHECK882052
PO0000036,V00490,2025-02-05,20.3,USD,Credit Card,Completed,CHECK210015
PO0000037,V00490,2025-06-17,21.28,USD,ACH,Completed,CHECK305765
PO0000038,V00490,2023-10-24,120.02,USD,ACH,Completed,CHECK994638
PO0000039,V00490,2025-06-26,608.8,USD,ACH,Completed,CHECK249277
PO0000040,V00490,2023-03-05,965.89,USD,Wire Transfer,Cancelled,CHECK863357
PO0000041,V00490,2025-12-18,386.74,USD,Check,Pending,CHECK976498
PO0000042,V00490,2023-11-01,53.87,USD,ACH,Cancelled,CHECK203717
PO0000043,V00490,2024-12-28,429.33,USD,Wire Transfer,Pending,CHECK494645
PO0000044,V00490,2025-04-04,6074.25,USD,ACH,Completed,CHECK374988
PO0000045,V00490,2024-04-18,157.64,USD,Credit Card,Completed,CHECK223154
PO0000046,V00490,2023-03-27,92.32,USD,ACH,Pending,CHECK843796
PO0000047,V00490,2023-07-05,236.04,USD,Wire Transfer,Pending,CHECK701572
PO0000048,V00490,2023-07-01,426.69,USD,Credit Card,Pending,CHECK407348
PO0000049,V00490,2025-07-02,60.64,USD,Wire Transfer,Completed,CHECK413896
PO0000050,V00490,2025-03-24,7131.31,USD,ACH,Completed,CHECK856904
PO0000051,V00490,2024-08-27,2848.91,USD,Check,Completed,CHECK472592
PO0000052,V00490,2024-07-25,630.82,USD,ACH,Completed,CHECK349011
PO0000053,V00245,2023-11-05,321.71,USD,Wire Transfer,Completed,CHECK437858
PO0000054,V00245,2023-05-04,1009.48,USD,ACH,Completed,CHECK548497
PO0000055,V00245,2025-03-16,262.07,USD,Check,Cancelled,CHECK321210
PO0000056,V00245,2025-10-19,208.99,USD,Wire Transfer,Completed,CHECK700418
PO0000057,V00245,2024-07-27,262.73,USD,Credit Card,Completed,CHECK883353
PO0000058,V00245,2025-01-03,66.84,USD,Credit Card,Cancelled,CHECK843823
PO0000059,V00245,2023-03-02,73045.98,USD,ACH,Completed,CHECK793528
PO0000060,V00245,2024-03-02,834.41,USD,Check,Completed,CHECK380772
PO0000061,V00245,2023-09-06,6.84,USD,ACH,Pending,CHECK994912
PO0000062,V00245,2023-03-07,448.16,USD,Check,Completed,CHECK470447
PO0000063,V00245,2024-03-24,1611.49,USD,ACH,Completed,CHECK113491
PO0000064,V00245,2025-07-24,1061.71,USD,Wire Transfer,Pending,CHECK834588
PO0000065,V00245,2025-03-15,9710.16,USD,Credit Card,Pending,CHECK679932
PO0000066,V00245,2023-05-07,579.62,USD,Credit Card,Completed,CHECK439743
PO0000067,V00245,2024-09-06,60.77,USD,Check,Completed,CHECK498579
PO0000068,V00245,2024-12-11,3.44,USD,ACH,Completed,CHECK377527
PO0000069,V00245,2024-08-05,2291.34,USD,Check,Completed,CHECK690349
PO0000070,V00245,2023-11-05,363.52,USD,Wire Transfer,Completed,CHECK595675
PO0000071,V00245,2023-09-13,15.61,USD,ACH,Completed,CHECK759610
PO0000072,V00245,2025-08-26,599.92,USD,ACH,Pending,CHECK184300
PO0000073,V00245,2023-07-01,13.0,USD,Credit Card,Completed,CHECK142350
PO0000074,V00245,2025-09-18,251.86,USD,Wire Transfer,Cancelled,CHECK576909
PO0000075,V00245,2023-06-30,4078.41,USD,Check,Cancelled,CHECK243632
PO0000076,V00245,2024-07-26,1103.37,USD,ACH,Completed,CHECK392277
PO0000077,V00245,2024-09-08,5782.73,USD,Credit Card,Completed,CHECK545246
PO0000078,V00245,2025-04-10,50546.27,USD,Credit Card,Completed,CHECK918479
PO0000079,V00245,2025-11-08,24.28,USD,Check,Completed,CHECK570191
PO0000080,V00245,2023-07-14,5487.13,USD,ACH,Completed,CHECK658927
PO0000081,V00245,2024-12-22,238.78,USD,ACH,Cancelled,CHECK950854
PO0000082,V00245,2025-11-02,1014.89,USD,Credit Card,Pending,CHECK418963
PO0000083,V00480,2025-04-07,315.69,USD,Wire Transfer,Completed,CHECK573525
PO0000084,V00480,2025-07-28,109.37,USD,Wire Transfer,Completed,CHECK579098
PO0000085,V00480,2025-02-27,69.02,USD,ACH,Completed,CHECK168862
PO0000086,V00480,2025-11-11,2961.7,USD,Credit Card,Completed,CHECK441301
PO0000087,V00480,2025-05-09,1232.62,USD,Credit Card,Cancelled,CHECK672427
PO0000088,V00480,2023-06-10,604.6,USD,Credit Card,Completed,CHECK664987
PO0000089,V00480,2024-09-07,4.86,USD,Wire Transfer,Pending,CHECK120513
PO0000090,V00480,2024-03-12,45.36,USD,Wire Transfer,Cancelled,CHECK745487
PO0000091,V00480,2025-06-02,551.99,USD,Check,Pending,CHECK896651
PO0000092,V00480,2023-08-25,597.4,USD,Check,Completed,CHECK610770
PO0000093,V00480,2023-03-07,214.57,USD,Wire Transfer,Completed,CHECK462038
PO0000094,V00480,2025-09-08,4020.06,USD,ACH,Cancelled,CHECK393619
PO0000095,V00480,2023-11-01,1055.74,USD,ACH,Completed,CHECK417605
PO0000096,V00480,2023-05-06,990.84,USD,Check,Pending,CHECK353021
PO0000097,V00480,2025-03-10,1458.4,USD,Check,Pending,CHECK468626
PO0000098,V00480,2025-06-13,1304.14,USD,Wire Transfer,Completed,CHECK107686
PO0000099,V00480,2025-07-29,39.41,USD,Check,Completed,CHECK221389
PO0000100,V00415,2023-05-28,65.64,USD,Credit Card,Completed,CHECK240354
PO0000101,V00415,2025-12-18,216.17,USD,Check,Cancelled,CHECK518614
PO0000102,V00415,2024-06-28,7.62,USD,Check,Completed,CHECK115865
PO0000103,V00415,2023-03-21,3.27,USD,Check,Completed,CHECK727160
PO0000104,V00415,2023-07-12,334.8,USD,Wire Transfer,Completed,CHECK759249
PO0000105,V00415,2025-04-09,64.11,USD,Credit Card,Cancelled,CHECK676658
PO0000106,V00415,2023-08-15,1762.58,USD,ACH,Pending,CHECK817471
PO0000107,V00415,2024-08-01,192920.84,USD,Credit Card,Completed,CHECK641820
PO0000108,V00415,2024-09-02,5326.0,USD,Wire Transfer,Completed,CHECK952422
PO0000109,V00415,2024-05-08,46.77,USD,Check,Completed,CHECK450337
PO0000110,V00415,2023-04-02,354.77,USD,Credit Card,Pending,CHECK538573
PO0000111,V00415,2024-01-20,64.87,USD,ACH,Completed,CHECK430777
PO0000112,V00415,2024-10-03,262.55,USD,Check,Completed,CHECK103157
PO0000113,V00415,2024-07-22,317818.56,USD,Credit Card,Pending,CHECK709172
PO0000114,V00415,2025-10-01,572.46,USD,Credit Card,Pending,CHECK167278
PO0000115,V00415,2023-04-21,617.3,USD,Wire Transfer,Completed,CHECK456497
PO0000116,V00415,2024-06-06,637.98,USD,ACH,Pending,CHECK989202
PO0000117,V00415,2025-11-24,9534.51,USD,Credit Card,Cancelled,CHECK511096
PO0000118,V00415,2024-07-18,15405.98,USD,Check,Pending,CHECK418619
PO0000119,V00415,2024-09-21,785.9,USD,Wire Transfer,Completed,CHECK754479
PO0000120,V00415,2025-05-04,715.7,USD,Wire Transfer,Completed,CHECK271565
PO0000121,V00415,2024-04-03,3187.07,USD,Wire Transfer,Completed,CHECK205466
PO0000122,V00415,2025-12-29,44.88,USD,Check,Completed,CHECK453114
PO0000123,V00415,2025-08-21,1198.02,USD,Wire Transfer,Completed,CHECK818646
PO0000124,V00415,2024-08-27,131.55,USD,Check,Completed,CHECK487207
PO0000125,V00415,2024-12-22,224.32,USD,Credit Card,Completed,CHECK770170
PO0000126,V00110,2024-03-17,133.24,USD,Wire Transfer,Pending,CHECK285559
PO0000127,V00110,2025-09-26,5294.24,USD,ACH,Cancelled,CHECK320159
PO0000128,V00110,2025-02-25,3542.43,USD,ACH,Cancelled,CHECK668115
PO0000129,V00110,2024-08-01,4632.99,USD,Credit Card,Cancelled,CHECK730796
PO0000130,V00110,2023-10-29,122.26,USD,Check,Cancelled,CHECK972023
PO0000131,V00110,2025-01-13,129.86,USD,Check,Completed,CHECK461516
PO0000132,V00110,2025-03-11,370.86,USD,Wire Transfer,Pending,CHECK515901
PO0000133,V00110,2024-09-15,615.86,USD,Check,Completed,CHECK498118
PO0000134,V00110,2023-12-06,114.76,USD,Credit Card,Cancelled,CHECK658451
PO0000135,V00110,2025-12-30,15.73,USD,Wire Transfer,Completed,CHECK727810
PO0000136,V00110,2025-04-03,859.61,USD,Check,Pending,CHECK846125
PO0000137,V00110,2024-09-26,279.87,USD,Wire Transfer,Completed,CHECK801976
PO0000138,V00110,2025-01-31,7275.97,USD,ACH,Completed,CHECK930383
PO0000139,V00110,2025-06-08,51.49,USD,Check,Completed,CHECK729736
PO0000140,V00110,2025-03-28,676.5,USD,Check,Pending,CHECK445728
PO0000141,V00110,2023-11-28,197.65,USD,Wire Transfer,Pending,CHECK271915
PO0000142,V00110,2024-01-19,252.36,USD,ACH,Completed,CHECK101980
PO0000143,V00110,2023-01-13,28.8,USD,Check,Cancelled,CHECK829345
PO0000144,V00110,2023-10-25,2025.8,USD,Credit Card,Completed,CHECK737368
PO0000145,V00110,2025-12-10,85.1,USD,ACH,Completed,CHECK326954
PO0000146,V00110,2023-07-15,250.45,USD,ACH,Pending,CHECK121983
PO0000147,V00110,2025-03-27,91.74,USD,Credit Card,Completed,CHECK483195
PO0000148,V00110,2024-07-15,64.67,USD,Check,Pending,CHECK468723
PO0000149,V00110,2024-04-01,1035.71,USD,ACH,Cancelled,CHECK260265
PO0000150,V00110,2023-09-24,13.08,USD,ACH,Completed,CHECK347733
PO0000151,V00110,2025-12-28,75.85,USD,Credit Card,Completed,CHECK624245
PO0000152,V00110,2023-09-02,118493.46,USD,ACH,Completed,CHECK125234
PO0000153,V00110,2024-02-09,97.43,USD,ACH,Completed,CHECK738877
PO0000154,V00110,2025-06-04,1137.11,USD,Wire Transfer,Pending,CHECK726449
PO0000155,V00110,2023-08-04,1413.78,USD,Credit Card,Cancelled,CHECK211405
PO0000156,V00502,2024-03-06,139.6,USD,ACH,Completed,CHECK392204
PO0000157,V00502,2024-04-15,2503.15,USD,Check,Completed,CHECK908840
PO0000158,V00502,2023-02-19,70.64,USD,Credit Card,Completed,CHECK893476
PO0000159,V00502,2024-04-25,3820.29,USD,ACH,Completed,CHECK864805
PO0000160,V00018,2024-08-30,801.68,USD,Wire Transfer,Completed,CHECK332373
PO0000161,V00018,2023-09-08,3627.17,USD,Credit Card,Completed,CHECK230136
PO0000162,V00018,2025-02-13,326.24,USD,Check,Completed,CHECK249099
PO0000163,V00018,2025-11-10,3399.05,USD,Wire Transfer,Completed,CHECK686597
PO0000164,V00018,2024-10-30,140.37,USD,Wire Transfer,Cancelled,CHECK216936
PO0000165,V00018,2024-09-11,2029.83,USD,Wire Transfer,Completed,CHECK687742
PO0000166,V00018,2024-09-20,1902.61,USD,ACH,Completed,CHECK725574
PO0000167,V00018,2023-07-29,7322.69,USD,ACH,Cancelled,CHECK433900
PO0000168,V00018,2023-02-03,243.25,USD,ACH,Completed,CHECK672916
PO0000169,V00018,2024-12-03,55.78,USD,ACH,Cancelled,CHECK946783
PO0000170,V00018,2025-05-08,897.33,USD,Check,Completed,CHECK441415
PO0000171,V00018,2024-05-30,1361.62,USD,Credit Card,Completed,CHECK818945
PO0000172,V00018,2024-05-18,2212.75,USD,Check,Completed,CHECK827021
PO0000173,V00018,2023-09-21,18658.2,USD,Wire Transfer,Cancelled,CHECK535824
PO0000174,V00018,2025-10-10,806.42,USD,Check,Completed,CHECK587098
PO0000175,V00018,2024-12-31,9667.11,USD,Credit Card,Cancelled,CHECK769109
PO0000176,V00018,2025-03-04,2300.71,USD,Check,Completed,CHECK113772
PO0000177,V00018,2025-10-01,374.15,USD,ACH,Cancelled,CHECK972753
PO0000178,V00018,2025-09-07,215.38,USD,Check,Cancelled,CHECK903323
PO0000179,V00424,2024-09-29,1306.78,USD,ACH,Completed,CHECK991000
PO0000180,V00424,2024-02-09,129.38,USD,Credit Card,Completed,CHECK627326
PO0000181,V00424,2023-04-14,22908.55,USD,Check,Pending,CHECK866863
PO0000182,V00424,2024-06-25,339.64,USD,Wire Transfer,Completed,CHECK837568
PO0000183,V00424,2024-09-23,325.97,USD,Wire Transfer,Cancelled,CHECK118002
PO0000184,V00424,2025-03-18,10.89,USD,Credit Card,Pending,CHECK825457
PO0000185,V00424,2023-12-01,1520.93,USD,Wire Transfer,Pending,CHECK940754
PO0000186,V00424,2024-06-02,306.82,USD,Wire Transfer,Completed,CHECK846439
PO0000187,V00424,2023-08-08,818.09,USD,Check,Completed,CHECK960248
PO0000188,V00424,2025-05-26,1529.06,USD,ACH,Completed,CHECK611491
PO0000189,V00424,2025-10-01,10453.32,USD,Credit Card,Completed,CHECK546057
PO0000190,V00424,2025-08-31,316.06,USD,ACH,Completed,CHECK664314
PO0000191,V00424,2024-02-07,368.5,USD,Wire Transfer,Completed,CHECK215503
PO0000192,V00424,2024-09-25,557.9,USD,Check,Cancelled,CHECK638691
PO0000193,V00424,2023-09-08,199.14,USD,Check,Completed,CHECK462955
PO0000194,V00424,2024-11-23,546.04,USD,Wire Transfer,Completed,CHECK235572
PO0000195,V00140,2023-09-07,39.34,USD,Credit Card,Completed,CHECK642717
PO0000196,V00140,2024-03-06,555.49,USD,Credit Card,Cancelled,CHECK115127
PO0000197,V00140,2025-07-27,745.14,USD,Check,Cancelled,CHECK180291
PO0000198,V00140,2024-09-23,596.82,USD,Wire Transfer,Pending,CHECK738661
PO0000199,V00140,2024-05-12,336.87,USD,Credit Card,Completed,CHECK380502
PO0000200,V00140,2024-10-17,882.33,USD,Check,Pending,CHECK415727
PO0000201,V00140,2024-08-19,3269.75,USD,Wire Transfer,Cancelled,CHECK276072
PO0000202,V00140,2023-09-19,137.56,USD,Check,Completed,CHECK350589
PO0000203,V00140,2023-08-18,170.16,USD,ACH,Completed,CHECK703152
PO0000204,V00140,2025-02-21,2113.05,USD,Check,Completed,CHECK946781
PO0000205,V00140,2023-02-10,89.39,USD,Check,Pending,CHECK973428
PO0000206,V00140,2024-08-11,107.09,USD,Wire Transfer,Cancelled,CHECK386807
PO0000207,V00140,2023-09-16,1020.79,USD,Credit Card,Cancelled,CHECK294078
PO0000208,V00140,2023-03-23,2071.37,USD,Check,Completed,CHECK605609
PO0000209,V00140,2023-11-11,396.17,USD,Check,Completed,CHECK211606
PO0000210,V00140,2023-03-24,979.49,USD,Wire Transfer,Completed,CHECK201026
PO0000211,V00140,2024-05-23,148.24,USD,Check,Cancelled,CHECK237686
PO0000212,V00140,2024-01-12,35.41,USD,Credit Card,Cancelled,CHECK457611
PO0000213,V00327,2023-11-05,113.79,USD,Wire Transfer,Completed,CHECK689841
PO0000214,V00327,2023-05-22,95.02,USD,Wire Transfer,Cancelled,CHECK281984
PO0000215,V00346,2025-12-13,315.59,USD,Credit Card,Cancelled,CHECK969163
PO0000216,V00346,2025-05-26,87.72,USD,Check,Completed,CHECK674429
PO0000217,V00346,2023-03-08,882.07,USD,Wire Transfer,Completed,CHECK164752
PO0000218,V00346,2025-02-10,181.52,USD,Wire Transfer,Completed,CHECK238554
PO0000219,V00346,2024-04-02,1441.78,USD,Wire Transfer,Completed,CHECK609899
PO0000220,V00346,2025-02-10,1835.01,USD,ACH,Completed,CHECK953894
PO0000221,V00346,2024-12-29,4631.11,USD,Check,Cancelled,CHECK550647
PO0000222,V00346,2025-06-27,28.94,USD,Credit Card,Completed,CHECK861817
PO0000223,V00346,2023-12-18,133.69,USD,ACH,Pending,CHECK894509
PO0000224,V00346,2025-11-22,2220.62,USD,Wire Transfer,Completed,CHECK605921
PO0000225,V00346,2023-12-20,2037.98,USD,Wire Transfer,Completed,CHECK219452
PO0000226,V00346,2024-11-08,393.79,USD,Credit Card,Pending,CHECK876569
PO0000227,V00346,2025-01-26,136.0,USD,ACH,Completed,CHECK798503
PO0000228,V00346,2023-11-16,23.34,USD,Credit Card,Completed,CHECK990340
PO0000229,V00346,2023-07-24,165.41,USD,Credit Card,Completed,CHECK917705
PO0000230,V00346,2024-11-30,4574.98,USD,Credit Card,Cancelled,CHECK999586
PO0000231,V00346,2025-01-29,2138.14,USD,ACH,Completed,CHECK243673
PO0000232,V00346,2024-07-13,937.18,USD,Wire Transfer,Pending,CHECK300442
PO0000233,V00346,2025-12-19,125.15,USD,Check,Pending,CHECK786208
PO0000234,V00346,2023-03-11,37421.14,USD,Wire Transfer,Completed,CHECK128763
PO0000235,V00346,2024-06-30,871.35,USD,ACH,Completed,CHECK993939
PO0000236,V00346,2024-10-01,1101.46,USD,ACH,Pending,CHECK330974
PO0000237,V00346,2025-11-21,1879.02,USD,ACH,Completed,CHECK428560
PO0000238,V00346,2023-12-16,294.55,USD,Check,Completed,CHECK953857
PO0000239,V00346,2023-04-25,142.63,USD,ACH,Completed,CHECK187768
PO0000240,V00346,2024-03-15,53.68,USD,Check,Completed,CHECK896862
PO0000241,V00346,2025-09-27,109.83,USD,Credit Card,Completed,CHECK594172
PO0000242,V00346,2024-07-11,2817.74,USD,ACH,Completed,CHECK492330
PO0000243,V00346,2024-06-14,1943.72,USD,Credit Card,Completed,CHECK224051
PO0000244,V00346,2024-01-21,765.44,USD,ACH,Completed,CHECK385489
PO0000245,V00470,2023-06-13,6038.07,USD,Wire Transfer,Completed,CHECK600852
PO0000246,V00470,2023-11-23,267.49,USD,Wire Transfer,Completed,CHECK984462
PO0000247,V00470,2025-09-10,4.11,USD,Wire Transfer,Pending,CHECK715906
PO0000248,V00470,2025-07-01,120.75,USD,ACH,Cancelled,CHECK588216
PO0000249,V00470,2025-08-11,892.53,USD,Wire Transfer,Pending,CHECK684784
PO0000250,V00470,2023-03-19,585.37,USD,Check,Completed,CHECK536784
PO0000251,V00470,2023-12-26,452.48,USD,ACH,Pending,CHECK489570
PO0000252,V00020,2025-08-22,1645.77,USD,Wire Transfer,Completed,CHECK241876
PO0000253,V00020,2024-07-31,2505.06,USD,Check,Pending,CHECK733016
PO0000254,V00020,2025-06-18,70.67,USD,Wire Transfer,Completed,CHECK589096
PO0000255,V00020,2023-01-05,2877.31,USD,ACH,Pending,CHECK789590
PO0000256,V00020,2024-03-17,158.19,USD,Wire Transfer,Completed,CHECK414323
PO0000257,V00020,2025-10-03,15037.18,USD,ACH,Completed,CHECK477890
PO0000258,V00020,2025-10-09,13814.07,USD,Check,Completed,CHECK216006
PO0000259,V00020,2023-08-07,2690.25,USD,Check,Completed,CHECK837331
PO0000260,V00020,2023-04-21,97.15,USD,Credit Card,Completed,CHECK229589
PO0000261,V00020,2023-02-09,297.34,USD,Wire Transfer,Completed,CHECK172232
PO0000262,V00020,2025-10-10,1245.87,USD,Wire Transfer,Completed,CHECK864466
PO0000263,V00020,2025-02-04,3459.07,USD,Check,Completed,CHECK643234
PO0000264,V00020,2024-12-20,538.07,USD,Check,Completed,CHECK494060
PO0000265,V00020,2023-04-28,4976.77,USD,Credit Card,Cancelled,CHECK201434
PO0000266,V00020,2024-08-20,102.19,USD,ACH,Completed,CHECK438417
PO0000267,V00020,2023-04-14,757.03,USD,Credit Card,Completed,CHECK540001
PO0000268,V00020,2023-12-19,3935.62,USD,Credit Card,Completed,CHECK334688
PO0000269,V00020,2024-08-25,832.95,USD,ACH,Completed,CHECK808259
PO0000270,V00020,2025-11-17,1077.72,USD,Credit Card,Pending,CHECK167007
PO0000271,V00020,2025-03-03,383.07,USD,ACH,Completed,CHECK560245
PO0000272,V00020,2023-12-09,513.84,USD,Wire Transfer,Pending,CHECK198341
PO0000273,V00020,2024-01-26,15790.68,USD,Check,Pending,CHECK672978
PO0000274,V00020,2023-06-18,1707.03,USD,ACH,Pending,CHECK185439
PO0000275,V00020,2023-07-13,64.81,USD,ACH,Completed,CHECK483742
PO0000276,V00020,2024-04-26,122.69,USD,Check,Completed,CHECK408637
PO0000277,V00020,2024-08-08,33001.3,USD,Credit Card,Completed,CHECK238272
PO0000278,V00138,2024-10-17,3202.48,USD,Check,Completed,CHECK671458
PO0000279,V00138,2024-04-10,115.81,USD,Check,Completed,CHECK982809
PO0000280,V00138,2023-01-10,92.41,USD,Credit Card,Pending,CHECK693465
PO0000281,V00138,2023-10-17,433.56,USD,Credit Card,Completed,CHECK864547
PO0000282,V00138,2023-03-08,717.84,USD,ACH,Cancelled,CHECK327486
PO0000283,V00138,2025-04-26,563.94,USD,Wire Transfer,Cancelled,CHECK861979
PO0000284,V00138,2025-02-10,701.48,USD,Credit Card,Cancelled,CHECK804919
PO0000285,V00138,2024-02-12,32.8,USD,Credit Card,Pending,CHECK465408
PO0000286,V00138,2024-04-23,1198.14,USD,ACH,Completed,CHECK268497
PO0000287,V00138,2024-05-18,823.04,USD,Wire Transfer,Completed,CHECK688901
PO0000288,V00138,2024-03-25,89.18,USD,Credit Card,Completed,CHECK503787
PO0000289,V00138,2024-01-23,25.42,USD,Wire Transfer,Completed,CHECK771490
PO0000290,V00138,2024-07-19,62.78,USD,Check,Completed,CHECK795317
PO0000291,V00138,2025-01-07,1698.35,USD,Wire Transfer,Completed,CHECK359986
PO0000292,V00138,2025-01-25,657.06,USD,Check,Cancelled,CHECK518809
PO0000293,V00138,2023-08-27,32.86,USD,Credit Card,Pending,CHECK884390
PO0000294,V00138,2025-03-08,429.68,USD,Check,Cancelled,CHECK731178
PO0000295,V00138,2025-11-30,875.34,USD,ACH,Completed,CHECK368445
PO0000296,V00138,2024-05-20,124.67,USD,Wire Transfer,Completed,CHECK793294
PO0000297,V00138,2025-01-14,4363.64,USD,Wire Transfer,Pending,CHECK107842
PO0000298,V00138,2024-04-16,11.53,USD,Check,Pending,CHECK318700
PO0000299,V00138,2025-12-14,286.71,USD,Wire Transfer,Completed,CHECK792574
PO0000300,V00100,2025-01-17,146.55,USD,Check,Cancelled,CHECK110729
PO0000301,V00100,2024-01-25,88.18,USD,ACH,Completed,CHECK415426
PO0000302,V00100,2024-05-01,284.16,USD,ACH,Completed,CHECK593480
PO0000303,V00100,2025-07-25,191.41,USD,Wire Transfer,Completed,CHECK990592
PO0000304,V00100,2023-12-10,3.61,USD,Credit Card,Pending,CHECK774502
PO0000305,V00100,2023-09-20,33.63,USD,Wire Transfer,Completed,CHECK348457
PO0000306,V00100,2023-01-19,91.75,USD,ACH,Completed,CHECK556507
PO0000307,V00100,2024-03-30,73.84,USD,Credit Card,Pending,CHECK390171
PO0000308,V00100,2024-11-12,1764.23,USD,Check,Completed,CHECK308690
PO0000309,V00100,2024-11-19,17.43,USD,ACH,Completed,CHECK801815
PO0000310,V00100,2025-03-26,594.2,USD,Credit Card,Cancelled,CHECK369904
PO0000311,V00362,2023-07-22,78.89,USD,Check,Completed,CHECK843087
PO0000312,V00362,2024-01-26,358.86,USD,ACH,Pending,CHECK473684
PO0000313,V00362,2024-02-08,801.18,USD,ACH,Completed,CHECK365671
PO0000314,V00362,2023-11-22,81.35,USD,Wire Transfer,Cancelled,CHECK604305
PO0000315,V00362,2025-10-28,1053.31,USD,Wire Transfer,Cancelled,CHECK945796
PO0000316,V00362,2024-07-06,24.81,USD,Credit Card,Pending,CHECK478795
PO0000317,V00362,2025-07-13,6709.71,USD,Check,Completed,CHECK865792
PO0000318,V00362,2024-07-24,12363.69,USD,ACH,Completed,CHECK107177
PO0000319,V00362,2024-03-31,200.69,USD,Wire Transfer,Completed,CHECK915564
PO0000320,V00362,2025-05-21,2.02,USD,ACH,Pending,CHECK558369
PO0000321,V00362,2025-12-24,133.65,USD,Check,Completed,CHECK118877
PO0000322,V00362,2024-08-29,886.19,USD,Credit Card,Completed,CHECK272708
PO0000323,V00362,2024-07-05,210.8,USD,Wire Transfer,Cancelled,CHECK270281
PO0000324,V00362,2025-12-04,3181.05,USD,Check,Completed,CHECK640028
PO0000325,V00362,2024-06-30,159.51,USD,Credit Card,Completed,CHECK463635
PO0000326,V00362,2024-07-27,52.29,USD,Credit Card,Completed,CHECK817659
PO0000327,V00362,2023-07-29,258.31,USD,ACH,Completed,CHECK605884
PO0000328,V00544,2023-01-12,1137.51,USD,Check,Pending,CHECK502874
PO0000329,V00544,2023-03-07,119.22,USD,ACH,Pending,CHECK618263
PO0000330,V00544,2023-07-15,373.77,USD,ACH,Cancelled,CHECK927454
PO0000331,V00544,2023-07-16,11748.7,USD,Wire Transfer,Completed,CHECK288628
PO0000332,V00544,2023-03-03,30.5,USD,Check,Completed,CHECK188282
PO0000333,V00544,2025-07-28,97.61,USD,ACH,Completed,CHECK620964
PO0000334,V00544,2024-09-19,10449.23,USD,Wire Transfer,Completed,CHECK302561
PO0000335,V00544,2023-05-04,296.29,USD,ACH,Pending,CHECK575079
PO0000336,V00544,2023-12-14,715.01,USD,ACH,Cancelled,CHECK543651
PO0000337,V00544,2023-11-11,26.44,USD,Wire Transfer,Completed,CHECK308221
PO0000338,V00544,2023-10-18,44.83,USD,Wire Transfer,Completed,CHECK149386
PO0000339,V00544,2025-05-21,252.45,USD,ACH,Pending,CHECK863332
PO0000340,V00544,2025-11-26,87.5,USD,ACH,Cancelled,CHECK108984
PO0000341,V00544,2023-04-28,131.07,USD,Check,Completed,CHECK661270
PO0000342,V00544,2025-02-23,131.53,USD,Check,Cancelled,CHECK873101
PO0000343,V00544,2023-11-10,57.1,USD,Wire Transfer,Completed,CHECK446985
PO0000344,V00544,2023-02-11,524.28,USD,Wire Transfer,Cancelled,CHECK788894
PO0000345,V00544,2023-06-19,128.85,USD,Wire Transfer,Completed,CHECK803732
PO0000346,V00544,2024-03-19,154.74,USD,Wire Transfer,Completed,CHECK570914
PO0000347,V00544,2025-11-02,3569.06,USD,ACH,Completed,CHECK890295
PO0000348,V00544,2025-08-29,3725.7,USD,Check,Completed,CHECK490513
PO0000349,V00544,2024-10-02,15164.93,USD,Credit Card,Cancelled,CHECK628082
PO0000350,V00544,2023-07-08,504.53,USD,Credit Card,Completed,CHECK462410
PO0000351,V00544,2024-05-31,112.86,USD,Credit Card,Completed,CHECK872280
PO0000352,V00544,2025-04-21,869.55,USD,Check,Completed,CHECK934369
PO0000353,V00544,2023-04-23,285.42,USD,Credit Card,Completed,CHECK628519
PO0000354,V00544,2025-11-21,692.36,USD,Wire Transfer,Cancelled,CHECK716785
PO0000355,V00544,2025-12-15,203.52,USD,Check,Completed,CHECK979312
PO0000356,V00293,2024-12-12,9813.45,USD,Wire Transfer,Cancelled,CHECK428892
PO0000357,V00293,2024-11-18,1181.27,USD,Check,Cancelled,CHECK503579
PO0000358,V00293,2023-11-03,332.44,USD,ACH,Completed,CHECK356058
PO0000359,V00293,2023-10-23,47.15,USD,Wire Transfer,Pending,CHECK457417
PO0000360,V00293,2025-01-14,2207.26,USD,Check,Completed,CHECK388879
PO0000361,V00293,2025-11-03,37.11,USD,ACH,Pending,CHECK684962
PO0000362,V00293,2024-10-06,97.12,USD,ACH,Completed,CHECK637242
PO0000363,V00293,2025-09-06,125.26,USD,Wire Transfer,Completed,CHECK794204
PO0000364,V00293,2025-01-13,24.0,USD,Wire Transfer,Completed,CHECK353549
PO0000365,V00293,2024-01-25,48.98,USD,Wire Transfer,Completed,CHECK983241
PO0000366,V00293,2025-05-01,279.49,USD,Wire Transfer,Completed,CHECK719807
PO0000367,V00293,2024-11-14,28.12,USD,Wire Transfer,Pending,CHECK659887
PO0000368,V00293,2024-12-25,4.11,USD,Wire Transfer,Completed,CHECK920260
PO0000369,V00293,2024-04-28,4150.79,USD,ACH,Cancelled,CHECK940017
PO0000370,V00293,2023-02-14,439.35,USD,Check,Completed,CHECK889145
PO0000371,V00293,2023-09-13,162.17,USD,Check,Completed,CHECK948568
PO0000372,V00293,2023-04-28,4537.66,USD,Wire Transfer,Completed,CHECK354565
PO0000373,V00293,2024-11-16,9.83,USD,Credit Card,Cancelled,CHECK750510
PO0000374,V00293,2025-04-11,364.21,USD,Wire Transfer,Pending,CHECK396404
PO0000375,V00293,2023-08-10,358.49,USD,ACH,Completed,CHECK124320
PO0000376,V00293,2025-05-10,905.41,USD,Check,Cancelled,CHECK501061
PO0000377,V00293,2025-10-09,56.05,USD,ACH,Pending,CHECK648946
PO0000378,V00293,2024-03-17,562.64,USD,ACH,Completed,CHECK204925
PO0000379,V00293,2023-01-17,13.83,USD,Check,Cancelled,CHECK222987
PO0000380,V00293,2023-10-17,381.76,USD,Wire Transfer,Completed,CHECK267173
PO0000381,V00293,2023-01-16,483.55,USD,Check,Completed,CHECK211500
PO0000382,V00293,2023-06-20,109.74,USD,Check,Completed,CHECK989075
PO0000383,V00293,2023-10-27,1270.27,USD,Credit Card,Completed,CHECK478283
PO0000384,V00293,2025-05-15,8.47,USD,Credit Card,Completed,CHECK733017
PO0000385,V00293,2023-01-26,11.54,USD,Check,Completed,CHECK653831
PO0000386,V00254,2025-02-26,335.48,USD,Check,Completed,CHECK828656
PO0000387,V00254,2023-01-06,7467.47,USD,Credit Card,Pending,CHECK924320
PO0000388,V00254,2024-07-13,1537.44,USD,Check,Completed,CHECK632027
PO0000389,V00254,2024-05-10,2574.66,USD,Credit Card,Pending,CHECK950482
PO0000390,V00254,2024-10-20,2422.1,USD,Check,Pending,CHECK259890
PO0000391,V00254,2024-04-09,111.92,USD,Credit Card,Pending,CHECK322775
PO0000392,V00254,2023-11-13,11.98,USD,Check,Completed,CHECK476048
PO0000393,V00254,2024-07-20,17.23,USD,ACH,Completed,CHECK445708
PO0000394,V00254,2025-10-28,58065.72,USD,Wire Transfer,Cancelled,CHECK600588
PO0000395,V00254,2025-03-13,4397.6,USD,Wire Transfer,Completed,CHECK407090
PO0000396,V00254,2024-06-25,497.2,USD,ACH,Completed,CHECK796453
PO0000397,V00254,2023-01-04,515.91,USD,Check,Cancelled,CHECK557360
PO0000398,V00254,2025-03-25,49.89,USD,Wire Transfer,Completed,CHECK305553
PO0000399,V00254,2025-03-14,181.99,USD,ACH,Pending,CHECK836054
PO0000400,V00254,2023-06-28,181.31,USD,Credit Card,Completed,CHECK193751
PO0000401,V00254,2025-03-12,57382.52,USD,Wire Transfer,Completed,CHECK181406
PO0000402,V00254,2025-01-09,2.22,USD,ACH,Cancelled,CHECK343229
PO0000403,V00254,2024-01-22,1259.06,USD,Credit Card,Completed,CHECK289767
PO0000404,V00254,2025-08-25,81.62,USD,Check,Cancelled,CHECK865584
PO0000405,V00254,2024-11-09,274.17,USD,Wire Transfer,Completed,CHECK298597
PO0000406,V00044,2024-10-08,38.79,USD,Wire Transfer,Cancelled,CHECK149768
PO0000407,V00202,2023-08-09,151.31,USD,Wire Transfer,Pending,CHECK534934
PO0000408,V00202,2025-09-23,1680.42,USD,ACH,Completed,CHECK801447
PO0000409,V00202,2023-03-03,62.26,USD,ACH,Pending,CHECK283818
PO0000410,V00202,2023-04-29,1825.82,USD,Wire Transfer,Completed,CHECK508019
PO0000411,V00202,2024-01-31,100.32,USD,Check,Cancelled,CHECK341744
PO0000412,V00202,2024-02-07,162.87,USD,ACH,Completed,CHECK383512
PO0000413,V00202,2024-06-16,214.27,USD,Check,Completed,CHECK454638
PO0000414,V00202,2023-02-13,326.33,USD,Check,Completed,CHECK119049
PO0000415,V00202,2023-01-11,68.52,USD,Wire Transfer,Completed,CHECK215679
PO0000416,V00202,2023-06-03,904.2,USD,Check,Pending,CHECK638084
PO0000417,V00202,2023-09-20,1271.37,USD,Credit Card,Cancelled,CHECK416232
PO0000418,V00202,2023-04-24,720.22,USD,Credit Card,Pending,CHECK391499
PO0000419,V00202,2023-01-23,3504.93,USD,Check,Completed,CHECK655045
PO0000420,V00202,2024-11-23,4.21,USD,ACH,Completed,CHECK828274
PO0000421,V00202,2024-01-04,1601.48,USD,Credit Card,Completed,CHECK830098
PO0000422,V00202,2023-08-27,570.33,USD,ACH,Completed,CHECK355892
PO0000423,V00202,2025-03-11,458.81,USD,Wire Transfer,Completed,CHECK290526
PO0000424,V00202,2023-03-01,3910.82,USD,Check,Pending,CHECK914874
PO0000425,V00202,2023-10-01,206.43,USD,ACH,Pending,CHECK446487
PO0000426,V00202,2024-07-09,1084.34,USD,Wire Transfer,Completed,CHECK593709
PO0000427,V00202,2024-11-05,849.96,USD,Credit Card,Pending,CHECK611784
PO0000428,V00202,2023-04-17,809.53,USD,ACH,Completed,CHECK537550
PO0000429,V00202,2023-08-12,177.17,USD,Check,Cancelled,CHECK514384
PO0000430,V00202,2024-11-02,934.45,USD,Credit Card,Pending,CHECK321760
PO0000431,V00202,2023-01-18,299.92,USD,Credit Card,Completed,CHECK995899
PO0000432,V00202,2023-12-31,362.66,USD,Check,Completed,CHECK897545
PO0000433,V00202,2024-06-29,14.44,USD,Check,Cancelled,CHECK566933
PO0000434,V00202,2023-06-15,307.67,USD,Check,Cancelled,CHECK183711
PO0000435,V00202,2024-03-14,1093.86,USD,Check,Completed,CHECK548003
PO0000436,V00431,2024-05-24,51.84,USD,Check,Completed,CHECK965707
PO0000437,V00431,2025-12-25,1664.13,USD,Credit Card,Completed,CHECK930823
PO0000438,V00431,2023-11-28,7.66,USD,Wire Transfer,Completed,CHECK809818
PO0000439,V00431,2023-02-27,332.6,USD,ACH,Pending,CHECK307668
PO0000440,V00431,2023-06-29,671.91,USD,ACH,Completed,CHECK849180
PO0000441,V00431,2025-02-02,6692.51,USD,ACH,Completed,CHECK710943
PO0000442,V00431,2024-03-02,1796.1,USD,ACH,Cancelled,CHECK397916
PO0000443,V00431,2025-07-31,909.07,USD,Check,Completed,CHECK240271
PO0000444,V00431,2025-02-16,325.49,USD,Check,Pending,CHECK995332
PO0000445,V00105,2024-01-30,1296.91,USD,Check,Cancelled,CHECK112312
PO0000446,V00105,2025-04-26,504.79,USD,Check,Completed,CHECK513938
PO0000447,V00105,2025-12-25,1059.17,USD,ACH,Completed,CHECK424720
PO0000448,V00105,2023-12-20,177.67,USD,Wire Transfer,Completed,CHECK211946
PO0000449,V00105,2025-10-21,138.3,USD,Wire Transfer,Completed,CHECK788241
PO0000450,V00105,2023-03-08,701.12,USD,Check,Completed,CHECK537026
PO0000451,V00105,2025-01-07,952.29,USD,ACH,Completed,CHECK529201
PO0000452,V00157,2025-09-23,306.77,USD,ACH,Completed,CHECK340721
PO0000453,V00157,2025-11-09,61.15,USD,Wire Transfer,Completed,CHECK496608
PO0000454,V00157,2025-06-22,82.4,USD,Credit Card,Pending,CHECK952576
PO0000455,V00157,2024-02-12,33.12,USD,ACH,Pending,CHECK947197
PO0000456,V00157,2024-12-18,77.66,USD,Credit Card,Completed,CHECK706059
PO0000457,V00157,2024-07-01,70.52,USD,Check,Completed,CHECK609580
PO0000458,V00157,2025-02-06,2139.06,USD,Check,Completed,CHECK965665
PO0000459,V00157,2025-06-22,7.04,USD,Wire Transfer,Completed,CHECK991322
PO0000460,V00157,2023-04-28,34770.98,USD,ACH,Completed,CHECK315562
PO0000461,V00157,2024-09-16,325.74,USD,Credit Card,Completed,CHECK981162
PO0000462,V00157,2025-10-22,711.5,USD,ACH,Cancelled,CHECK337298
PO0000463,V00157,2024-06-19,128.62,USD,Check,Cancelled,CHECK411066
PO0000464,V00157,2024-07-02,141.6,USD,Wire Transfer,Completed,CHECK944920
PO0000465,V00157,2025-01-16,32.54,USD,Credit Card,Pending,CHECK367414
PO0000466,V00157,2025-10-03,15.63,USD,Wire Transfer,Completed,CHECK222882
PO0000467,V00157,2024-11-19,1305.33,USD,Check,Cancelled,CHECK614924
PO0000468,V00157,2025-04-13,112.8,USD,Wire Transfer,Pending,CHECK458981
PO0000469,V00157,2025-09-05,91.3,USD,Wire Transfer,Completed,CHECK314484
PO0000470,V00157,2023-09-05,3478.58,USD,Credit Card,Cancelled,CHECK837702
PO0000471,V00157,2023-06-21,173.84,USD,Wire Transfer,Completed,CHECK769091
PO0000472,V00157,2024-01-19,2628.2,USD,ACH,Pending,CHECK425320
PO0000473,V00157,2025-09-07,10.44,USD,ACH,Cancelled,CHECK645355
PO0000474,V00157,2024-03-30,194.12,USD,Credit Card,Completed,CHECK489111
PO0000475,V00157,2023-09-17,338.26,USD,Wire Transfer,Cancelled,CHECK108763
PO0000476,V00345,2025-04-10,5120.59,USD,Credit Card,Cancelled,CHECK478519
PO0000477,V00345,2025-05-03,6211.51,USD,Wire Transfer,Pending,CHECK798984
PO0000478,V00345,2023-11-11,36.82,USD,Credit Card,Completed,CHECK186663
PO0000479,V00345,2024-06-23,3477.52,USD,ACH,Completed,CHECK483199
PO0000480,V00345,2024-01-15,3157.53,USD,Wire Transfer,Cancelled,CHECK252330
PO0000481,V00345,2024-06-13,1560.25,USD,Wire Transfer,Completed,CHECK592000
PO0000482,V00345,2024-03-09,8001.72,USD,Wire Transfer,Completed,CHECK757755
PO0000483,V00345,2023-08-17,908.34,USD,Wire Transfer,Cancelled,CHECK433751
PO0000484,V00345,2024-03-25,17.7,USD,Credit Card,Pending,CHECK657902
PO0000485,V00345,2024-09-15,318.52,USD,Check,Cancelled,CHECK340226
PO0000486,V00345,2024-02-05,570.22,USD,Wire Transfer,Completed,CHECK596999
PO0000487,V00345,2023-12-03,355.95,USD,Check,Completed,CHECK310281
PO0000488,V00345,2024-07-02,333.26,USD,ACH,Completed,CHECK258021
PO0000489,V00345,2025-03-07,4284.18,USD,Check,Completed,CHECK306876
PO0000490,V00345,2025-07-09,48863.49,USD,Wire Transfer,Completed,CHECK131941
PO0000491,V00345,2025-07-20,6337.57,USD,Credit Card,Completed,CHECK514290
PO0000492,V00074,2024-10-23,103.04,USD,Wire Transfer,Completed,CHECK266154
PO0000493,V00074,2023-10-21,338.44,USD,Check,Completed,CHECK906793
PO0000494,V00074,2024-12-27,1238.89,USD,Credit Card,Completed,CHECK498152
PO0000495,V00074,2025-11-03,460.76,USD,Credit Card,Pending,CHECK934288
PO0000496,V00074,2023-09-19,190.72,USD,Check,Pending,CHECK947537
PO0000497,V00074,2024-05-12,448.32,USD,ACH,Completed,CHECK499073
PO0000498,V00074,2025-05-23,46.82,USD,Credit Card,Cancelled,CHECK996827
PO0000499,V00074,2023-03-30,119.79,USD,Check,Cancelled,CHECK507062
PO0000500,V00074,2024-04-26,23.9,USD,ACH,Completed,CHECK632612
PO0000501,V00074,2024-01-03,917.72,USD,ACH,Completed,CHECK883445
PO0000502,V00074,2025-07-07,704.59,USD,Credit Card,Completed,CHECK464567
PO0000503,V00307,2023-09-04,1271.78,USD,ACH,Pending,CHECK589455
PO0000504,V00307,2025-03-04,258.4,USD,Credit Card,Completed,CHECK125643
PO0000505,V00307,2024-12-28,693.08,USD,Credit Card,Completed,CHECK835509
PO0000506,V00307,2023-04-02,8650.97,USD,Credit Card,Cancelled,CHECK939032
PO0000507,V00307,2023-04-18,62.68,USD,ACH,Pending,CHECK388671
PO0000508,V00307,2025-12-23,3209.56,USD,ACH,Completed,CHECK221203
PO0000509,V00307,2023-02-05,3061.67,USD,Check,Completed,CHECK704179
PO0000510,V00307,2024-10-19,27.02,USD,Wire Transfer,Pending,CHECK956404
PO0000511,V00307,2023-03-20,1789.51,USD,Wire Transfer,Completed,CHECK977055
PO0000512,V00307,2024-09-25,1423.84,USD,Wire Transfer,Completed,CHECK191613
PO0000513,V00307,2025-04-01,44.56,USD,Wire Transfer,Pending,CHECK144932
PO0000514,V00307,2024-10-05,2432.24,USD,Wire Transfer,Completed,CHECK408061
PO0000515,V00307,2025-02-14,160.45,USD,ACH,Cancelled,CHECK411447
PO0000516,V00307,2023-01-08,1.84,USD,Wire Transfer,Completed,CHECK698137
PO0000517,V00270,2025-11-21,529.97,USD,Credit Card,Completed,CHECK838281
PO0000518,V00270,2023-07-16,258.89,USD,ACH,Pending,CHECK293787
PO0000519,V00270,2023-04-05,197.02,USD,Wire Transfer,Completed,CHECK725868
PO0000520,V00270,2025-10-18,319.64,USD,Check,Cancelled,CHECK432489
PO0000521,V00270,2023-04-07,2196.16,USD,Check,Completed,CHECK517594
PO0000522,V00270,2025-02-23,287.96,USD,Credit Card,Completed,CHECK696641
PO0000523,V00270,2024-02-29,14.16,USD,Wire Transfer,Completed,CHECK407900
PO0000524,V00270,2025-03-01,6.21,USD,ACH,Completed,CHECK174810
PO0000525,V00270,2024-02-29,116.32,USD,Credit Card,Completed,CHECK758407
PO0000526,V00270,2024-12-25,774.23,USD,Wire Transfer,Pending,CHECK354627
PO0000527,V00270,2025-08-12,1679.42,USD,ACH,Pending,CHECK518019
PO0000528,V00270,2023-08-03,46.05,USD,Wire Transfer,Cancelled,CHECK540112
PO0000529,V00270,2023-12-24,517.82,USD,ACH,Pending,CHECK927997
PO0000530,V00270,2025-02-04,2847.0,USD,Wire Transfer,Pending,CHECK719803
PO0000531,V00270,2025-09-04,575.16,USD,ACH,Cancelled,CHECK998402
PO0000532,V00270,2023-08-01,791.39,USD,Wire Transfer,Completed,CHECK722144
PO0000533,V00270,2024-09-01,3396.0,USD,Wire Transfer,Completed,CHECK893647
PO0000534,V00270,2023-11-27,7.69,USD,Check,Completed,CHECK388311
PO0000535,V00270,2024-06-08,10.37,USD,Wire Transfer,Completed,CHECK416070
PO0000536,V00270,2023-03-04,152.28,USD,Wire Transfer,Cancelled,CHECK632097
PO0000537,V00270,2024-04-30,397.97,USD,Credit Card,Completed,CHECK308161
PO0000538,V00270,2024-02-19,10.67,USD,Wire Transfer,Completed,CHECK611424
PO0000539,V00270,2023-09-13,31.77,USD,Credit Card,Cancelled,CHECK423147
PO0000540,V00270,2024-09-22,8093.35,USD,Check,Completed,CHECK879995
PO0000541,V00270,2023-11-06,22994.93,USD,ACH,Completed,CHECK666377
PO0000542,V00270,2024-10-14,109386.07,USD,Wire Transfer,Completed,CHECK258740
PO0000543,V00270,2024-11-01,1289.1,USD,ACH,Pending,CHECK246345
PO0000544,V00270,2025-11-15,415.97,USD,ACH,Completed,CHECK243808
PO0000545,V00478,2023-09-18,14184.38,USD,Credit Card,Completed,CHECK184160
PO0000546,V00478,2025-07-30,240.96,USD,ACH,Completed,CHECK120283
PO0000547,V00478,2023-09-17,1343.25,USD,ACH,Completed,CHECK468156
PO0000548,V00478,2024-07-12,45.54,USD,Credit Card,Completed,CHECK850624
PO0000549,V00478,2025-04-28,32.1,USD,Check,Completed,CHECK587511
PO0000550,V00478,2024-09-06,159.8,USD,Wire Transfer,Pending,CHECK636539
PO0000551,V00478,2023-05-14,33.29,USD,Wire Transfer,Cancelled,CHECK989399
PO0000552,V00478,2024-04-28,120.58,USD,Check,Cancelled,CHECK608209
PO0000553,V00478,2024-04-29,355.31,USD,ACH,Completed,CHECK763911
PO0000554,V00478,2023-09-18,1683.66,USD,Credit Card,Cancelled,CHECK864720
PO0000555,V00478,2023-05-25,773.64,USD,Check,Completed,CHECK398466
PO0000556,V00478,2024-09-08,626.25,USD,Credit Card,Pending,CHECK509024
PO0000557,V00478,2025-02-13,644.14,USD,ACH,Completed,CHECK467594
PO0000558,V00478,2023-10-14,120.11,USD,ACH,Completed,CHECK192183
PO0000559,V00478,2023-12-23,2077.12,USD,Credit Card,Cancelled,CHECK408275
PO0000560,V00478,2025-05-27,21.68,USD,Check,Completed,CHECK205325
PO0000561,V00478,2024-08-21,50.81,USD,ACH,Cancelled,CHECK906948
PO0000562,V00478,2024-10-07,2308.69,USD,ACH,Completed,CHECK870632
PO0000563,V00478,2023-04-11,33.35,USD,Wire Transfer,Cancelled,CHECK320205
PO0000564,V00434,2025-06-08,255.08,USD,Credit Card,Completed,CHECK660153
PO0000565,V00434,2025-06-11,1613.78,USD,Credit Card,Completed,CHECK305959
PO0000566,V00434,2024-12-24,27.87,USD,Check,Completed,CHECK403552
PO0000567,V00434,2023-12-29,59.48,USD,Credit Card,Completed,CHECK709979
PO0000568,V00434,2024-06-28,176.0,USD,Credit Card,Pending,CHECK340523
PO0000569,V00434,2024-02-16,214.63,USD,ACH,Completed,CHECK881366
PO0000570,V00434,2023-09-11,13667.99,USD,ACH,Completed,CHECK511106
PO0000571,V00434,2023-07-19,182.05,USD,Check,Completed,CHECK814287
PO0000572,V00434,2025-08-07,39.65,USD,Check,Completed,CHECK651179
PO0000573,V00434,2024-12-14,480.31,USD,Check,Completed,CHECK899613
PO0000574,V00434,2025-07-05,49.8,USD,Check,Completed,CHECK479212
PO0000575,V00434,2023-06-22,709.26,USD,Wire Transfer,Completed,CHECK820146
PO0000576,V00434,2023-02-26,2081.12,USD,Wire Transfer,Completed,CHECK675681
PO0000577,V00434,2024-08-24,252.99,USD,Credit Card,Completed,CHECK876238
PO0000578,V00434,2024-04-22,594.52,USD,Credit Card,Pending,CHECK356081
PO0000579,V00434,2023-02-04,401.35,USD,ACH,Completed,CHECK574940
PO0000580,V00434,2025-09-03,66.08,USD,Credit Card,Cancelled,CHECK196093
PO0000581,V00434,2024-07-05,396.96,USD,Wire Transfer,Completed,CHECK600659
PO0000582,V00434,2024-12-06,57.31,USD,Credit Card,Completed,CHECK579405
PO0000583,V00434,2023-05-10,181.51,USD,Wire Transfer,Completed,CHECK999436
PO0000584,V00434,2024-07-03,513.33,USD,Wire Transfer,Completed,CHECK690775
PO0000585,V00434,2024-01-25,4783.04,USD,Check,Completed,CHECK885515
PO0000586,V00434,2025-06-08,382.82,USD,Wire Transfer,Cancelled,CHECK585866
PO0000587,V00434,2025-07-20,4739.35,USD,Check,Completed,CHECK309203
PO0000588,V00434,2024-12-11,27.94,USD,Check,Completed,CHECK188289
PO0000589,V00434,2025-02-25,667.05,USD,Check,Completed,CHECK591557
PO0000590,V00434,2025-09-10,1440.99,USD,Wire Transfer,Completed,CHECK342361
PO0000591,V00434,2024-11-25,1266.34,USD,Wire Transfer,Cancelled,CHECK381437
PO0000592,V00434,2023-03-20,18056.66,USD,Wire Transfer,Cancelled,CHECK763342
PO0000593,V00045,2023-11-17,6.8,USD,Wire Transfer,Cancelled,CHECK465623
PO0000594,V00045,2025-04-18,2.8,USD,Wire Transfer,Completed,CHECK478049
PO0000595,V00045,2024-01-20,380.73,USD,ACH,Completed,CHECK981244
PO0000596,V00045,2023-12-13,634.94,USD,Check,Cancelled,CHECK537761
PO0000597,V00045,2025-07-03,619.69,USD,ACH,Pending,CHECK422672
PO0000598,V00045,2025-03-22,294.36,USD,Wire Transfer,Completed,CHECK843702
PO0000599,V00045,2023-09-06,599.13,USD,ACH,Cancelled,CHECK192721
PO0000600,V00045,2023-05-20,292.89,USD,ACH,Completed,CHECK504151
PO0000601,V00045,2024-05-31,291.15,USD,Credit Card,Completed,CHECK961290
PO0000602,V00045,2023-05-15,36.96,USD,Wire Transfer,Completed,CHECK278635
PO0000603,V00045,2025-02-09,448.28,USD,Check,Pending,CHECK943233
PO0000604,V00045,2023-08-28,4529.69,USD,Credit Card,Pending,CHECK996626
PO0000605,V00045,2024-03-26,306.9,USD,Check,Cancelled,CHECK968974
PO0000606,V00045,2023-05-06,707.09,USD,Credit Card,Pending,CHECK143682
PO0000607,V00045,2024-09-15,2410.82,USD,Wire Transfer,Completed,CHECK384714
PO0000608,V00045,2025-11-06,20.51,USD,ACH,Completed,CHECK564100
PO0000609,V00045,2025-11-18,2198.66,USD,Check,Pending,CHECK653669
PO0000610,V00045,2024-06-19,633.6,USD,Wire Transfer,Completed,CHECK293527
PO0000611,V00045,2023-06-16,384.94,USD,ACH,Pending,CHECK192526
PO0000612,V00045,2024-07-28,17667.33,USD,Check,Pending,CHECK986376
PO0000613,V00045,2025-08-16,110.02,USD,Check,Cancelled,CHECK562040
PO0000614,V00045,2023-12-11,146.28,USD,ACH,Cancelled,CHECK979437
PO0000615,V00045,2024-03-27,21.57,USD,ACH,Completed,CHECK462525
PO0000616,V00045,2023-08-18,152.53,USD,Check,Pending,CHECK382809
PO0000617,V00330,2023-11-19,71.68,USD,Wire Transfer,Completed,CHECK974965
PO0000618,V00341,2024-03-07,85.03,USD,Wire Transfer,Completed,CHECK917312
PO0000619,V00387,2023-03-13,6.42,USD,Check,Completed,CHECK614996
PO0000620,V00387,2025-06-16,63.39,USD,Wire Transfer,Completed,CHECK567964
PO0000621,V00387,2023-01-15,468.07,USD,Check,Completed,CHECK711949
PO0000622,V00387,2025-01-04,727.26,USD,Credit Card,Completed,CHECK344892
PO0000623,V00387,2025-11-26,53.88,USD,Credit Card,Completed,CHECK285027
PO0000624,V00387,2023-03-11,3946.45,USD,Wire Transfer,Completed,CHECK364668
PO0000625,V00387,2024-10-24,74.73,USD,Wire Transfer,Pending,CHECK581847
PO0000626,V00387,2023-05-24,1022.1,USD,Check,Completed,CHECK215504
PO0000627,V00387,2025-11-27,2052.62,USD,ACH,Completed,CHECK129895
PO0000628,V00387,2025-04-06,319.8,USD,Wire Transfer,Completed,CHECK488968
PO0000629,V00387,2023-05-14,63.7,USD,ACH,Completed,CHECK727075
PO0000630,V00387,2024-08-14,53.57,USD,Check,Pending,CHECK952995
PO0000631,V00387,2024-04-22,5714.33,USD,ACH,Completed,CHECK145245
PO0000632,V00387,2025-01-29,240.13,USD,ACH,Cancelled,CHECK740365
PO0000633,V00387,2025-06-20,29.91,USD,ACH,Cancelled,CHECK448280
PO0000634,V00387,2024-05-18,3708.81,USD,ACH,Pending,CHECK328731
PO0000635,V00387,2023-02-03,1502.13,USD,ACH,Completed,CHECK492459
PO0000636,V00387,2025-06-16,1473.81,USD,Credit Card,Completed,CHECK535892
PO0000637,V00387,2025-08-25,288.16,USD,Check,Completed,CHECK164979
PO0000638,V00387,2025-05-01,23.79,USD,Credit Card,Pending,CHECK713993
PO0000639,V00387,2024-10-12,475.88,USD,ACH,Completed,CHECK733200
PO0000640,V00387,2025-05-12,11105.17,USD,Check,Pending,CHECK201368
PO0000641,V00387,2025-08-07,34.28,USD,Check,Completed,CHECK833268
PO0000642,V00387,2024-03-01,1939.1,USD,Wire Transfer,Completed,CHECK466820
PO0000643,V00387,2025-04-13,14791.18,USD,Check,Completed,CHECK372202
PO0000644,V00181,2025-07-17,151.21,USD,Credit Card,Cancelled,CHECK296549
PO0000645,V00181,2025-01-18,299.66,USD,ACH,Cancelled,CHECK734789
PO0000646,V00181,2025-04-26,8040.65,USD,Credit Card,Cancelled,CHECK611407
PO0000647,V00181,2024-07-15,119.55,USD,Check,Completed,CHECK949428
PO0000648,V00290,2024-05-21,160.09,USD,Check,Completed,CHECK892427
PO0000649,V00290,2025-03-29,162.53,USD,ACH,Completed,CHECK558632
PO0000650,V00290,2024-12-13,1243.74,USD,Credit Card,Pending,CHECK959136
PO0000651,V00290,2023-08-16,282.94,USD,Wire Transfer,Completed,CHECK308266
PO0000652,V00290,2025-09-22,11007.33,USD,ACH,Cancelled,CHECK579173
PO0000653,V00290,2023-02-07,7574.84,USD,ACH,Pending,CHECK999195
PO0000654,V00290,2023-11-07,23140.93,USD,Credit Card,Pending,CHECK766996
PO0000655,V00290,2024-02-09,1314.22,USD,Check,Cancelled,CHECK235964
PO0000656,V00290,2024-08-03,2307.11,USD,Check,Completed,CHECK792054
PO0000657,V00290,2024-08-07,2057.3,USD,ACH,Completed,CHECK436948
PO0000658,V00290,2024-04-05,1293.38,USD,Wire Transfer,Pending,CHECK535416
PO0000659,V00290,2025-10-08,164.66,USD,Check,Pending,CHECK381787
PO0000660,V00290,2024-11-22,273.78,USD,ACH,Completed,CHECK319857
PO0000661,V00290,2025-08-03,1342.03,USD,Check,Completed,CHECK230813
PO0000662,V00290,2023-03-18,91.8,USD,ACH,Cancelled,CHECK568516
PO0000663,V00290,2024-03-06,3028.7,USD,ACH,Pending,CHECK720666
PO0000664,V00290,2024-12-10,883.64,USD,ACH,Completed,CHECK502619
PO0000665,V00290,2025-04-17,1135.53,USD,Check,Completed,CHECK957580
PO0000666,V00290,2024-03-03,10998.07,USD,Wire Transfer,Completed,CHECK996065
PO0000667,V00290,2025-03-26,676.35,USD,ACH,Completed,CHECK433058
PO0000668,V00290,2025-05-17,221.49,USD,Credit Card,Completed,CHECK332282
PO0000669,V00290,2024-06-02,6034.6,USD,ACH,Completed,CHECK601948
PO0000670,V00290,2025-04-19,1186.99,USD,ACH,Completed,CHECK674497
PO0000671,V00505,2025-01-29,6411.15,USD,Check,Cancelled,CHECK347198
PO0000672,V00505,2025-11-17,396.5,USD,Credit Card,Completed,CHECK837833
PO0000673,V00505,2025-02-04,1898.15,USD,Check,Cancelled,CHECK138401
PO0000674,V00505,2024-08-07,998.33,USD,Check,Completed,CHECK192801
PO0000675,V00505,2023-07-07,4.18,USD,Check,Completed,CHECK313803
PO0000676,V00505,2024-07-04,340.6,USD,Check,Completed,CHECK728034
PO0000677,V00505,2025-12-27,663.78,USD,Check,Completed,CHECK119969
PO0000678,V00505,2023-04-21,329.53,USD,Credit Card,Completed,CHECK271740
PO0000679,V00505,2024-10-06,22.82,USD,Check,Completed,CHECK868806
PO0000680,V00505,2023-01-07,7358.14,USD,ACH,Completed,CHECK921370
PO0000681,V00505,2025-02-28,308.76,USD,Wire Transfer,Completed,CHECK240112
PO0000682,V00505,2023-11-15,39.4,USD,ACH,Completed,CHECK851533
PO0000683,V00505,2024-12-13,102.03,USD,Credit Card,Pending,CHECK265159
PO0000684,V00505,2025-07-15,538.12,USD,Check,Completed,CHECK726017
PO0000685,V00505,2025-01-06,124.99,USD,Check,Cancelled,CHECK726412
PO0000686,V00505,2024-03-28,64.65,USD,Check,Completed,CHECK827081
PO0000687,V00505,2023-07-02,15268.73,USD,ACH,Pending,CHECK136265
PO0000688,V00505,2025-11-26,184.43,USD,ACH,Cancelled,CHECK722614
PO0000689,V00505,2024-06-22,705.76,USD,Check,Completed,CHECK728856
PO0000690,V00505,2025-01-22,854.67,USD,Wire Transfer,Completed,CHECK160772
PO0000691,V00505,2025-05-18,1406.84,USD,Wire Transfer,Completed,CHECK460708
PO0000692,V00505,2025-05-09,66.08,USD,Check,Completed,CHECK394106
PO0000693,V00505,2025-08-07,2480.4,USD,Wire Transfer,Completed,CHECK673382
PO0000694,V00505,2023-07-29,50.08,USD,Wire Transfer,Pending,CHECK804825
PO0000695,V00505,2023-07-06,1228.78,USD,Wire Transfer,Pending,CHECK979823
PO0000696,V00505,2025-08-06,1031.32,USD,Check,Completed,CHECK470544
PO0000697,V00505,2025-12-05,2002.52,USD,ACH,Completed,CHECK130339
PO0000698,V00505,2023-11-02,8936.23,USD,Wire Transfer,Pending,CHECK634185
PO0000699,V00505,2025-06-20,608.01,USD,Credit Card,Pending,CHECK132419
PO0000700,V00477,2025-04-23,70.12,USD,Check,Completed,CHECK656514
PO0000701,V00309,2024-10-04,2692.74,USD,ACH,Completed,CHECK804710
PO0000702,V00309,2023-04-14,454.33,USD,Wire Transfer,Completed,CHECK916726
PO0000703,V00309,2024-02-19,54.45,USD,Wire Transfer,Cancelled,CHECK971151
PO0000704,V00309,2024-12-22,17.4,USD,Check,Completed,CHECK725228
PO0000705,V00309,2024-12-24,40.33,USD,Check,Pending,CHECK893088
PO0000706,V00322,2025-04-19,591.12,USD,Credit Card,Pending,CHECK678111
PO0000707,V00322,2025-04-10,1586.58,USD,ACH,Completed,CHECK578054
PO0000708,V00322,2024-10-02,18179.26,USD,Wire Transfer,Completed,CHECK724762
PO0000709,V00322,2023-11-22,1045.8,USD,ACH,Completed,CHECK611493
PO0000710,V00322,2025-02-11,19.52,USD,Check,Completed,CHECK631710
PO0000711,V00322,2024-08-24,89.82,USD,Check,Pending,CHECK953718
PO0000712,V00027,2024-09-13,1364.38,USD,Check,Completed,CHECK349539
PO0000713,V00027,2023-08-14,1978.11,USD,Check,Cancelled,CHECK635582
PO0000714,V00027,2023-03-18,32.79,USD,ACH,Completed,CHECK359420
PO0000715,V00027,2024-06-09,295.38,USD,ACH,Cancelled,CHECK248526
PO0000716,V00027,2025-01-03,2117.98,USD,ACH,Completed,CHECK499152
PO0000717,V00027,2023-04-03,231.86,USD,Wire Transfer,Completed,CHECK721911
PO0000718,V00027,2024-08-06,1025.73,USD,Credit Card,Completed,CHECK347985
PO0000719,V00027,2025-07-12,1287.18,USD,Wire Transfer,Completed,CHECK775647
PO0000720,V00027,2025-01-27,80017.81,USD,Check,Completed,CHECK512579
PO0000721,V00027,2024-10-25,243.05,USD,Wire Transfer,Completed,CHECK570963
PO0000722,V00027,2025-09-08,7232.53,USD,Check,Cancelled,CHECK482177
PO0000723,V00027,2025-08-15,93.89,USD,Credit Card,Cancelled,CHECK464826
PO0000724,V00027,2025-09-27,77.6,USD,Credit Card,Completed,CHECK863359
PO0000725,V00027,2023-02-13,2710.34,USD,Wire Transfer,Completed,CHECK980822
PO0000726,V00027,2023-05-10,235.94,USD,Wire Transfer,Completed,CHECK509087
PO0000727,V00027,2024-06-25,182.96,USD,Check,Completed,CHECK773040
PO0000728,V00027,2025-05-01,49.97,USD,ACH,Cancelled,CHECK246244
PO0000729,V00027,2023-11-11,4191.63,USD,Check,Pending,CHECK235644
PO0000730,V00027,2025-02-18,153.67,USD,Check,Cancelled,CHECK525986
PO0000731,V00027,2024-08-03,569.97,USD,ACH,Cancelled,CHECK118424
PO0000732,V00027,2023-06-25,285.86,USD,Wire Transfer,Completed,CHECK344660
PO0000733,V00027,2025-11-15,53715.94,USD,Check,Completed,CHECK916049
PO0000734,V00027,2025-05-14,27.64,USD,Wire Transfer,Completed,CHECK711511
PO0000735,V00027,2025-09-30,495.2,USD,ACH,Completed,CHECK681380
PO0000736,V00428,2024-12-27,349.59,USD,Credit Card,Cancelled,CHECK226119
PO0000737,V00428,2024-06-05,3984.42,USD,ACH,Completed,CHECK440878
PO0000738,V00428,2025-12-16,41.35,USD,Credit Card,Completed,CHECK144501
PO0000739,V00428,2023-09-16,4347.76,USD,Credit Card,Pending,CHECK305297
PO0000740,V00428,2024-12-21,317.2,USD,Check,Completed,CHECK393972
PO0000741,V00428,2023-11-05,702.6,USD,Credit Card,Completed,CHECK612636
PO0000742,V00428,2023-05-24,34.42,USD,Credit Card,Cancelled,CHECK304690
PO0000743,V00428,2023-07-10,5.1,USD,ACH,Completed,CHECK223003
PO0000744,V00428,2023-07-21,1372.77,USD,Credit Card,Cancelled,CHECK401496
PO0000745,V00428,2023-08-30,1394.89,USD,Credit Card,Completed,CHECK348378
PO0000746,V00428,2025-05-03,27.02,USD,Wire Transfer,Completed,CHECK449747
PO0000747,V00428,2024-10-29,1029.75,USD,Credit Card,Completed,CHECK900865
PO0000748,V00428,2025-12-07,98.51,USD,ACH,Completed,CHECK308075
PO0000749,V00428,2023-09-29,148.8,USD,Credit Card,Completed,CHECK826571
PO0000750,V00428,2024-10-27,981.34,USD,Wire Transfer,Completed,CHECK786627
PO0000751,V00428,2023-07-26,364.1,USD,Credit Card,Completed,CHECK957454
PO0000752,V00428,2023-06-27,1077.13,USD,ACH,Completed,CHECK293205
PO0000753,V00428,2024-03-26,681.01,USD,ACH,Cancelled,CHECK404504
PO0000754,V00428,2025-04-07,139.45,USD,Wire Transfer,Completed,CHECK964555
PO0000755,V00428,2024-09-05,75.16,USD,ACH,Cancelled,CHECK345851
PO0000756,V00428,2023-02-12,289.5,USD,Wire Transfer,Completed,CHECK275436
PO0000757,V00428,2023-09-05,234.57,USD,Credit Card,Completed,CHECK538877
PO0000758,V00428,2024-12-26,22.71,USD,Wire Transfer,Pending,CHECK149335
PO0000759,V00428,2024-01-29,2.72,USD,Credit Card,Cancelled,CHECK587777
PO0000760,V00428,2025-12-31,116.94,USD,Wire Transfer,Completed,CHECK653915
PO0000761,V00428,2025-01-28,190.34,USD,Check,Completed,CHECK564111
PO0000762,V00428,2023-07-29,99.33,USD,Credit Card,Pending,CHECK971152
PO0000763,V00324,2025-04-13,521.16,USD,ACH,Completed,CHECK332068
PO0000764,V00324,2025-05-30,9023.29,USD,Wire Transfer,Cancelled,CHECK173145
PO0000765,V00324,2025-06-26,67.55,USD,ACH,Cancelled,CHECK275565
PO0000766,V00324,2025-04-19,93.6,USD,Credit Card,Cancelled,CHECK170252
PO0000767,V00324,2024-10-04,657.36,USD,Wire Transfer,Pending,CHECK695642
PO0000768,V00324,2025-12-17,263.22,USD,Wire Transfer,Cancelled,CHECK746027
PO0000769,V00324,2025-04-21,825.2,USD,Credit Card,Completed,CHECK528681
PO0000770,V00324,2024-01-20,10.99,USD,Credit Card,Completed,CHECK602060
PO0000771,V00324,2023-04-19,6043.62,USD,Wire Transfer,Completed,CHECK633946
PO0000772,V00324,2025-03-02,48.61,USD,Check,Cancelled,CHECK202591
PO0000773,V00324,2025-06-05,455.34,USD,Wire Transfer,Completed,CHECK410224
PO0000774,V00324,2023-03-31,309.31,USD,Wire Transfer,Pending,CHECK818122
PO0000775,V00324,2023-01-12,39.94,USD,ACH,Completed,CHECK269410
PO0000776,V00201,2023-09-02,2809.61,USD,Wire Transfer,Cancelled,CHECK959095
PO0000777,V00201,2025-04-10,298.28,USD,Check,Cancelled,CHECK877786
PO0000778,V00201,2023-02-16,598.05,USD,Wire Transfer,Cancelled,CHECK353234
PO0000779,V00201,2024-09-24,72883.82,USD,Check,Completed,CHECK358389
PO0000780,V00201,2025-08-24,319.9,USD,Credit Card,Completed,CHECK991066
PO0000781,V00201,2023-10-28,320.64,USD,ACH,Completed,CHECK453890
PO0000782,V00201,2023-07-31,146.34,USD,ACH,Cancelled,CHECK653256
PO0000783,V00201,2025-01-27,1380.92,USD,Credit Card,Pending,CHECK357935
PO0000784,V00201,2025-06-24,596.76,USD,Credit Card,Completed,CHECK649303
PO0000785,V00201,2024-11-11,355.87,USD,ACH,Cancelled,CHECK706605
PO0000786,V00201,2025-12-21,52.4,USD,Credit Card,Cancelled,CHECK268090
PO0000787,V00201,2023-03-20,3583.19,USD,Wire Transfer,Pending,CHECK421845
PO0000788,V00201,2023-07-14,42407.97,USD,Wire Transfer,Cancelled,CHECK511316
PO0000789,V00201,2023-01-31,4443.92,USD,ACH,Pending,CHECK833635
PO0000790,V00201,2025-07-29,9118.11,USD,ACH,Completed,CHECK152419
PO0000791,V00201,2024-12-27,63782.12,USD,Credit Card,Completed,CHECK470197
PO0000792,V00201,2024-06-06,104.91,USD,Check,Cancelled,CHECK502888
PO0000793,V00201,2023-01-27,50.15,USD,Credit Card,Pending,CHECK196176
PO0000794,V00201,2024-04-24,152.82,USD,Wire Transfer,Pending,CHECK316882
PO0000795,V00201,2024-02-29,236.06,USD,ACH,Completed,CHECK231014
PO0000796,V00201,2023-11-06,1100.19,USD,ACH,Cancelled,CHECK941842
PO0000797,V00201,2023-01-16,93.29,USD,ACH,Cancelled,CHECK887033
PO0000798,V00201,2024-05-21,2664.3,USD,Check,Completed,CHECK743984
PO0000799,V00201,2024-06-30,454.68,USD,ACH,Cancelled,CHECK371433
PO0000800,V00201,2024-06-28,500.54,USD,ACH,Completed,CHECK508676
PO0000801,V00201,2024-08-20,356.56,USD,Check,Completed,CHECK474453
PO0000802,V00201,2024-09-01,453.9,USD,ACH,Pending,CHECK666611
PO0000803,V00201,2024-02-26,51.71,USD,Wire Transfer,Completed,CHECK304484
PO0000804,V00201,2024-02-09,1264.33,USD,Credit Card,Completed,CHECK771650
PO0000805,V00200,2025-01-24,22771.7,USD,ACH,Completed,CHECK516588
PO0000806,V00200,2023-03-11,118.84,USD,ACH,Completed,CHECK834596
PO0000807,V00200,2025-07-10,118.45,USD,Credit Card,Completed,CHECK522030
PO0000808,V00200,2024-11-05,632.78,USD,Wire Transfer,Pending,CHECK620565
PO0000809,V00200,2024-07-24,318.32,USD,Wire Transfer,Cancelled,CHECK539166
PO0000810,V00200,2024-08-16,104.28,USD,Wire Transfer,Completed,CHECK101823
PO0000811,V00200,2025-10-05,760.0,USD,Wire Transfer,Completed,CHECK286277
PO0000812,V00200,2025-02-11,1193.92,USD,Credit Card,Cancelled,CHECK881278
PO0000813,V00200,2023-01-09,328.4,USD,Credit Card,Completed,CHECK469806
PO0000814,V00200,2024-12-12,580.74,USD,Check,Pending,CHECK698583
PO0000815,V00200,2024-04-10,24.21,USD,Wire Transfer,Pending,CHECK815013
PO0000816,V00197,2024-08-18,584.57,USD,Credit Card,Completed,CHECK411776
PO0000817,V00197,2024-01-23,768.72,USD,Wire Transfer,Completed,CHECK649397
PO0000818,V00197,2024-09-07,576.95,USD,Wire Transfer,Completed,CHECK243875
PO0000819,V00197,2024-09-01,3.77,USD,ACH,Cancelled,CHECK129513
PO0000820,V00197,2024-08-02,796.2,USD,Credit Card,Completed,CHECK175443
PO0000821,V00197,2025-04-21,408.87,USD,Credit Card,Cancelled,CHECK211289
PO0000822,V00197,2024-10-07,46.0,USD,ACH,Completed,CHECK482323
PO0000823,V00197,2025-02-10,33.45,USD,ACH,Completed,CHECK692046
PO0000824,V00197,2024-11-03,655.14,USD,ACH,Pending,CHECK446213
PO0000825,V00084,2024-02-15,1790.91,USD,Wire Transfer,Pending,CHECK191795
PO0000826,V00084,2025-09-30,2195.97,USD,Wire Transfer,Completed,CHECK224167
PO0000827,V00084,2025-01-27,23265.23,USD,Wire Transfer,Pending,CHECK642320
PO0000828,V00084,2025-01-25,61.14,USD,Wire Transfer,Cancelled,CHECK644978
PO0000829,V00084,2023-12-28,118.16,USD,Credit Card,Completed,CHECK593459
PO0000830,V00084,2023-07-24,35.2,USD,Wire Transfer,Pending,CHECK494646
PO0000831,V00084,2025-09-30,606.89,USD,ACH,Completed,CHECK857643
PO0000832,V00084,2023-08-07,36.63,USD,Check,Completed,CHECK411426
PO0000833,V00084,2025-04-11,5577.82,USD,ACH,Pending,CHECK362305
PO0000834,V00084,2023-02-18,1495.87,USD,ACH,Cancelled,CHECK430591
PO0000835,V00084,2024-01-12,106.45,USD,Check,Cancelled,CHECK771496
PO0000836,V00084,2024-05-03,405.76,USD,Credit Card,Cancelled,CHECK558924
PO0000837,V00084,2024-11-16,14.35,USD,Credit Card,Completed,CHECK269232
PO0000838,V00084,2025-12-13,1058.03,USD,Check,Completed,CHECK135209
PO0000839,V00084,2025-07-21,73.81,USD,Check,Completed,CHECK750604
PO0000840,V00084,2025-03-31,636.09,USD,Wire Transfer,Pending,CHECK918571
PO0000841,V00084,2023-04-16,437.25,USD,ACH,Completed,CHECK437713
PO0000842,V00084,2023-08-04,47.46,USD,ACH,Completed,CHECK502551
PO0000843,V00084,2024-10-05,3688.83,USD,Credit Card,Completed,CHECK925762
PO0000844,V00084,2023-06-28,205.18,USD,Check,Cancelled,CHECK489266
PO0000845,V00218,2024-01-12,846.48,USD,ACH,Cancelled,CHECK388480
PO0000846,V00218,2024-05-30,802.49,USD,Check,Pending,CHECK892002
PO0000847,V00218,2025-09-03,152.03,USD,Credit Card,Completed,CHECK737876
PO0000848,V00218,2025-08-24,1597.27,USD,Credit Card,Cancelled,CHECK343492
PO0000849,V00218,2025-03-17,512.49,USD,Credit Card,Completed,CHECK419234
PO0000850,V00087,2024-12-12,566.47,USD,Credit Card,Cancelled,CHECK107126
PO0000851,V00087,2023-06-05,924.01,USD,Wire Transfer,Completed,CHECK106041
PO0000852,V00087,2025-04-10,822.23,USD,Credit Card,Completed,CHECK267778
PO0000853,V00087,2024-12-13,506.41,USD,ACH,Completed,CHECK951027
PO0000854,V00087,2023-11-23,811.68,USD,Check,Cancelled,CHECK769692
PO0000855,V00087,2023-07-09,339.22,USD,Credit Card,Completed,CHECK830298
PO0000856,V00087,2025-03-29,10562.84,USD,Credit Card,Completed,CHECK998531
PO0000857,V00087,2025-05-23,41.89,USD,Check,Completed,CHECK209534
PO0000858,V00087,2024-12-21,18606.81,USD,Check,Completed,CHECK265843
PO0000859,V00087,2023-11-04,98.0,USD,Check,Cancelled,CHECK178458
PO0000860,V00087,2023-10-28,17.72,USD,Wire Transfer,Completed,CHECK271449
PO0000861,V00087,2023-01-14,3337.35,USD,ACH,Cancelled,CHECK108202
PO0000862,V00087,2024-08-27,327.7,USD,Check,Completed,CHECK582881
PO0000863,V00087,2023-06-19,1119.83,USD,ACH,Completed,CHECK963575
PO0000864,V00141,2024-08-22,93.75,USD,Check,Completed,CHECK607109
PO0000865,V00141,2023-07-08,454.55,USD,ACH,Completed,CHECK869410
PO0000866,V00141,2024-07-10,113.78,USD,Wire Transfer,Completed,CHECK831288
PO0000867,V00141,2023-02-26,602.59,USD,Credit Card,Pending,CHECK397223
PO0000868,V00141,2025-02-24,1103.04,USD,Credit Card,Pending,CHECK530274
PO0000869,V00141,2023-02-24,1077.31,USD,Wire Transfer,Completed,CHECK735976
PO0000870,V00141,2025-03-10,59.71,USD,ACH,Cancelled,CHECK102067
PO0000871,V00141,2024-03-14,76.69,USD,Wire Transfer,Completed,CHECK762179
PO0000872,V00141,2023-08-09,546.03,USD,Credit Card,Completed,CHECK348988
PO0000873,V00141,2025-09-30,198.68,USD,Check,Completed,CHECK639454
PO0000874,V00141,2023-10-07,78.83,USD,Credit Card,Completed,CHECK994095
PO0000875,V00141,2024-04-23,751.19,USD,ACH,Pending,CHECK606404
PO0000876,V00141,2025-01-26,1940.54,USD,Wire Transfer,Cancelled,CHECK239604
PO0000877,V00141,2023-06-24,92.95,USD,Credit Card,Completed,CHECK753078
PO0000878,V00141,2023-09-15,133.11,USD,Check,Completed,CHECK473674
PO0000879,V00141,2024-07-27,582.4,USD,Credit Card,Cancelled,CHECK574309
PO0000880,V00141,2024-07-08,456.84,USD,Credit Card,Cancelled,CHECK167535
PO0000881,V00141,2025-10-28,275.68,USD,Wire Transfer,Completed,CHECK462467
PO0000882,V00141,2025-03-12,127.98,USD,Credit Card,Completed,CHECK139075
PO0000883,V00141,2024-03-12,73.94,USD,Wire Transfer,Completed,CHECK342005
PO0000884,V00160,2025-10-31,18222.45,USD,Credit Card,Cancelled,CHECK769236
PO0000885,V00160,2024-10-01,1031.57,USD,ACH,Pending,CHECK284624
PO0000886,V00160,2023-12-03,532.83,USD,Check,Pending,CHECK847049
PO0000887,V00160,2024-10-06,925.06,USD,ACH,Cancelled,CHECK167551
PO0000888,V00160,2023-08-28,1860.29,USD,Credit Card,Cancelled,CHECK403510
PO0000889,V00160,2024-03-16,478.77,USD,ACH,Completed,CHECK730006
PO0000890,V00160,2024-05-03,12.07,USD,Credit Card,Completed,CHECK159043
PO0000891,V00160,2024-11-16,300.74,USD,Credit Card,Completed,CHECK178181
PO0000892,V00160,2024-01-03,16.29,USD,Wire Transfer,Completed,CHECK754251
PO0000893,V00160,2025-02-12,6619.77,USD,ACH,Completed,CHECK345583
PO0000894,V00160,2023-03-03,2285.68,USD,Check,Completed,CHECK972444
PO0000895,V00160,2023-01-20,4198.98,USD,Credit Card,Pending,CHECK334617
PO0000896,V00160,2023-12-07,51.16,USD,Check,Completed,CHECK349103
PO0000897,V00160,2025-02-20,1015.72,USD,Credit Card,Cancelled,CHECK905744
PO0000898,V00160,2024-05-14,236.22,USD,Credit Card,Pending,CHECK315988
PO0000899,V00160,2025-03-21,1365.53,USD,Wire Transfer,Completed,CHECK580549
PO0000900,V00160,2025-06-01,140.42,USD,ACH,Completed,CHECK820989
PO0000901,V00160,2023-10-13,259.67,USD,Wire Transfer,Pending,CHECK395373
PO0000902,V00160,2023-07-18,551.97,USD,Check,Completed,CHECK174496
PO0000903,V00160,2024-12-25,3554.43,USD,Check,Pending,CHECK177037
PO0000904,V00072,2024-10-06,1223.15,USD,Credit Card,Cancelled,CHECK532612
PO0000905,V00072,2025-06-20,425.99,USD,Wire Transfer,Pending,CHECK179700
PO0000906,V00072,2023-10-13,3252.96,USD,Wire Transfer,Completed,CHECK825616
PO0000907,V00072,2023-11-12,18.46,USD,Check,Completed,CHECK625503
PO0000908,V00072,2024-06-21,25.94,USD,ACH,Cancelled,CHECK691964
PO0000909,V00072,2023-02-26,195.73,USD,Check,Completed,CHECK714411
PO0000910,V00072,2025-12-01,899.27,USD,Wire Transfer,Completed,CHECK721734
PO0000911,V00072,2023-04-14,387.65,USD,ACH,Completed,CHECK406515
PO0000912,V00072,2023-04-09,311.37,USD,Credit Card,Pending,CHECK556823
PO0000913,V00072,2024-04-09,2366.97,USD,ACH,Completed,CHECK300433
PO0000914,V00072,2024-12-23,68.53,USD,Check,Pending,CHECK495324
PO0000915,V00072,2023-09-22,69.48,USD,Wire Transfer,Cancelled,CHECK653227
PO0000916,V00072,2025-02-27,59.29,USD,Wire Transfer,Completed,CHECK565583
PO0000917,V00072,2025-10-11,78.46,USD,Credit Card,Completed,CHECK419320
PO0000918,V00072,2025-07-05,13.81,USD,Check,Completed,CHECK120212
PO0000919,V00072,2023-08-09,557.36,USD,Check,Cancelled,CHECK189641
PO0000920,V00072,2025-07-16,108.52,USD,Check,Completed,CHECK826134
PO0000921,V00072,2024-07-23,585.94,USD,Credit Card,Completed,CHECK518119
PO0000922,V00072,2024-09-07,593.67,USD,Credit Card,Cancelled,CHECK606194
PO0000923,V00072,2023-05-10,411.65,USD,Check,Cancelled,CHECK380959
PO0000924,V00072,2023-08-28,597.23,USD,Credit Card,Cancelled,CHECK371038
PO0000925,V00072,2024-04-25,1118.4,USD,Check,Completed,CHECK365419
PO0000926,V00072,2023-11-22,148.54,USD,Wire Transfer,Completed,CHECK102123
PO0000927,V00072,2025-09-21,124.32,USD,Wire Transfer,Completed,CHECK181735
PO0000928,V00072,2023-10-22,1680.45,USD,Check,Cancelled,CHECK606664
PO0000929,V00072,2023-07-16,243.86,USD,ACH,Completed,CHECK902921
PO0000930,V00072,2025-08-07,623.93,USD,Check,Cancelled,CHECK589349
PO0000931,V00072,2023-02-12,8238.49,USD,Wire Transfer,Completed,CHECK676919
PO0000932,V00432,2024-09-18,3474.28,USD,Check,Cancelled,CHECK517641
PO0000933,V00432,2023-02-04,537.79,USD,Wire Transfer,Completed,CHECK503095
PO0000934,V00432,2023-11-02,79.16,USD,ACH,Completed,CHECK465802
PO0000935,V00432,2024-12-18,693.43,USD,Wire Transfer,Completed,CHECK298073
PO0000936,V00432,2023-03-30,5568.48,USD,ACH,Completed,CHECK419379
PO0000937,V00432,2023-10-06,933.0,USD,ACH,Cancelled,CHECK983634
PO0000938,V00432,2025-02-22,2366.29,USD,Check,Pending,CHECK538881
PO0000939,V00432,2024-10-19,664.44,USD,Credit Card,Cancelled,CHECK270011
PO0000940,V00432,2024-05-11,3628.83,USD,Credit Card,Completed,CHECK633568
PO0000941,V00432,2024-02-16,28.28,USD,Check,Completed,CHECK239945
PO0000942,V00331,2023-12-01,5519.99,USD,Wire Transfer,Completed,CHECK760445
PO0000943,V00331,2025-04-15,12.12,USD,Credit Card,Cancelled,CHECK144980
PO0000944,V00331,2024-08-04,171.15,USD,ACH,Pending,CHECK139255
PO0000945,V00331,2024-04-05,5059.15,USD,Wire Transfer,Cancelled,CHECK948080
PO0000946,V00331,2024-05-14,2629.28,USD,Credit Card,Cancelled,CHECK254907
PO0000947,V00331,2025-11-13,1029.31,USD,ACH,Cancelled,CHECK930454
PO0000948,V00331,2023-08-25,314.94,USD,Credit Card,Completed,CHECK615433
PO0000949,V00331,2025-07-19,4980.5,USD,Wire Transfer,Completed,CHECK951625
PO0000950,V00331,2023-11-09,172.61,USD,Credit Card,Pending,CHECK703740
PO0000951,V00331,2024-07-29,179.94,USD,Wire Transfer,Completed,CHECK770577
PO0000952,V00331,2025-08-03,421.06,USD,Credit Card,Completed,CHECK773457
PO0000953,V00331,2025-08-14,1776.42,USD,ACH,Completed,CHECK424028
PO0000954,V00331,2023-04-23,10.82,USD,Wire Transfer,Pending,CHECK995014
PO0000955,V00331,2023-01-31,4897.8,USD,Wire Transfer,Pending,CHECK864551
PO0000956,V00331,2025-07-05,1576.78,USD,Check,Pending,CHECK683595
PO0000957,V00331,2025-05-18,222.53,USD,Credit Card,Completed,CHECK117714
PO0000958,V00331,2023-01-21,153.54,USD,Wire Transfer,Completed,CHECK688795
PO0000959,V00331,2024-06-09,234.41,USD,Check,Completed,CHECK715899
PO0000960,V00331,2024-07-15,606.75,USD,Credit Card,Completed,CHECK522297
PO0000961,V00331,2025-07-14,977.2,USD,Check,Cancelled,CHECK644312
PO0000962,V00331,2025-06-11,209.6,USD,Credit Card,Completed,CHECK698204
PO0000963,V00331,2025-10-14,4238.85,USD,Wire Transfer,Completed,CHECK245795
PO0000964,V00331,2023-11-24,115.21,USD,Wire Transfer,Completed,CHECK283138
PO0000965,V00331,2024-08-14,58.22,USD,Check,Completed,CHECK683001
PO0000966,V00331,2023-12-27,358.36,USD,Wire Transfer,Cancelled,CHECK387239
PO0000967,V00331,2024-05-28,22281.01,USD,ACH,Cancelled,CHECK135655
PO0000968,V00259,2023-01-06,215.76,USD,ACH,Completed,CHECK371014
PO0000969,V00259,2023-10-08,664.87,USD,Credit Card,Completed,CHECK335104
PO0000970,V00259,2023-09-25,26.17,USD,Check,Pending,CHECK717422
PO0000971,V00259,2023-08-18,147.97,USD,Credit Card,Cancelled,CHECK784491
PO0000972,V00259,2023-11-21,5731.97,USD,ACH,Pending,CHECK755390
PO0000973,V00259,2023-11-15,231.55,USD,ACH,Completed,CHECK707993
PO0000974,V00259,2024-02-23,308.77,USD,Wire Transfer,Pending,CHECK998751
PO0000975,V00259,2025-10-28,1240.01,USD,Check,Completed,CHECK621059
PO0000976,V00259,2025-02-23,1791.16,USD,Wire Transfer,Completed,CHECK663345
PO0000977,V00259,2024-04-06,41.84,USD,Check,Completed,CHECK892117
PO0000978,V00259,2025-05-23,157.95,USD,ACH,Completed,CHECK110722
PO0000979,V00259,2025-01-06,6238.94,USD,Wire Transfer,Cancelled,CHECK162419
PO0000980,V00259,2023-08-21,300.2,USD,Credit Card,Cancelled,CHECK492050
PO0000981,V00259,2023-02-23,101.65,USD,Check,Completed,CHECK465565
PO0000982,V00259,2024-12-10,994.26,USD,Check,Completed,CHECK409695
PO0000983,V00259,2025-04-21,81.12,USD,ACH,Pending,CHECK488533
PO0000984,V00259,2025-07-14,469.12,USD,Credit Card,Completed,CHECK892523
PO0000985,V00259,2025-06-23,538.0,USD,Credit Card,Pending,CHECK188167
PO0000986,V00259,2024-06-28,4532.85,USD,Credit Card,Pending,CHECK128122
PO0000987,V00259,2024-04-06,2500.54,USD,Check,Cancelled,CHECK531439
PO0000988,V00259,2023-12-30,15497.55,USD,Check,Completed,CHECK487756
PO0000989,V00259,2025-09-08,319.21,USD,Wire Transfer,Completed,CHECK229809
PO0000990,V00259,2024-06-01,14704.06,USD,Wire Transfer,Pending,CHECK275924
PO0000991,V00467,2025-11-01,138.44,USD,ACH,Completed,CHECK189137
PO0000992,V00467,2023-08-16,373.63,USD,Check,Completed,CHECK519348
PO0000993,V00467,2025-12-01,203.97,USD,Credit Card,Completed,CHECK151945
PO0000994,V00467,2025-05-10,1847.28,USD,Wire Transfer,Completed,CHECK972090
PO0000995,V00467,2023-06-29,503.28,USD,ACH,Completed,CHECK981011
PO0000996,V00467,2024-01-18,270.04,USD,ACH,Completed,CHECK461284
PO0000997,V00467,2024-01-14,279.43,USD,Credit Card,Completed,CHECK824899
PO0000998,V00467,2025-06-14,10.4,USD,Credit Card,Cancelled,CHECK417096
PO0000999,V00467,2023-05-26,119.21,USD,Check,Completed,CHECK605009
PO0001000,V00467,2025-10-01,164.85,USD,Check,Pending,CHECK490651
PO0001001,V00467,2024-11-14,140.39,USD,Check,Completed,CHECK504148
PO0001002,V00467,2024-03-19,276.83,USD,Check,Completed,CHECK306111
PO0001003,V00467,2024-09-02,251.05,USD,Credit Card,Completed,CHECK949695
PO0001004,V00467,2024-03-17,23.75,USD,Check,Completed,CHECK734440
PO0001005,V00467,2023-07-04,3440.82,USD,Wire Transfer,Pending,CHECK355060
PO0001006,V00467,2024-08-08,9301.17,USD,ACH,Completed,CHECK676891
PO0001007,V00335,2025-08-09,118.45,USD,Credit Card,Pending,CHECK309565
PO0001008,V00335,2025-02-26,930.26,USD,Credit Card,Cancelled,CHECK231349
PO0001009,V00335,2025-09-03,3645.3,USD,ACH,Pending,CHECK782823
PO0001010,V00335,2024-07-24,46.17,USD,Check,Completed,CHECK956019
PO0001011,V00335,2025-07-20,3638.09,USD,Wire Transfer,Completed,CHECK845207
PO0001012,V00335,2025-07-13,2286.53,USD,Credit Card,Completed,CHECK224043
PO0001013,V00335,2025-10-27,59.98,USD,Wire Transfer,Completed,CHECK764764
PO0001014,V00335,2025-05-14,118.69,USD,Check,Completed,CHECK846987
PO0001015,V00335,2025-02-10,156.2,USD,Check,Cancelled,CHECK620776
PO0001016,V00335,2024-11-30,58.32,USD,Wire Transfer,Completed,CHECK257401
PO0001017,V00335,2023-01-02,182.38,USD,Check,Pending,CHECK555236
PO0001018,V00335,2025-04-23,213.87,USD,Wire Transfer,Pending,CHECK335993
PO0001019,V00335,2024-11-14,56.54,USD,Wire Transfer,Completed,CHECK818825
PO0001020,V00335,2023-09-02,2615.01,USD,ACH,Completed,CHECK363529
PO0001021,V00335,2023-05-27,2202.83,USD,Credit Card,Cancelled,CHECK696775
PO0001022,V00335,2023-03-30,110.26,USD,ACH,Completed,CHECK753162
PO0001023,V00335,2024-10-10,502.21,USD,Credit Card,Pending,CHECK792005
PO0001024,V00335,2025-02-15,784.8,USD,Check,Completed,CHECK360434
PO0001025,V00335,2025-11-22,1279.57,USD,Wire Transfer,Completed,CHECK239117
PO0001026,V00335,2023-08-10,37.94,USD,Wire Transfer,Cancelled,CHECK321457
PO0001027,V00335,2025-05-07,111.65,USD,ACH,Completed,CHECK880863
PO0001028,V00335,2024-06-15,738.41,USD,Check,Completed,CHECK502447
PO0001029,V00182,2024-08-18,748.05,USD,ACH,Cancelled,CHECK610234
PO0001030,V00182,2025-03-21,10.81,USD,Credit Card,Completed,CHECK909709
PO0001031,V00182,2024-12-25,380.59,USD,ACH,Pending,CHECK246849
PO0001032,V00182,2025-09-07,310.97,USD,ACH,Completed,CHECK160399
PO0001033,V00182,2024-11-28,165.5,USD,ACH,Pending,CHECK869622
PO0001034,V00182,2025-07-10,98.34,USD,ACH,Cancelled,CHECK935455
PO0001035,V00182,2023-06-06,7.08,USD,Credit Card,Completed,CHECK449784
PO0001036,V00182,2025-06-01,1077.62,USD,Credit Card,Cancelled,CHECK597967
PO0001037,V00182,2024-08-29,1134.15,USD,Wire Transfer,Pending,CHECK771010
PO0001038,V00182,2023-10-07,4218.29,USD,ACH,Pending,CHECK777263
PO0001039,V00182,2024-05-26,644.1,USD,ACH,Pending,CHECK615135
PO0001040,V00182,2023-10-18,137.46,USD,Check,Cancelled,CHECK310634
PO0001041,V00182,2023-01-18,177.76,USD,ACH,Completed,CHECK929068
PO0001042,V00182,2025-06-04,10330.02,USD,Check,Completed,CHECK837899
PO0001043,V00182,2023-05-05,17.8,USD,ACH,Cancelled,CHECK960199
PO0001044,V00182,2023-10-10,752.29,USD,ACH,Completed,CHECK379617
PO0001045,V00182,2024-07-07,101.25,USD,Wire Transfer,Completed,CHECK357909
PO0001046,V00182,2024-12-10,1560.56,USD,Check,Completed,CHECK915371
PO0001047,V00182,2025-04-27,314.69,USD,ACH,Completed,CHECK980752
PO0001048,V00182,2025-04-22,1814.44,USD,Wire Transfer,Pending,CHECK646787
PO0001049,V00182,2023-02-22,193.48,USD,Check,Cancelled,CHECK249788
PO0001050,V00182,2025-11-04,1810.44,USD,ACH,Completed,CHECK745573
PO0001051,V00182,2025-07-12,762.18,USD,Check,Cancelled,CHECK941773
PO0001052,V00182,2024-05-25,226.37,USD,ACH,Pending,CHECK738864
PO0001053,V00182,2023-06-15,109.78,USD,Wire Transfer,Cancelled,CHECK913142
PO0001054,V00182,2023-03-04,1149.17,USD,Wire Transfer,Cancelled,CHECK456165
PO0001055,V00182,2025-03-26,1099.88,USD,Check,Pending,CHECK894251
PO0001056,V00381,2023-08-30,212.34,USD,Check,Pending,CHECK832327
PO0001057,V00186,2024-01-06,2363.87,USD,ACH,Completed,CHECK971531
PO0001058,V00186,2023-06-16,2129.66,USD,Check,Cancelled,CHECK160722
PO0001059,V00186,2025-08-03,18.96,USD,Credit Card,Completed,CHECK394999
PO0001060,V00186,2023-02-15,3168.52,USD,Wire Transfer,Completed,CHECK620905
PO0001061,V00186,2024-02-20,1063.22,USD,Check,Pending,CHECK278521
PO0001062,V00186,2023-01-26,18638.78,USD,Credit Card,Pending,CHECK692195
PO0001063,V00186,2023-10-15,12372.18,USD,Wire Transfer,Cancelled,CHECK812408
PO0001064,V00186,2025-06-30,1411.04,USD,ACH,Cancelled,CHECK635574
PO0001065,V00186,2023-01-13,237.16,USD,Check,Cancelled,CHECK866583
PO0001066,V00186,2023-04-17,118.2,USD,Check,Completed,CHECK912236
PO0001067,V00186,2024-01-26,227.22,USD,Check,Cancelled,CHECK234305
PO0001068,V00186,2024-02-12,105.11,USD,Check,Completed,CHECK261013
PO0001069,V00186,2025-09-30,140.49,USD,Credit Card,Completed,CHECK205377
PO0001070,V00186,2024-02-01,41.22,USD,Wire Transfer,Cancelled,CHECK192192
PO0001071,V00186,2023-08-08,3770.32,USD,Check,Pending,CHECK261055
PO0001072,V00186,2025-05-26,388.13,USD,Credit Card,Completed,CHECK188295
PO0001073,V00186,2024-12-16,199.0,USD,Check,Cancelled,CHECK292788
PO0001074,V00186,2023-11-16,13001.63,USD,Wire Transfer,Completed,CHECK275576
PO0001075,V00186,2024-05-19,62.12,USD,ACH,Completed,CHECK486154
PO0001076,V00186,2023-04-20,395.76,USD,Check,Completed,CHECK718469
PO0001077,V00186,2023-11-19,47.45,USD,ACH,Cancelled,CHECK264914
PO0001078,V00316,2024-06-26,1647.89,USD,Check,Pending,CHECK314000
PO0001079,V00316,2023-07-05,3408.52,USD,Credit Card,Completed,CHECK954059
PO0001080,V00316,2023-11-19,141.33,USD,ACH,Pending,CHECK482452
PO0001081,V00316,2025-01-19,193.32,USD,ACH,Cancelled,CHECK869587
PO0001082,V00316,2023-11-10,181.71,USD,Wire Transfer,Pending,CHECK197765
PO0001083,V00316,2023-07-08,93.43,USD,ACH,Completed,CHECK935969
PO0001084,V00316,2024-10-26,79.91,USD,Check,Completed,CHECK827053
PO0001085,V00316,2023-12-30,150.6,USD,Check,Completed,CHECK952364
PO0001086,V00316,2023-10-05,1679.16,USD,ACH,Completed,CHECK147035
PO0001087,V00316,2025-04-04,4069.6,USD,Wire Transfer,Completed,CHECK812022
PO0001088,V00316,2025-12-13,11232.76,USD,Wire Transfer,Completed,CHECK349913
PO0001089,V00316,2025-10-28,4944.3,USD,ACH,Cancelled,CHECK344791
PO0001090,V00316,2025-11-22,513.72,USD,ACH,Pending,CHECK430238
PO0001091,V00316,2023-02-07,51.41,USD,Check,Completed,CHECK706759
PO0001092,V00316,2023-04-11,788.54,USD,ACH,Completed,CHECK582072
PO0001093,V00316,2023-03-24,289.36,USD,Wire Transfer,Completed,CHECK640762
PO0001094,V00316,2023-09-23,308.33,USD,Wire Transfer,Cancelled,CHECK594770
PO0001095,V00316,2024-02-04,1.62,USD,Wire Transfer,Cancelled,CHECK128657
PO0001096,V00316,2023-09-21,388.52,USD,Wire Transfer,Pending,CHECK363268
PO0001097,V00316,2024-09-21,1661.51,USD,Wire Transfer,Cancelled,CHECK539221
PO0001098,V00316,2024-05-06,969.75,USD,Wire Transfer,Completed,CHECK279055
PO0001099,V00040,2024-09-17,100.27,USD,Wire Transfer,Pending,CHECK469709
PO0001100,V00040,2024-12-31,290.35,USD,Check,Completed,CHECK657366
PO0001101,V00040,2023-12-30,7409.32,USD,Check,Completed,CHECK819378
PO0001102,V00040,2025-06-19,35.81,USD,Check,Pending,CHECK989205
PO0001103,V00040,2025-09-05,99.7,USD,Credit Card,Completed,CHECK640045
PO0001104,V00040,2025-03-12,637.05,USD,ACH,Completed,CHECK537748
PO0001105,V00040,2025-09-21,7.36,USD,Credit Card,Completed,CHECK270559
PO0001106,V00040,2025-10-03,393.86,USD,Wire Transfer,Completed,CHECK511984
PO0001107,V00040,2025-10-25,134.11,USD,Check,Completed,CHECK268489
PO0001108,V00040,2023-01-21,103.74,USD,Check,Cancelled,CHECK985127
PO0001109,V00030,2025-04-13,603.89,USD,Credit Card,Completed,CHECK590082
PO0001110,V00030,2025-07-21,15.0,USD,ACH,Completed,CHECK282523
PO0001111,V00030,2024-06-26,10505.5,USD,Credit Card,Completed,CHECK434286
PO0001112,V00030,2025-04-06,1383.82,USD,Wire Transfer,Pending,CHECK754128
PO0001113,V00030,2023-08-26,616.24,USD,Wire Transfer,Pending,CHECK865588
PO0001114,V00030,2023-04-07,169.92,USD,Credit Card,Completed,CHECK481559
PO0001115,V00030,2023-03-22,260.5,USD,ACH,Completed,CHECK290852
PO0001116,V00030,2025-03-16,24.92,USD,Wire Transfer,Completed,CHECK483515
PO0001117,V00030,2025-10-31,26.44,USD,Credit Card,Cancelled,CHECK988921
PO0001118,V00030,2024-03-17,5358.88,USD,Credit Card,Completed,CHECK724060
PO0001119,V00030,2025-12-08,1276.83,USD,Credit Card,Completed,CHECK385872
PO0001120,V00030,2025-06-23,6394.9,USD,Wire Transfer,Completed,CHECK199490
PO0001121,V00030,2023-09-28,96.97,USD,ACH,Completed,CHECK549511
PO0001122,V00030,2024-08-19,113.96,USD,Check,Cancelled,CHECK292112
PO0001123,V00030,2024-08-06,2584.12,USD,Check,Pending,CHECK432741
PO0001124,V00030,2023-07-26,53.7,USD,Credit Card,Cancelled,CHECK810358
PO0001125,V00030,2023-12-18,663.34,USD,ACH,Pending,CHECK981365
PO0001126,V00030,2023-05-12,891.67,USD,ACH,Completed,CHECK862209
PO0001127,V00030,2025-10-15,804.29,USD,Credit Card,Completed,CHECK119230
PO0001128,V00030,2025-07-04,349.32,USD,ACH,Completed,CHECK585912
PO0001129,V00030,2024-02-09,54.73,USD,Check,Cancelled,CHECK558146
PO0001130,V00030,2025-06-29,32.83,USD,ACH,Completed,CHECK362691
PO0001131,V00030,2024-05-22,1049.93,USD,Wire Transfer,Completed,CHECK395857
PO0001132,V00030,2023-01-29,191.28,USD,Credit Card,Completed,CHECK318030
PO0001133,V00364,2024-11-11,59.8,USD,Credit Card,Completed,CHECK679142
PO0001134,V00364,2023-03-23,235.47,USD,Credit Card,Cancelled,CHECK706044
PO0001135,V00364,2024-01-13,652.57,USD,Credit Card,Completed,CHECK407205
PO0001136,V00364,2025-01-15,4.54,USD,Wire Transfer,Cancelled,CHECK159723
PO0001137,V00364,2024-01-11,498.72,USD,Credit Card,Completed,CHECK346330
PO0001138,V00364,2025-11-26,135.73,USD,Wire Transfer,Pending,CHECK115572
PO0001139,V00364,2025-07-18,20.53,USD,Wire Transfer,Completed,CHECK478405
PO0001140,V00364,2023-01-24,917.55,USD,Check,Completed,CHECK700617
PO0001141,V00364,2023-12-28,14.2,USD,Wire Transfer,Completed,CHECK482231
PO0001142,V00364,2024-11-21,518.58,USD,Wire Transfer,Completed,CHECK284879
PO0001143,V00364,2023-07-02,67.19,USD,ACH,Completed,CHECK384013
PO0001144,V00364,2024-06-13,45.2,USD,Wire Transfer,Completed,CHECK753549
PO0001145,V00364,2024-05-17,1339.4,USD,ACH,Completed,CHECK207302
PO0001146,V00364,2023-02-07,4497.11,USD,Wire Transfer,Pending,CHECK308405
PO0001147,V00364,2024-12-03,556.18,USD,Credit Card,Completed,CHECK710575
PO0001148,V00364,2024-08-26,575.71,USD,Credit Card,Completed,CHECK338358
PO0001149,V00364,2023-12-15,102.55,USD,ACH,Completed,CHECK598592
PO0001150,V00364,2025-03-27,15.05,USD,Credit Card,Completed,CHECK562036
PO0001151,V00258,2023-06-06,1703.59,USD,ACH,Pending,CHECK747883
PO0001152,V00258,2023-01-18,1360.37,USD,ACH,Cancelled,CHECK551657
PO0001153,V00258,2025-12-30,19010.16,USD,Check,Completed,CHECK484604
PO0001154,V00165,2023-09-07,17756.14,USD,Check,Completed,CHECK656804
PO0001155,V00024,2025-10-24,25429.77,USD,Credit Card,Cancelled,CHECK664195
PO0001156,V00024,2024-10-22,2865.61,USD,Wire Transfer,Pending,CHECK234229
PO0001157,V00024,2023-06-28,729.23,USD,Wire Transfer,Cancelled,CHECK343494
PO0001158,V00024,2024-04-01,13.32,USD,Check,Completed,CHECK923657
PO0001159,V00024,2024-03-13,366.42,USD,Wire Transfer,Pending,CHECK725368
PO0001160,V00024,2025-08-22,254.35,USD,Credit Card,Pending,CHECK895093
PO0001161,V00024,2024-04-14,7477.2,USD,ACH,Completed,CHECK921001
PO0001162,V00024,2024-02-04,75.86,USD,Wire Transfer,Completed,CHECK314054
PO0001163,V00024,2025-01-30,536.28,USD,Check,Pending,CHECK634938
PO0001164,V00024,2025-08-20,306.14,USD,Check,Pending,CHECK918186
PO0001165,V00024,2024-06-03,479.19,USD,Credit Card,Completed,CHECK278809
PO0001166,V00024,2024-09-08,47.56,USD,Credit Card,Cancelled,CHECK699225
PO0001167,V00024,2025-04-11,397.31,USD,Wire Transfer,Completed,CHECK906026
PO0001168,V00024,2025-02-15,692.65,USD,Credit Card,Completed,CHECK876411
PO0001169,V00024,2024-10-31,35.7,USD,ACH,Cancelled,CHECK172888
PO0001170,V00024,2023-08-08,618.66,USD,Wire Transfer,Completed,CHECK216563
PO0001171,V00024,2023-01-29,1090.6,USD,Check,Completed,CHECK861741
PO0001172,V00024,2023-08-29,353.46,USD,Credit Card,Completed,CHECK651742
PO0001173,V00024,2023-10-07,40.48,USD,Wire Transfer,Completed,CHECK730106
PO0001174,V00024,2023-01-13,18.1,USD,Credit Card,Completed,CHECK151503
PO0001175,V00024,2024-09-17,2199.17,USD,Credit Card,Completed,CHECK257429
PO0001176,V00154,2025-06-21,83.24,USD,Credit Card,Completed,CHECK927052
PO0001177,V00154,2024-06-06,34.43,USD,Wire Transfer,Completed,CHECK442757
PO0001178,V00154,2023-09-30,501.57,USD,Wire Transfer,Completed,CHECK259616
PO0001179,V00154,2023-07-12,51.48,USD,Check,Completed,CHECK270986
PO0001180,V00154,2023-07-25,71.11,USD,Check,Completed,CHECK161097
PO0001181,V00154,2023-11-10,1789.83,USD,Credit Card,Completed,CHECK355177
PO0001182,V00154,2024-09-30,628.83,USD,Wire Transfer,Pending,CHECK868866
PO0001183,V00154,2024-11-05,16979.09,USD,Wire Transfer,Completed,CHECK444285
PO0001184,V00154,2024-10-21,279.6,USD,Wire Transfer,Pending,CHECK356863
PO0001185,V00154,2025-04-04,49.71,USD,ACH,Pending,CHECK739545
PO0001186,V00154,2023-01-17,30.73,USD,ACH,Completed,CHECK897813
PO0001187,V00154,2025-02-28,31.16,USD,Check,Completed,CHECK810994
PO0001188,V00154,2025-11-06,6099.98,USD,Wire Transfer,Completed,CHECK492925
PO0001189,V00154,2024-12-23,23.69,USD,Wire Transfer,Completed,CHECK234866
PO0001190,V00154,2024-01-21,1233.52,USD,Check,Pending,CHECK813623
PO0001191,V00154,2024-03-10,2634.12,USD,Wire Transfer,Cancelled,CHECK220106
PO0001192,V00154,2025-02-18,765.75,USD,Check,Cancelled,CHECK461019
PO0001193,V00098,2023-08-31,8.67,USD,Wire Transfer,Completed,CHECK242279
PO0001194,V00098,2024-03-03,36953.18,USD,Wire Transfer,Completed,CHECK251131
PO0001195,V00098,2025-06-21,861.01,USD,Check,Pending,CHECK627699
PO0001196,V00098,2024-01-05,424.16,USD,Credit Card,Completed,CHECK272502
PO0001197,V00098,2023-04-10,6414.92,USD,Wire Transfer,Completed,CHECK642099
PO0001198,V00098,2023-08-13,15620.54,USD,ACH,Pending,CHECK515628
PO0001199,V00098,2024-03-15,1694.13,USD,Credit Card,Pending,CHECK449627
PO0001200,V00098,2025-05-14,430.78,USD,Wire Transfer,Cancelled,CHECK254547
PO0001201,V00098,2025-02-19,2499.51,USD,Credit Card,Cancelled,CHECK560395
PO0001202,V00098,2025-12-26,67.31,USD,Wire Transfer,Pending,CHECK740742
PO0001203,V00098,2024-07-09,133.15,USD,Check,Completed,CHECK352310
PO0001204,V00098,2025-05-15,668.58,USD,ACH,Completed,CHECK268135
PO0001205,V00098,2023-07-03,10372.79,USD,Wire Transfer,Completed,CHECK577466
PO0001206,V00098,2024-01-04,440.11,USD,Wire Transfer,Completed,CHECK605415
PO0001207,V00098,2023-12-28,3357.83,USD,Check,Completed,CHECK770597
PO0001208,V00098,2023-02-03,3458.01,USD,Check,Completed,CHECK559870
PO0001209,V00098,2023-01-25,195.54,USD,Credit Card,Completed,CHECK936665
PO0001210,V00098,2024-05-09,1010.35,USD,Credit Card,Cancelled,CHECK450880
PO0001211,V00098,2025-06-02,835.6,USD,Wire Transfer,Completed,CHECK997645
PO0001212,V00098,2025-01-03,2205.56,USD,Credit Card,Completed,CHECK503927
PO0001213,V00098,2024-02-06,7000.64,USD,Wire Transfer,Completed,CHECK344114
PO0001214,V00098,2024-08-16,56.31,USD,Wire Transfer,Cancelled,CHECK235203
PO0001215,V00098,2023-04-25,168.58,USD,Check,Pending,CHECK478177
PO0001216,V00098,2023-08-25,4010.41,USD,ACH,Completed,CHECK921823
PO0001217,V00098,2024-07-09,703.0,USD,Check,Completed,CHECK741565
PO0001218,V00098,2023-06-03,85.35,USD,ACH,Cancelled,CHECK268927
PO0001219,V00098,2025-05-15,1963.02,USD,ACH,Cancelled,CHECK841740
PO0001220,V00098,2024-08-09,10.11,USD,ACH,Completed,CHECK493868
PO0001221,V00222,2024-11-21,16.65,USD,Credit Card,Cancelled,CHECK194189
PO0001222,V00222,2023-10-26,9151.81,USD,Credit Card,Completed,CHECK591890
PO0001223,V00222,2023-09-27,718.78,USD,ACH,Completed,CHECK706037
PO0001224,V00222,2024-07-27,26.24,USD,ACH,Pending,CHECK100294
PO0001225,V00222,2024-01-14,1229.96,USD,Credit Card,Completed,CHECK748902
PO0001226,V00222,2024-04-29,42.81,USD,Credit Card,Completed,CHECK289478
PO0001227,V00222,2024-07-07,3043.19,USD,ACH,Completed,CHECK661350
PO0001228,V00222,2025-08-26,1073.03,USD,Credit Card,Completed,CHECK279355
PO0001229,V00222,2023-12-17,238.01,USD,ACH,Completed,CHECK976087
PO0001230,V00222,2023-08-18,505.94,USD,Wire Transfer,Completed,CHECK219191
PO0001231,V00222,2025-07-22,2817.49,USD,Wire Transfer,Cancelled,CHECK822807
PO0001232,V00222,2024-03-10,541.91,USD,Wire Transfer,Completed,CHECK398165
PO0001233,V00222,2023-12-28,14818.54,USD,Check,Pending,CHECK522600
PO0001234,V00222,2024-12-22,2.51,USD,ACH,Completed,CHECK286457
PO0001235,V00360,2023-08-02,211.21,USD,ACH,Pending,CHECK217358
PO0001236,V00360,2025-10-13,18816.81,USD,Check,Completed,CHECK862346
PO0001237,V00360,2023-04-17,774.27,USD,ACH,Cancelled,CHECK213137
PO0001238,V00360,2024-12-07,12.78,USD,Check,Pending,CHECK314736
PO0001239,V00360,2024-08-10,1055.21,USD,Check,Pending,CHECK636817
PO0001240,V00360,2025-09-10,22.33,USD,Credit Card,Completed,CHECK635179
PO0001241,V00133,2024-11-13,354.74,USD,Credit Card,Pending,CHECK514766
PO0001242,V00133,2025-10-12,231.52,USD,Credit Card,Pending,CHECK314784
PO0001243,V00133,2024-10-17,94.38,USD,Credit Card,Completed,CHECK810314
PO0001244,V00133,2024-10-24,18452.52,USD,Credit Card,Completed,CHECK625972
PO0001245,V00133,2025-10-03,25.82,USD,Check,Cancelled,CHECK843819
PO0001246,V00133,2024-12-05,124.21,USD,Wire Transfer,Completed,CHECK165873
PO0001247,V00133,2024-06-16,72.16,USD,Credit Card,Completed,CHECK293423
PO0001248,V00133,2023-09-12,2019.59,USD,Check,Completed,CHECK682781
PO0001249,V00133,2024-05-27,94.62,USD,Check,Completed,CHECK322212
PO0001250,V00417,2024-04-07,383.3,USD,Wire Transfer,Pending,CHECK913879
PO0001251,V00417,2024-05-02,411.38,USD,Wire Transfer,Cancelled,CHECK921574
PO0001252,V00417,2023-10-19,475.04,USD,Wire Transfer,Completed,CHECK704391
PO0001253,V00417,2024-12-15,6583.45,USD,Credit Card,Completed,CHECK523477
PO0001254,V00417,2024-06-15,12073.16,USD,Credit Card,Completed,CHECK748585
PO0001255,V00417,2023-04-14,119.92,USD,Wire Transfer,Completed,CHECK218937
PO0001256,V00417,2024-01-08,169.65,USD,Wire Transfer,Completed,CHECK486134
PO0001257,V00417,2025-04-15,13.35,USD,ACH,Completed,CHECK666299
PO0001258,V00417,2023-07-26,4427.64,USD,Wire Transfer,Completed,CHECK168832
PO0001259,V00417,2023-10-27,348.2,USD,Check,Pending,CHECK315059
PO0001260,V00417,2023-11-25,28.55,USD,Credit Card,Completed,CHECK863766
PO0001261,V00417,2024-10-26,14.64,USD,ACH,Completed,CHECK764798
PO0001262,V00417,2023-09-24,832.2,USD,Wire Transfer,Pending,CHECK873927
PO0001263,V00417,2024-05-23,435.99,USD,ACH,Completed,CHECK969867
PO0001264,V00417,2023-06-16,259.81,USD,Credit Card,Completed,CHECK644280
PO0001265,V00417,2024-08-26,152.86,USD,ACH,Cancelled,CHECK716872
PO0001266,V00417,2025-06-05,4320.1,USD,ACH,Completed,CHECK133416
PO0001267,V00417,2025-08-16,19.13,USD,Check,Completed,CHECK848536
PO0001268,V00417,2023-07-13,39.51,USD,Wire Transfer,Cancelled,CHECK668409
PO0001269,V00417,2024-11-16,78.95,USD,Wire Transfer,Pending,CHECK485710
PO0001270,V00417,2025-11-19,26.42,USD,Check,Cancelled,CHECK484704
PO0001271,V00417,2025-09-29,5.89,USD,ACH,Pending,CHECK841236
PO0001272,V00417,2023-07-06,5439.23,USD,Check,Cancelled,CHECK312302
PO0001273,V00417,2023-04-11,1485.13,USD,Check,Completed,CHECK454554
PO0001274,V00417,2023-12-04,229.6,USD,Check,Cancelled,CHECK612794
PO0001275,V00417,2024-02-16,1560.6,USD,Wire Transfer,Completed,CHECK227180
PO0001276,V00417,2023-06-29,9010.56,USD,Check,Cancelled,CHECK443818
PO0001277,V00284,2024-07-16,2283.22,USD,Check,Completed,CHECK118864
PO0001278,V00284,2023-06-13,226.56,USD,Credit Card,Completed,CHECK370032
PO0001279,V00284,2025-11-03,519.18,USD,Wire Transfer,Completed,CHECK670191
PO0001280,V00284,2024-04-24,3324.95,USD,Check,Completed,CHECK647204
PO0001281,V00284,2024-02-07,681.8,USD,Check,Completed,CHECK879681
PO0001282,V00284,2023-07-28,9.75,USD,Check,Pending,CHECK578972
PO0001283,V00198,2024-01-13,1727.88,USD,Wire Transfer,Completed,CHECK100721
PO0001284,V00198,2025-02-27,79.53,USD,ACH,Cancelled,CHECK550984
PO0001285,V00198,2024-06-03,29.72,USD,Credit Card,Pending,CHECK897939
PO0001286,V00198,2025-07-20,107923.97,USD,ACH,Pending,CHECK570535
PO0001287,V00198,2025-01-18,2334.69,USD,ACH,Completed,CHECK308209
PO0001288,V00113,2024-09-30,94.38,USD,ACH,Completed,CHECK317308
PO0001289,V00113,2024-01-16,1837.32,USD,Check,Pending,CHECK107965
PO0001290,V00113,2023-09-25,3183.27,USD,ACH,Completed,CHECK977912
PO0001291,V00113,2024-01-27,16.49,USD,Wire Transfer,Completed,CHECK783025
PO0001292,V00113,2024-01-23,2291.32,USD,Check,Completed,CHECK824643
PO0001293,V00113,2024-06-30,1691.98,USD,Wire Transfer,Pending,CHECK627344
PO0001294,V00113,2024-02-29,1649.25,USD,Wire Transfer,Completed,CHECK689438
PO0001295,V00113,2025-10-20,363.55,USD,Check,Pending,CHECK334070
PO0001296,V00113,2024-09-11,492.19,USD,Credit Card,Pending,CHECK321151
PO0001297,V00113,2025-04-21,182.55,USD,ACH,Cancelled,CHECK487838
PO0001298,V00113,2024-11-04,124.16,USD,Check,Completed,CHECK917618
PO0001299,V00113,2023-05-25,588.99,USD,Wire Transfer,Completed,CHECK933586
PO0001300,V00113,2024-07-25,929.45,USD,Credit Card,Pending,CHECK519027
PO0001301,V00113,2024-02-18,881.32,USD,Check,Completed,CHECK756277
PO0001302,V00113,2023-09-03,7008.84,USD,Credit Card,Completed,CHECK276749
PO0001303,V00113,2025-06-25,106355.04,USD,Wire Transfer,Completed,CHECK312714
PO0001304,V00113,2025-09-16,3130.64,USD,ACH,Pending,CHECK408400
PO0001305,V00113,2025-12-06,35.83,USD,Check,Pending,CHECK657043
PO0001306,V00113,2023-03-21,2375.34,USD,Wire Transfer,Completed,CHECK954870
PO0001307,V00113,2024-02-01,1389.48,USD,Wire Transfer,Completed,CHECK677519
PO0001308,V00113,2024-09-01,87.22,USD,Credit Card,Pending,CHECK483644
PO0001309,V00113,2024-01-25,64.63,USD,ACH,Completed,CHECK370591
PO0001310,V00113,2025-09-07,93.23,USD,Credit Card,Completed,CHECK799949
PO0001311,V00113,2025-04-29,279601.05,USD,Wire Transfer,Completed,CHECK721244
PO0001312,V00113,2023-09-20,106.47,USD,Credit Card,Completed,CHECK962919
PO0001313,V00113,2024-09-30,315.66,USD,Credit Card,Pending,CHECK391789
PO0001314,V00113,2024-03-14,22410.0,USD,Check,Pending,CHECK870600
PO0001315,V00025,2024-06-03,93.18,USD,Credit Card,Completed,CHECK309257
PO0001316,V00025,2023-12-14,230.23,USD,ACH,Completed,CHECK382040
PO0001317,V00025,2024-07-13,9115.89,USD,ACH,Completed,CHECK480391
PO0001318,V00025,2023-10-23,435.36,USD,Wire Transfer,Completed,CHECK293844
PO0001319,V00025,2023-05-03,218.96,USD,Wire Transfer,Cancelled,CHECK176071
PO0001320,V00025,2024-09-22,111.83,USD,ACH,Cancelled,CHECK932264
PO0001321,V00025,2024-01-11,9382.37,USD,Check,Completed,CHECK129709
PO0001322,V00025,2024-10-19,576.6,USD,Credit Card,Completed,CHECK109832
PO0001323,V00025,2025-07-19,127.4,USD,ACH,Completed,CHECK282283
PO0001324,V00025,2024-11-10,7.52,USD,Wire Transfer,Completed,CHECK924641
PO0001325,V00025,2024-07-21,716.84,USD,Credit Card,Completed,CHECK565934
PO0001326,V00025,2025-09-26,26.92,USD,Credit Card,Completed,CHECK178824
PO0001327,V00025,2024-06-14,134.18,USD,Check,Completed,CHECK913308
PO0001328,V00025,2024-09-24,37.58,USD,Wire Transfer,Pending,CHECK632737
PO0001329,V00025,2025-08-09,7889.56,USD,Credit Card,Pending,CHECK498022
PO0001330,V00277,2024-07-07,14866.39,USD,Check,Completed,CHECK155274
PO0001331,V00277,2023-02-19,1565.74,USD,ACH,Completed,CHECK482065
PO0001332,V00277,2025-04-06,15625.54,USD,Credit Card,Completed,CHECK299950
PO0001333,V00277,2023-04-19,16.29,USD,Wire Transfer,Cancelled,CHECK668633
PO0001334,V00277,2024-08-19,257.24,USD,Credit Card,Pending,CHECK903593
PO0001335,V00277,2024-02-03,279.62,USD,Credit Card,Pending,CHECK937940
PO0001336,V00277,2024-12-18,23.06,USD,Wire Transfer,Completed,CHECK542146
PO0001337,V00277,2025-10-09,10707.82,USD,ACH,Completed,CHECK218783
PO0001338,V00277,2025-03-27,231.1,USD,Wire Transfer,Pending,CHECK170537
PO0001339,V00277,2023-07-16,3.3,USD,Credit Card,Completed,CHECK473199
PO0001340,V00277,2025-12-05,341.27,USD,ACH,Cancelled,CHECK681413
PO0001341,V00277,2023-03-21,5217.16,USD,Wire Transfer,Completed,CHECK235110
PO0001342,V00277,2024-07-17,3027.66,USD,ACH,Pending,CHECK615627
PO0001343,V00277,2023-12-28,1708.0,USD,Credit Card,Completed,CHECK638963
PO0001344,V00277,2023-01-17,428.57,USD,Check,Completed,CHECK516371
PO0001345,V00277,2023-07-25,176.98,USD,Credit Card,Completed,CHECK625841
PO0001346,V00277,2025-02-06,3196.06,USD,ACH,Pending,CHECK942435
PO0001347,V00277,2023-08-25,43.57,USD,Wire Transfer,Completed,CHECK406057
PO0001348,V00277,2024-12-19,5289.66,USD,Credit Card,Cancelled,CHECK451610
PO0001349,V00277,2024-07-12,72.72,USD,Check,Completed,CHECK118934
PO0001350,V00277,2025-10-01,1626.55,USD,ACH,Completed,CHECK682645
PO0001351,V00277,2025-06-18,467.36,USD,ACH,Completed,CHECK896710
PO0001352,V00277,2025-06-29,3.3,USD,Check,Completed,CHECK177746
PO0001353,V00277,2024-12-16,570.53,USD,Wire Transfer,Completed,CHECK826007
PO0001354,V00277,2023-08-02,1547.95,USD,Wire Transfer,Pending,CHECK940690
PO0001355,V00277,2024-09-26,151.3,USD,Wire Transfer,Cancelled,CHECK686211
PO0001356,V00277,2025-09-25,1355.59,USD,Credit Card,Cancelled,CHECK111809
PO0001357,V00277,2025-02-05,2638.88,USD,ACH,Completed,CHECK920856
PO0001358,V00277,2025-04-12,636.06,USD,Check,Pending,CHECK138003
PO0001359,V00277,2025-03-25,1890.27,USD,Wire Transfer,Pending,CHECK755082
PO0001360,V00418,2025-02-26,561.03,USD,Check,Cancelled,CHECK881499
PO0001361,V00418,2024-08-10,7.68,USD,Wire Transfer,Completed,CHECK880625
PO0001362,V00418,2025-06-09,1581.88,USD,ACH,Completed,CHECK571198
PO0001363,V00418,2023-09-15,1639.58,USD,Check,Cancelled,CHECK918896
PO0001364,V00418,2024-10-16,163.09,USD,Credit Card,Completed,CHECK949023
PO0001365,V00418,2025-12-09,77.56,USD,Credit Card,Completed,CHECK462573
PO0001366,V00268,2023-01-05,646.41,USD,ACH,Completed,CHECK115377
PO0001367,V00268,2025-12-30,925.55,USD,ACH,Pending,CHECK615110
PO0001368,V00268,2024-02-19,790.18,USD,Check,Completed,CHECK348123
PO0001369,V00268,2023-02-23,266.12,USD,Credit Card,Pending,CHECK559571
PO0001370,V00268,2025-02-20,320.22,USD,Credit Card,Completed,CHECK657300
PO0001371,V00268,2023-11-10,289.97,USD,Wire Transfer,Pending,CHECK135482
PO0001372,V00268,2023-07-20,487.06,USD,ACH,Completed,CHECK482264
PO0001373,V00268,2024-06-09,165.83,USD,Wire Transfer,Pending,CHECK429021
PO0001374,V00268,2023-11-11,105.76,USD,Credit Card,Completed,CHECK558435
PO0001375,V00268,2023-04-16,1649.31,USD,Credit Card,Completed,CHECK251620
PO0001376,V00268,2023-12-12,9968.32,USD,Check,Completed,CHECK104921
PO0001377,V00268,2024-11-11,503.05,USD,Credit Card,Pending,CHECK993360
PO0001378,V00268,2024-07-23,1207.86,USD,Check,Completed,CHECK502161
PO0001379,V00035,2025-05-03,669.6,USD,Credit Card,Completed,CHECK605203
PO0001380,V00035,2025-07-28,19997.7,USD,Wire Transfer,Cancelled,CHECK977881
PO0001381,V00035,2024-06-23,4161.41,USD,Check,Cancelled,CHECK135417
PO0001382,V00035,2024-01-02,673.98,USD,Credit Card,Completed,CHECK836649
PO0001383,V00035,2023-06-19,94.55,USD,Check,Cancelled,CHECK335104
PO0001384,V00035,2023-11-10,88.33,USD,Check,Completed,CHECK713561
PO0001385,V00035,2025-01-29,5.35,USD,Check,Pending,CHECK789914
PO0001386,V00035,2023-06-28,33.99,USD,ACH,Completed,CHECK385833
PO0001387,V00035,2023-04-15,135.09,USD,ACH,Completed,CHECK306663
PO0001388,V00035,2025-05-21,823.4,USD,Wire Transfer,Pending,CHECK581497
PO0001389,V00035,2023-04-18,681.47,USD,Wire Transfer,Cancelled,CHECK817517
PO0001390,V00035,2023-10-11,751.57,USD,Credit Card,Cancelled,CHECK312400
PO0001391,V00523,2023-07-02,5853.97,USD,Credit Card,Pending,CHECK120959
PO0001392,V00523,2025-11-23,253.43,USD,Credit Card,Pending,CHECK823079
PO0001393,V00523,2023-12-01,536.32,USD,ACH,Completed,CHECK358294
PO0001394,V00523,2025-02-27,4001.54,USD,ACH,Completed,CHECK766789
PO0001395,V00523,2024-05-23,1840.44,USD,Check,Completed,CHECK703505
PO0001396,V00523,2025-08-11,2485.95,USD,Credit Card,Completed,CHECK724028
PO0001397,V00523,2024-05-18,11.13,USD,Credit Card,Completed,CHECK826150
PO0001398,V00523,2025-08-15,485.48,USD,Wire Transfer,Completed,CHECK187358
PO0001399,V00523,2025-01-04,60.66,USD,Check,Pending,CHECK906566
PO0001400,V00523,2023-08-12,306.79,USD,Credit Card,Completed,CHECK475588
PO0001401,V00523,2025-09-28,162.12,USD,Check,Cancelled,CHECK388243
PO0001402,V00487,2025-02-08,28.78,USD,Credit Card,Completed,CHECK888825
PO0001403,V00487,2023-04-21,3728.61,USD,Check,Pending,CHECK171158
PO0001404,V00487,2023-04-08,29.97,USD,Check,Completed,CHECK938386
PO0001405,V00487,2024-12-01,35.94,USD,Wire Transfer,Completed,CHECK133576
PO0001406,V00487,2024-02-17,214.91,USD,Check,Completed,CHECK514496
PO0001407,V00487,2024-09-03,84.77,USD,ACH,Cancelled,CHECK535802
PO0001408,V00487,2023-02-02,265.42,USD,ACH,Completed,CHECK161125
PO0001409,V00487,2024-07-21,227.53,USD,Credit Card,Completed,CHECK241750
PO0001410,V00487,2024-12-16,5111.24,USD,Credit Card,Completed,CHECK263993
PO0001411,V00487,2024-05-21,3000.81,USD,Credit Card,Completed,CHECK983368
PO0001412,V00487,2024-03-24,27.06,USD,Check,Pending,CHECK716581
PO0001413,V00487,2023-07-16,34654.17,USD,Check,Cancelled,CHECK671893
PO0001414,V00487,2025-09-05,1207.78,USD,Wire Transfer,Pending,CHECK194303
PO0001415,V00487,2025-12-13,4899.43,USD,Check,Completed,CHECK614979
PO0001416,V00487,2023-12-16,1514.42,USD,Credit Card,Completed,CHECK535381
PO0001417,V00487,2024-07-30,8902.12,USD,Check,Completed,CHECK902089
PO0001418,V00033,2025-04-10,4078.64,USD,ACH,Cancelled,CHECK682257
PO0001419,V00033,2025-01-19,102.53,USD,Wire Transfer,Completed,CHECK442139
PO0001420,V00033,2024-02-23,526.86,USD,Wire Transfer,Cancelled,CHECK776493
PO0001421,V00033,2025-07-26,276.15,USD,ACH,Pending,CHECK757800
PO0001422,V00033,2023-03-19,2492.57,USD,Check,Cancelled,CHECK949153
PO0001423,V00033,2025-08-17,2347.45,USD,Credit Card,Cancelled,CHECK286729
PO0001424,V00033,2024-02-12,316.84,USD,Credit Card,Pending,CHECK759150
PO0001425,V00033,2025-03-23,391.81,USD,Check,Completed,CHECK771882
PO0001426,V00033,2025-05-02,1755.25,USD,Credit Card,Pending,CHECK813734
PO0001427,V00033,2025-05-07,271.99,USD,Credit Card,Completed,CHECK857153
PO0001428,V00033,2023-11-20,38.69,USD,Check,Completed,CHECK547838
PO0001429,V00033,2025-12-31,2447.03,USD,Credit Card,Cancelled,CHECK793094
PO0001430,V00033,2024-06-02,521.8,USD,Wire Transfer,Pending,CHECK909199
PO0001431,V00033,2024-01-10,772.77,USD,Credit Card,Completed,CHECK279467
PO0001432,V00033,2024-04-15,73.73,USD,ACH,Completed,CHECK143363
PO0001433,V00128,2023-04-06,31.32,USD,Wire Transfer,Completed,CHECK675003
PO0001434,V00128,2024-08-03,5096.19,USD,Credit Card,Completed,CHECK781436
PO0001435,V00128,2024-01-22,230.17,USD,ACH,Completed,CHECK742603
PO0001436,V00128,2024-09-13,35.89,USD,Check,Pending,CHECK124327
PO0001437,V00128,2023-04-18,7093.09,USD,ACH,Pending,CHECK425679
PO0001438,V00128,2023-05-06,965.41,USD,ACH,Completed,CHECK516920
PO0001439,V00128,2023-07-05,178.76,USD,Check,Completed,CHECK753070
PO0001440,V00128,2023-04-09,544.5,USD,Check,Completed,CHECK530283
PO0001441,V00128,2024-04-22,52.33,USD,Wire Transfer,Completed,CHECK350622
PO0001442,V00128,2025-03-11,639.7,USD,ACH,Completed,CHECK991953
PO0001443,V00128,2024-01-25,121.99,USD,ACH,Completed,CHECK450250
PO0001444,V00128,2025-06-26,696.66,USD,Wire Transfer,Pending,CHECK747902
PO0001445,V00128,2025-11-02,222.24,USD,Credit Card,Cancelled,CHECK846081
PO0001446,V00128,2025-03-03,28.43,USD,Wire Transfer,Cancelled,CHECK277800
PO0001447,V00167,2023-06-07,107.87,USD,Check,Cancelled,CHECK470167
PO0001448,V00167,2025-08-27,228.54,USD,Wire Transfer,Completed,CHECK123208
PO0001449,V00167,2024-01-31,62.12,USD,Check,Completed,CHECK381652
PO0001450,V00167,2025-07-17,13591.24,USD,Credit Card,Pending,CHECK815391
PO0001451,V00167,2025-08-20,670.53,USD,Wire Transfer,Cancelled,CHECK801455
PO0001452,V00167,2025-12-05,2449.04,USD,Wire Transfer,Pending,CHECK949140
PO0001453,V00167,2023-02-08,77.89,USD,Check,Pending,CHECK626351
PO0001454,V00167,2024-07-17,329.86,USD,Credit Card,Pending,CHECK841319
PO0001455,V00167,2023-05-27,133.25,USD,Credit Card,Completed,CHECK445516
PO0001456,V00167,2024-08-26,2401.01,USD,Wire Transfer,Completed,CHECK213003
PO0001457,V00167,2025-04-23,19.28,USD,Wire Transfer,Pending,CHECK809936
PO0001458,V00167,2024-05-21,1560.13,USD,Wire Transfer,Completed,CHECK133852
PO0001459,V00167,2025-05-30,244.68,USD,Check,Completed,CHECK547173
PO0001460,V00167,2024-04-26,349.55,USD,Check,Completed,CHECK269949
PO0001461,V00167,2025-10-04,95.54,USD,Wire Transfer,Completed,CHECK905700
PO0001462,V00167,2025-03-14,224.69,USD,ACH,Pending,CHECK779662
PO0001463,V00167,2025-06-23,703.01,USD,ACH,Completed,CHECK576758
PO0001464,V00167,2024-03-10,1086.58,USD,Check,Pending,CHECK925762
PO0001465,V00167,2025-04-24,1634.16,USD,Wire Transfer,Cancelled,CHECK942526
PO0001466,V00167,2025-02-11,21646.46,USD,Check,Pending,CHECK606507
PO0001467,V00167,2025-07-09,4431.96,USD,Credit Card,Pending,CHECK194703
PO0001468,V00167,2023-10-14,906.71,USD,Credit Card,Completed,CHECK737763
PO0001469,V00167,2024-05-01,17.4,USD,Wire Transfer,Completed,CHECK274779
PO0001470,V00167,2023-03-29,118.89,USD,ACH,Pending,CHECK814624
PO0001471,V00167,2023-08-29,1202.81,USD,Check,Pending,CHECK332607
PO0001472,V00167,2024-09-05,20078.5,USD,Check,Completed,CHECK819472
PO0001473,V00167,2024-06-15,117.9,USD,ACH,Pending,CHECK273262
PO0001474,V00167,2025-08-04,85.76,USD,ACH,Pending,CHECK582935
PO0001475,V00167,2023-01-26,66.89,USD,Wire Transfer,Completed,CHECK530406
PO0001476,V00167,2023-09-10,698.71,USD,Wire Transfer,Completed,CHECK802205
PO0001477,V00474,2025-09-09,2326.66,USD,Check,Completed,CHECK572271
PO0001478,V00474,2024-04-11,2124.86,USD,Credit Card,Completed,CHECK372834
PO0001479,V00474,2024-12-12,158.7,USD,Credit Card,Pending,CHECK716825
PO0001480,V00474,2023-02-03,73.21,USD,Credit Card,Pending,CHECK637241
PO0001481,V00474,2025-06-12,179.86,USD,Credit Card,Completed,CHECK624393
PO0001482,V00474,2024-12-16,2099.53,USD,Credit Card,Cancelled,CHECK356221
PO0001483,V00474,2025-02-20,314.72,USD,Credit Card,Completed,CHECK936197
PO0001484,V00474,2023-03-13,5.45,USD,Wire Transfer,Completed,CHECK792251
PO0001485,V00474,2025-01-22,60.27,USD,ACH,Pending,CHECK803001
PO0001486,V00474,2023-11-02,120.43,USD,Wire Transfer,Completed,CHECK591526
PO0001487,V00474,2024-06-15,205.65,USD,Check,Pending,CHECK434408
PO0001488,V00474,2025-12-06,269.86,USD,ACH,Completed,CHECK537582
PO0001489,V00474,2025-07-14,514.1,USD,Credit Card,Pending,CHECK999196
PO0001490,V00474,2024-09-15,8170.21,USD,ACH,Completed,CHECK157097
PO0001491,V00474,2025-05-19,2.75,USD,Check,Completed,CHECK823823
PO0001492,V00474,2025-07-05,181.02,USD,Check,Completed,CHECK116351
PO0001493,V00474,2023-08-26,384.16,USD,ACH,Completed,CHECK251049
PO0001494,V00474,2024-01-11,1076824.74,USD,Check,Completed,CHECK965647
PO0001495,V00474,2024-01-13,1164.04,USD,ACH,Completed,CHECK984159
PO0001496,V00474,2023-08-16,233.83,USD,Credit Card,Completed,CHECK205626
PO0001497,V00474,2024-05-14,211.14,USD,Credit Card,Completed,CHECK286971
PO0001498,V00474,2025-05-22,2231.87,USD,ACH,Completed,CHECK394243
PO0001499,V00474,2024-01-10,26.57,USD,Check,Pending,CHECK804077
PO0001500,V00249,2023-08-18,761.25,USD,Credit Card,Completed,CHECK296699
PO0001501,V00249,2023-11-28,327.55,USD,ACH,Completed,CHECK576056
PO0001502,V00249,2024-04-19,205.65,USD,ACH,Completed,CHECK131011
PO0001503,V00249,2025-10-17,769.09,USD,Credit Card,Completed,CHECK325281
PO0001504,V00249,2024-09-02,27.64,USD,ACH,Pending,CHECK424756
PO0001505,V00249,2024-12-20,222.76,USD,Credit Card,Completed,CHECK546599
PO0001506,V00449,2025-03-01,199.41,USD,ACH,Completed,CHECK240492
PO0001507,V00449,2024-10-20,212.39,USD,Check,Completed,CHECK483799
PO0001508,V00449,2023-08-18,595.97,USD,Wire Transfer,Cancelled,CHECK275888
PO0001509,V00449,2025-12-15,45.17,USD,Check,Completed,CHECK343710
PO0001510,V00449,2023-10-18,276.8,USD,Credit Card,Completed,CHECK456060
PO0001511,V00449,2025-09-06,607.38,USD,Check,Pending,CHECK434646
PO0001512,V00449,2025-08-14,45.51,USD,Wire Transfer,Completed,CHECK203522
PO0001513,V00449,2025-08-03,1806.96,USD,Wire Transfer,Completed,CHECK398090
PO0001514,V00449,2023-11-02,812.95,USD,ACH,Pending,CHECK429853
PO0001515,V00449,2023-02-11,141.96,USD,Credit Card,Completed,CHECK154797
PO0001516,V00449,2024-07-17,38.96,USD,Wire Transfer,Completed,CHECK331424
PO0001517,V00449,2024-03-31,1059.96,USD,ACH,Completed,CHECK299023
PO0001518,V00449,2025-06-13,314.29,USD,ACH,Completed,CHECK216242
PO0001519,V00449,2025-04-16,3229.11,USD,ACH,Pending,CHECK696738
PO0001520,V00449,2025-06-01,7271.23,USD,ACH,Cancelled,CHECK452400
PO0001521,V00449,2023-02-20,1294.35,USD,Credit Card,Pending,CHECK110943
PO0001522,V00449,2024-02-12,898.1,USD,Check,Cancelled,CHECK300953
PO0001523,V00449,2025-02-09,39.09,USD,ACH,Completed,CHECK780550
PO0001524,V00449,2025-11-18,4.78,USD,Check,Completed,CHECK815917
PO0001525,V00449,2025-04-12,751.66,USD,ACH,Cancelled,CHECK325388
PO0001526,V00449,2023-02-27,396.02,USD,ACH,Pending,CHECK275475
PO0001527,V00449,2025-10-11,126.39,USD,Credit Card,Completed,CHECK491691
PO0001528,V00449,2024-05-26,1439.75,USD,ACH,Completed,CHECK289771
PO0001529,V00449,2024-02-09,279.05,USD,Check,Pending,CHECK109729
PO0001530,V00449,2025-05-20,633.83,USD,Check,Completed,CHECK287622
PO0001531,V00449,2023-04-30,50.22,USD,ACH,Completed,CHECK303567
PO0001532,V00449,2023-09-14,1472.86,USD,Credit Card,Completed,CHECK539739
PO0001533,V00384,2024-07-19,77.43,USD,Check,Cancelled,CHECK215118
PO0001534,V00384,2024-03-21,66.04,USD,Credit Card,Completed,CHECK421261
PO0001535,V00384,2023-04-07,14955.03,USD,Wire Transfer,Completed,CHECK187961
PO0001536,V00384,2024-06-25,191.99,USD,Wire Transfer,Pending,CHECK213423
PO0001537,V00384,2023-01-16,95.63,USD,ACH,Completed,CHECK190220
PO0001538,V00384,2023-07-16,9.01,USD,Wire Transfer,Completed,CHECK759587
PO0001539,V00310,2025-03-15,1993.66,USD,Wire Transfer,Completed,CHECK838395
PO0001540,V00310,2025-05-10,436.48,USD,Wire Transfer,Pending,CHECK704210
PO0001541,V00310,2023-09-07,515.62,USD,ACH,Completed,CHECK687891
PO0001542,V00310,2025-07-20,134.87,USD,Wire Transfer,Completed,CHECK251086
PO0001543,V00310,2025-10-19,3347.07,USD,Wire Transfer,Completed,CHECK307341
PO0001544,V00310,2023-11-22,127.2,USD,Wire Transfer,Pending,CHECK563604
PO0001545,V00310,2025-11-19,113.31,USD,Check,Completed,CHECK859016
PO0001546,V00310,2023-12-12,733.03,USD,ACH,Completed,CHECK367545
PO0001547,V00310,2023-01-20,26.49,USD,Credit Card,Cancelled,CHECK400834
PO0001548,V00310,2023-09-04,7384.6,USD,Wire Transfer,Completed,CHECK596299
PO0001549,V00310,2025-05-15,2959.9,USD,Wire Transfer,Pending,CHECK508857
PO0001550,V00310,2025-02-23,107.43,USD,Credit Card,Completed,CHECK180094
PO0001551,V00310,2023-05-12,1641.26,USD,Wire Transfer,Completed,CHECK172246
PO0001552,V00310,2025-04-14,135.59,USD,ACH,Pending,CHECK272722
PO0001553,V00310,2023-07-27,55692.5,USD,ACH,Completed,CHECK681681
PO0001554,V00310,2024-06-11,2061.91,USD,Check,Completed,CHECK270404
PO0001555,V00310,2024-04-15,79.15,USD,Wire Transfer,Completed,CHECK794857
PO0001556,V00310,2025-02-01,652.73,USD,Check,Pending,CHECK800373
PO0001557,V00310,2025-07-21,1746.07,USD,Check,Completed,CHECK470339
PO0001558,V00310,2023-05-25,46.28,USD,Check,Completed,CHECK447963
PO0001559,V00310,2024-08-28,105.4,USD,ACH,Cancelled,CHECK887407
PO0001560,V00310,2024-10-21,701.71,USD,Credit Card,Completed,CHECK138347
PO0001561,V00310,2025-07-13,1382.8,USD,Wire Transfer,Pending,CHECK693217
PO0001562,V00310,2025-06-20,1050.35,USD,Credit Card,Completed,CHECK323152
PO0001563,V00310,2023-12-20,6.22,USD,Credit Card,Completed,CHECK212817
PO0001564,V00310,2024-07-06,56.17,USD,Wire Transfer,Completed,CHECK211968
PO0001565,V00310,2023-06-30,54887.73,USD,Credit Card,Pending,CHECK103976
PO0001566,V00310,2024-07-14,160.4,USD,Wire Transfer,Completed,CHECK447573
PO0001567,V00310,2024-09-26,25.87,USD,ACH,Completed,CHECK398520
PO0001568,V00310,2025-08-23,970.15,USD,Check,Completed,CHECK778045
PO0001569,V00495,2023-07-22,216.18,USD,ACH,Completed,CHECK290856
PO0001570,V00495,2025-08-04,769.44,USD,ACH,Pending,CHECK331723
PO0001571,V00495,2023-03-10,181.27,USD,Wire Transfer,Pending,CHECK438285
PO0001572,V00495,2024-06-01,226.04,USD,ACH,Completed,CHECK382559
PO0001573,V00495,2024-08-31,4729.06,USD,ACH,Completed,CHECK967972
PO0001574,V00495,2024-07-01,2806.11,USD,Credit Card,Pending,CHECK281947
PO0001575,V00495,2025-11-26,32.66,USD,ACH,Completed,CHECK811518
PO0001576,V00495,2023-03-27,38.07,USD,Credit Card,Cancelled,CHECK347304
PO0001577,V00495,2023-03-08,11.35,USD,Credit Card,Completed,CHECK774804
PO0001578,V00495,2023-01-05,135.92,USD,Check,Pending,CHECK848070
PO0001579,V00495,2023-06-02,274.16,USD,ACH,Pending,CHECK181448
PO0001580,V00495,2024-10-21,10919.12,USD,ACH,Completed,CHECK986985
PO0001581,V00495,2023-07-19,272.42,USD,Check,Completed,CHECK178592
PO0001582,V00495,2023-10-15,32634.24,USD,Check,Completed,CHECK101783
PO0001583,V00495,2025-10-12,256.06,USD,Wire Transfer,Completed,CHECK542465
PO0001584,V00495,2023-04-20,378.26,USD,ACH,Cancelled,CHECK883558
PO0001585,V00495,2025-03-20,1362.95,USD,ACH,Cancelled,CHECK948831
PO0001586,V00004,2025-08-11,197910.33,USD,Check,Cancelled,CHECK535085
PO0001587,V00004,2025-05-24,345.57,USD,Check,Pending,CHECK660346
PO0001588,V00004,2024-04-09,21.12,USD,Wire Transfer,Completed,CHECK428977
PO0001589,V00004,2025-10-28,252.02,USD,Wire Transfer,Completed,CHECK964219
PO0001590,V00004,2024-12-14,345.38,USD,ACH,Completed,CHECK266222
PO0001591,V00004,2024-09-19,10335.77,USD,Wire Transfer,Cancelled,CHECK715272
PO0001592,V00004,2023-03-21,289.3,USD,Check,Completed,CHECK620783
PO0001593,V00004,2023-09-11,1044.08,USD,Credit Card,Completed,CHECK507861
PO0001594,V00004,2023-03-26,424.04,USD,ACH,Pending,CHECK408577
PO0001595,V00004,2023-09-21,3631.84,USD,ACH,Cancelled,CHECK308866
PO0001596,V00004,2025-10-31,242.02,USD,Credit Card,Completed,CHECK727298
PO0001597,V00004,2025-09-12,194.47,USD,Wire Transfer,Cancelled,CHECK593772
PO0001598,V00004,2024-05-19,43.64,USD,Wire Transfer,Completed,CHECK159186
PO0001599,V00004,2025-02-17,50.71,USD,Credit Card,Pending,CHECK570379
PO0001600,V00004,2025-11-22,447.51,USD,Check,Completed,CHECK873781
PO0001601,V00004,2024-03-26,70.24,USD,ACH,Pending,CHECK662439
PO0001602,V00004,2023-02-27,30216.44,USD,Check,Completed,CHECK759686
PO0001603,V00004,2023-07-29,85.52,USD,ACH,Completed,CHECK398682
PO0001604,V00004,2023-06-20,27.32,USD,Check,Completed,CHECK987435
PO0001605,V00004,2025-08-23,5557.59,USD,ACH,Pending,CHECK144598
PO0001606,V00004,2024-04-18,4901.19,USD,Wire Transfer,Completed,CHECK565603
PO0001607,V00004,2023-05-24,819.97,USD,Credit Card,Completed,CHECK846448
PO0001608,V00004,2024-07-07,110.02,USD,Check,Cancelled,CHECK541398
PO0001609,V00004,2025-12-30,216.32,USD,Wire Transfer,Completed,CHECK558639
PO0001610,V00004,2025-10-05,217.09,USD,Credit Card,Completed,CHECK589689
PO0001611,V00004,2024-09-01,2196.46,USD,Check,Completed,CHECK944297
PO0001612,V00004,2024-07-28,356.64,USD,Check,Cancelled,CHECK145556
PO0001613,V00004,2023-09-23,718.12,USD,Check,Completed,CHECK391518
PO0001614,V00004,2025-05-03,3674.83,USD,ACH,Cancelled,CHECK353952
PO0001615,V00004,2025-07-19,4213.56,USD,Credit Card,Completed,CHECK291845
PO0001616,V00488,2025-10-27,1302.16,USD,ACH,Pending,CHECK849394
PO0001617,V00488,2024-09-30,76.06,USD,ACH,Completed,CHECK501920
PO0001618,V00488,2024-08-12,436.79,USD,Wire Transfer,Cancelled,CHECK773744
PO0001619,V00488,2024-09-05,505.72,USD,Check,Cancelled,CHECK529126
PO0001620,V00488,2024-08-01,310.48,USD,Credit Card,Completed,CHECK763514
PO0001621,V00488,2023-12-19,738.89,USD,Credit Card,Cancelled,CHECK629921
PO0001622,V00488,2025-11-06,12663.91,USD,Credit Card,Completed,CHECK801542
PO0001623,V00488,2024-04-25,3026.42,USD,ACH,Completed,CHECK158637
PO0001624,V00488,2023-06-30,30.92,USD,Check,Pending,CHECK443982
PO0001625,V00488,2023-01-29,586.59,USD,Wire Transfer,Completed,CHECK989098
PO0001626,V00488,2024-08-10,75.47,USD,Check,Completed,CHECK502484
PO0001627,V00488,2025-08-20,28.97,USD,Credit Card,Completed,CHECK410668
PO0001628,V00488,2024-08-19,387.15,USD,Check,Completed,CHECK122015
PO0001629,V00488,2024-05-21,15653.98,USD,Check,Completed,CHECK290767
PO0001630,V00488,2023-06-10,429.21,USD,Wire Transfer,Completed,CHECK571397
PO0001631,V00488,2025-01-29,3044.83,USD,ACH,Completed,CHECK659556
PO0001632,V00488,2025-06-16,143.46,USD,Check,Completed,CHECK971945
PO0001633,V00488,2024-06-23,700.05,USD,Wire Transfer,Completed,CHECK879647
PO0001634,V00488,2024-09-06,364.45,USD,Check,Pending,CHECK502887
PO0001635,V00456,2025-03-01,22.13,USD,Wire Transfer,Completed,CHECK992501
PO0001636,V00456,2025-08-16,125.05,USD,Wire Transfer,Completed,CHECK714153
PO0001637,V00456,2025-07-05,12628.34,USD,Check,Completed,CHECK450720
PO0001638,V00456,2024-12-19,12518.36,USD,Credit Card,Pending,CHECK283739
PO0001639,V00456,2025-08-18,38.79,USD,Check,Completed,CHECK407452
PO0001640,V00456,2024-03-04,394.09,USD,Credit Card,Pending,CHECK632127
PO0001641,V00456,2023-01-31,8757.47,USD,ACH,Completed,CHECK482608
PO0001642,V00456,2024-09-22,3.21,USD,Credit Card,Completed,CHECK974278
PO0001643,V00456,2023-07-11,161.22,USD,ACH,Cancelled,CHECK855604
PO0001644,V00456,2024-12-24,210156.38,USD,ACH,Completed,CHECK503690
PO0001645,V00456,2025-03-05,197.98,USD,Wire Transfer,Completed,CHECK983106
PO0001646,V00456,2024-08-02,1299.76,USD,Wire Transfer,Completed,CHECK894527
PO0001647,V00456,2025-07-03,72.24,USD,Wire Transfer,Completed,CHECK475585
PO0001648,V00456,2024-05-07,4864.56,USD,Check,Completed,CHECK932088
PO0001649,V00456,2025-07-14,4101.47,USD,Credit Card,Completed,CHECK328708
PO0001650,V00456,2024-08-25,1128.88,USD,Wire Transfer,Completed,CHECK876856
PO0001651,V00456,2024-01-03,85.76,USD,ACH,Pending,CHECK279057
PO0001652,V00456,2023-04-07,59.81,USD,Check,Completed,CHECK810548
PO0001653,V00456,2024-12-22,168.44,USD,ACH,Completed,CHECK485146
PO0001654,V00456,2024-10-12,4.16,USD,Credit Card,Pending,CHECK722986
PO0001655,V00456,2025-12-22,320.76,USD,ACH,Completed,CHECK881917
PO0001656,V00456,2024-08-31,837.87,USD,Wire Transfer,Completed,CHECK652313
PO0001657,V00266,2024-05-27,8112.72,USD,Wire Transfer,Cancelled,CHECK361988
PO0001658,V00266,2023-11-10,236.0,USD,Wire Transfer,Completed,CHECK745034
PO0001659,V00266,2025-11-08,2107.23,USD,ACH,Completed,CHECK742234
PO0001660,V00266,2023-09-28,1839307.44,USD,Wire Transfer,Pending,CHECK123377
PO0001661,V00176,2024-11-29,787.38,USD,Check,Pending,CHECK929935
PO0001662,V00176,2025-06-06,674.6,USD,Credit Card,Completed,CHECK377604
PO0001663,V00176,2024-06-04,172.55,USD,Credit Card,Completed,CHECK948721
PO0001664,V00176,2024-01-24,6752.76,USD,Check,Completed,CHECK993980
PO0001665,V00372,2023-02-05,1947.17,USD,ACH,Pending,CHECK775264
PO0001666,V00372,2024-03-26,43.16,USD,Check,Completed,CHECK706495
PO0001667,V00372,2024-12-25,704.49,USD,ACH,Pending,CHECK205908
PO0001668,V00372,2024-06-08,36.51,USD,Credit Card,Completed,CHECK328879
PO0001669,V00372,2025-05-03,1143.2,USD,Check,Cancelled,CHECK757071
PO0001670,V00219,2025-06-29,17.67,USD,Credit Card,Completed,CHECK459699
PO0001671,V00219,2025-10-06,1484.51,USD,Wire Transfer,Completed,CHECK431879
PO0001672,V00516,2024-04-29,164.73,USD,Wire Transfer,Completed,CHECK227221
PO0001673,V00516,2025-11-17,156.46,USD,Check,Completed,CHECK758774
PO0001674,V00516,2023-10-05,658.79,USD,Check,Completed,CHECK946995
PO0001675,V00516,2025-04-14,60.63,USD,Wire Transfer,Cancelled,CHECK158711
PO0001676,V00516,2023-11-26,29.78,USD,ACH,Completed,CHECK863123
PO0001677,V00516,2024-10-29,82.44,USD,Wire Transfer,Pending,CHECK402538
PO0001678,V00516,2024-09-03,502.7,USD,Credit Card,Completed,CHECK412282
PO0001679,V00516,2024-01-21,75.57,USD,Credit Card,Pending,CHECK122868
PO0001680,V00516,2025-04-09,631.49,USD,Wire Transfer,Completed,CHECK622159
PO0001681,V00516,2024-09-15,207.78,USD,Check,Cancelled,CHECK444165
PO0001682,V00516,2025-03-05,283.56,USD,Check,Completed,CHECK364077
PO0001683,V00516,2024-06-29,8805.15,USD,Wire Transfer,Completed,CHECK607252
PO0001684,V00516,2023-03-27,248.8,USD,Wire Transfer,Cancelled,CHECK979106
PO0001685,V00208,2024-12-10,1023.61,USD,Check,Completed,CHECK398525
PO0001686,V00208,2024-04-29,2276.69,USD,Credit Card,Completed,CHECK681706
PO0001687,V00208,2024-06-16,158.0,USD,Check,Completed,CHECK855463
PO0001688,V00208,2025-09-16,77653.74,USD,ACH,Pending,CHECK148840
PO0001689,V00208,2023-12-29,196.36,USD,Wire Transfer,Completed,CHECK538677
PO0001690,V00208,2024-01-08,91.96,USD,Wire Transfer,Pending,CHECK798837
PO0001691,V00208,2024-05-03,68.46,USD,ACH,Cancelled,CHECK733838
PO0001692,V00208,2024-01-01,1329.07,USD,Credit Card,Completed,CHECK696848
PO0001693,V00208,2023-08-14,449.46,USD,ACH,Completed,CHECK221353
PO0001694,V00367,2023-11-13,186.25,USD,Wire Transfer,Completed,CHECK280073
PO0001695,V00367,2024-02-06,774.08,USD,Credit Card,Completed,CHECK387119
PO0001696,V00367,2024-02-09,262.88,USD,Wire Transfer,Completed,CHECK303793
PO0001697,V00367,2025-12-16,410.71,USD,Credit Card,Completed,CHECK944110
PO0001698,V00367,2023-09-07,12.18,USD,Check,Cancelled,CHECK846488
PO0001699,V00367,2024-10-03,1336.16,USD,Credit Card,Pending,CHECK562293
PO0001700,V00367,2023-04-06,346.36,USD,Wire Transfer,Completed,CHECK603232
PO0001701,V00367,2024-11-23,5092.26,USD,Wire Transfer,Completed,CHECK502399
PO0001702,V00367,2025-01-10,451.86,USD,Credit Card,Cancelled,CHECK654553
PO0001703,V00367,2025-04-09,235.47,USD,Credit Card,Completed,CHECK328287
PO0001704,V00367,2024-08-30,1499.98,USD,Check,Pending,CHECK635809
PO0001705,V00367,2024-09-06,142.76,USD,Check,Completed,CHECK441954
PO0001706,V00367,2024-01-28,93.55,USD,ACH,Cancelled,CHECK395815
PO0001707,V00367,2024-08-29,3026.44,USD,ACH,Completed,CHECK733328
PO0001708,V00367,2024-03-01,161.04,USD,Check,Pending,CHECK994246
PO0001709,V00367,2025-12-15,781.73,USD,ACH,Completed,CHECK804005
PO0001710,V00367,2024-01-10,89.65,USD,Check,Cancelled,CHECK636683
PO0001711,V00367,2025-10-08,43.22,USD,Check,Completed,CHECK158327
PO0001712,V00367,2023-05-05,306.22,USD,Wire Transfer,Completed,CHECK126843
PO0001713,V00367,2023-01-13,143.52,USD,Check,Completed,CHECK645400
PO0001714,V00367,2024-09-12,605.64,USD,Check,Cancelled,CHECK164556
PO0001715,V00367,2024-06-13,304.77,USD,Credit Card,Completed,CHECK831048
PO0001716,V00367,2025-11-21,122.89,USD,ACH,Cancelled,CHECK788323
PO0001717,V00367,2025-11-16,476.01,USD,Check,Completed,CHECK290875
PO0001718,V00367,2025-03-22,233.19,USD,Check,Cancelled,CHECK148196
PO0001719,V00367,2024-09-16,1195.3,USD,ACH,Cancelled,CHECK522491
PO0001720,V00367,2023-11-18,11.14,USD,Check,Completed,CHECK514026
PO0001721,V00367,2025-06-20,503.37,USD,Credit Card,Completed,CHECK610501
PO0001722,V00367,2025-02-15,744.86,USD,Check,Completed,CHECK549698
PO0001723,V00367,2024-07-14,2061.17,USD,ACH,Completed,CHECK748112
PO0001724,V00414,2025-12-23,1083.81,USD,ACH,Completed,CHECK667741
PO0001725,V00414,2025-02-16,145.41,USD,Check,Completed,CHECK918660
PO0001726,V00414,2024-02-28,507.77,USD,Wire Transfer,Cancelled,CHECK517212
PO0001727,V00414,2024-03-30,120.77,USD,ACH,Cancelled,CHECK768112
PO0001728,V00414,2024-10-08,498.26,USD,Check,Completed,CHECK434093
PO0001729,V00414,2023-04-13,15198.19,USD,ACH,Pending,CHECK825872
PO0001730,V00414,2025-11-28,343.27,USD,Wire Transfer,Completed,CHECK305601
PO0001731,V00414,2024-10-13,133.14,USD,Credit Card,Cancelled,CHECK218274
PO0001732,V00414,2025-01-30,132.16,USD,Wire Transfer,Completed,CHECK253232
PO0001733,V00414,2024-06-17,1052.77,USD,Credit Card,Pending,CHECK940215
PO0001734,V00414,2024-01-26,15.23,USD,Check,Completed,CHECK759495
PO0001735,V00414,2023-09-20,352.22,USD,ACH,Completed,CHECK451484
PO0001736,V00414,2024-04-08,651.44,USD,ACH,Completed,CHECK564291
PO0001737,V00414,2024-12-14,1206.85,USD,Check,Cancelled,CHECK477061
PO0001738,V00414,2024-01-08,2234.41,USD,ACH,Completed,CHECK503301
PO0001739,V00414,2024-11-14,14.99,USD,Credit Card,Pending,CHECK127881
PO0001740,V00414,2025-03-25,243.16,USD,ACH,Pending,CHECK877032
PO0001741,V00414,2025-10-09,1139.95,USD,ACH,Pending,CHECK829528
PO0001742,V00414,2024-05-02,177.06,USD,Wire Transfer,Completed,CHECK597441
PO0001743,V00543,2023-03-09,293.21,USD,ACH,Completed,CHECK442491
PO0001744,V00037,2024-03-07,1171.95,USD,ACH,Cancelled,CHECK214776
PO0001745,V00037,2024-07-24,163.58,USD,ACH,Completed,CHECK506248
PO0001746,V00037,2025-03-12,1458.08,USD,Check,Pending,CHECK433305
PO0001747,V00037,2023-06-03,6012.17,USD,Credit Card,Pending,CHECK560498
PO0001748,V00037,2024-10-10,12.33,USD,Check,Completed,CHECK701118
PO0001749,V00037,2025-04-01,606.51,USD,ACH,Completed,CHECK193347
PO0001750,V00037,2023-12-07,1264.2,USD,ACH,Completed,CHECK698516
PO0001751,V00037,2025-03-03,192.71,USD,Check,Cancelled,CHECK312943
PO0001752,V00037,2024-02-06,891.88,USD,Wire Transfer,Cancelled,CHECK497015
PO0001753,V00037,2025-07-23,89.55,USD,ACH,Completed,CHECK631481
PO0001754,V00037,2024-07-13,602.64,USD,Credit Card,Completed,CHECK365501
PO0001755,V00037,2024-06-13,12.48,USD,ACH,Completed,CHECK867973
PO0001756,V00037,2024-11-21,20.34,USD,Check,Completed,CHECK304330
PO0001757,V00037,2023-07-01,2308.01,USD,ACH,Pending,CHECK659111
PO0001758,V00037,2024-05-09,551.48,USD,Check,Completed,CHECK780635
PO0001759,V00037,2025-11-18,11924.95,USD,Check,Completed,CHECK216791
PO0001760,V00037,2024-12-16,202.74,USD,Check,Pending,CHECK557012
PO0001761,V00037,2025-01-16,154.45,USD,Credit Card,Completed,CHECK629174
PO0001762,V00037,2023-09-14,1180.74,USD,Wire Transfer,Cancelled,CHECK547293
PO0001763,V00037,2025-05-14,255.83,USD,Credit Card,Completed,CHECK571701
PO0001764,V00037,2024-03-13,33.62,USD,Check,Completed,CHECK362412
PO0001765,V00271,2024-02-21,472.81,USD,Credit Card,Completed,CHECK386656
PO0001766,V00271,2024-11-05,1.6,USD,ACH,Completed,CHECK234549
PO0001767,V00539,2025-05-17,4377.69,USD,Check,Cancelled,CHECK957737
PO0001768,V00539,2025-12-23,65.32,USD,ACH,Cancelled,CHECK914372
PO0001769,V00539,2025-05-04,1210.0,USD,ACH,Pending,CHECK991205
PO0001770,V00539,2023-07-02,122.74,USD,Credit Card,Pending,CHECK568678
PO0001771,V00539,2024-05-17,208.94,USD,Check,Cancelled,CHECK723799
PO0001772,V00539,2023-06-16,648.76,USD,Credit Card,Completed,CHECK102072
PO0001773,V00539,2025-01-29,392.69,USD,ACH,Cancelled,CHECK387011
PO0001774,V00539,2024-07-31,2206.5,USD,Credit Card,Completed,CHECK157358
PO0001775,V00504,2025-02-11,33.0,USD,ACH,Completed,CHECK631245
PO0001776,V00504,2024-07-31,82.2,USD,Check,Completed,CHECK986611
PO0001777,V00375,2024-02-08,2080.55,USD,Wire Transfer,Completed,CHECK859251
PO0001778,V00375,2023-02-09,63.62,USD,ACH,Pending,CHECK301724
PO0001779,V00375,2025-03-30,23.93,USD,Wire Transfer,Completed,CHECK377228
PO0001780,V00378,2024-04-19,307.27,USD,ACH,Completed,CHECK969992
PO0001781,V00378,2024-02-21,25.98,USD,Wire Transfer,Pending,CHECK138668
PO0001782,V00378,2023-02-28,32.96,USD,Wire Transfer,Pending,CHECK228747
PO0001783,V00378,2025-10-06,18.67,USD,Wire Transfer,Pending,CHECK166631
PO0001784,V00378,2024-08-03,488.77,USD,Credit Card,Cancelled,CHECK435793
PO0001785,V00378,2023-12-20,58.84,USD,ACH,Completed,CHECK865451
PO0001786,V00378,2023-02-07,302.76,USD,Wire Transfer,Completed,CHECK903842
PO0001787,V00378,2024-10-13,172.25,USD,ACH,Pending,CHECK488560
PO0001788,V00378,2023-05-27,1343.68,USD,Check,Completed,CHECK324137
PO0001789,V00378,2024-07-24,19016.94,USD,Wire Transfer,Completed,CHECK231622
PO0001790,V00378,2023-04-26,774.07,USD,Check,Completed,CHECK630691
PO0001791,V00378,2025-08-04,135.92,USD,Credit Card,Pending,CHECK766174
PO0001792,V00378,2024-02-01,12056.04,USD,Check,Completed,CHECK995353
PO0001793,V00378,2025-11-06,439.06,USD,ACH,Completed,CHECK615523
PO0001794,V00378,2025-05-12,3502.14,USD,Wire Transfer,Pending,CHECK296441
PO0001795,V00378,2023-08-23,164.59,USD,Wire Transfer,Completed,CHECK799878
PO0001796,V00378,2024-05-13,293.57,USD,Check,Pending,CHECK574831
PO0001797,V00378,2023-05-14,23.15,USD,Credit Card,Completed,CHECK569454
PO0001798,V00378,2025-01-29,50.59,USD,Wire Transfer,Pending,CHECK456977
PO0001799,V00378,2025-10-22,768.82,USD,ACH,Cancelled,CHECK138903
PO0001800,V00378,2025-12-29,1892.37,USD,Credit Card,Completed,CHECK534102
PO0001801,V00378,2025-05-23,199.79,USD,Credit Card,Completed,CHECK215461
PO0001802,V00378,2023-11-11,406.07,USD,Credit Card,Completed,CHECK302881
PO0001803,V00378,2024-10-17,1018.58,USD,ACH,Completed,CHECK224048
PO0001804,V00378,2023-08-09,61.92,USD,ACH,Pending,CHECK425347
PO0001805,V00378,2024-10-20,835.93,USD,Check,Completed,CHECK251688
PO0001806,V00378,2025-07-07,104.41,USD,Credit Card,Cancelled,CHECK185308
PO0001807,V00313,2024-02-06,6366.77,USD,Credit Card,Completed,CHECK606871
PO0001808,V00313,2023-11-28,314.54,USD,Check,Pending,CHECK788405
PO0001809,V00313,2025-08-02,240.41,USD,Credit Card,Completed,CHECK672873
PO0001810,V00313,2024-07-23,766.23,USD,Wire Transfer,Cancelled,CHECK143848
PO0001811,V00313,2024-08-25,81.11,USD,Check,Completed,CHECK801410
PO0001812,V00313,2024-07-04,1593.01,USD,ACH,Cancelled,CHECK201424
PO0001813,V00313,2023-03-24,536.24,USD,Credit Card,Completed,CHECK360886
PO0001814,V00313,2023-04-26,431.9,USD,Wire Transfer,Completed,CHECK880237
PO0001815,V00313,2025-08-23,534.07,USD,ACH,Cancelled,CHECK605734
PO0001816,V00313,2024-06-19,1968.21,USD,Wire Transfer,Completed,CHECK779634
PO0001817,V00313,2023-10-07,1792.7,USD,Credit Card,Completed,CHECK716517
PO0001818,V00313,2025-05-25,148046.52,USD,Check,Pending,CHECK308294
PO0001819,V00313,2024-06-28,76.11,USD,Credit Card,Pending,CHECK389812
PO0001820,V00421,2024-09-23,68.95,USD,ACH,Completed,CHECK815920
PO0001821,V00421,2025-10-03,197.7,USD,Credit Card,Pending,CHECK554871
PO0001822,V00421,2025-02-15,4650.48,USD,Wire Transfer,Pending,CHECK300018
PO0001823,V00421,2023-09-28,30547.11,USD,Credit Card,Completed,CHECK582126
PO0001824,V00421,2023-08-13,218.09,USD,ACH,Cancelled,CHECK426799
PO0001825,V00421,2023-08-27,103.38,USD,Wire Transfer,Cancelled,CHECK675437
PO0001826,V00421,2025-05-26,75.58,USD,ACH,Pending,CHECK507769
PO0001827,V00421,2024-02-14,178.51,USD,Credit Card,Cancelled,CHECK302066
PO0001828,V00421,2025-06-13,933.44,USD,Credit Card,Completed,CHECK180351
PO0001829,V00421,2024-09-21,822.35,USD,Check,Pending,CHECK414033
PO0001830,V00421,2023-07-01,411.69,USD,Wire Transfer,Completed,CHECK650990
PO0001831,V00421,2025-03-03,126.99,USD,Check,Completed,CHECK740227
PO0001832,V00421,2025-01-15,278.77,USD,ACH,Completed,CHECK375357
PO0001833,V00421,2023-05-10,2055.6,USD,Wire Transfer,Completed,CHECK215293
PO0001834,V00421,2023-07-10,3486.69,USD,Credit Card,Completed,CHECK486728
PO0001835,V00421,2023-07-28,13541.92,USD,Check,Completed,CHECK520568
PO0001836,V00421,2025-01-26,606.2,USD,Wire Transfer,Cancelled,CHECK973483
PO0001837,V00421,2023-06-07,7691.97,USD,Check,Cancelled,CHECK291251
PO0001838,V00421,2024-03-20,200.49,USD,Wire Transfer,Completed,CHECK792781
PO0001839,V00421,2023-05-21,355.63,USD,ACH,Pending,CHECK728483
PO0001840,V00421,2025-11-24,402.72,USD,Credit Card,Completed,CHECK656984
PO0001841,V00421,2023-04-08,3097.96,USD,Check,Completed,CHECK827553
PO0001842,V00421,2024-12-26,4812.05,USD,Wire Transfer,Pending,CHECK939875
PO0001843,V00421,2024-02-01,15.74,USD,ACH,Pending,CHECK317836
PO0001844,V00421,2023-01-17,1833.79,USD,Check,Cancelled,CHECK709858
PO0001845,V00421,2024-08-07,2251.85,USD,Credit Card,Completed,CHECK535309
PO0001846,V00421,2025-11-21,2402.08,USD,Credit Card,Pending,CHECK889719
PO0001847,V00421,2023-03-25,503.8,USD,ACH,Pending,CHECK992303
PO0001848,V00440,2025-08-20,214.13,USD,Wire Transfer,Completed,CHECK123871
PO0001849,V00440,2024-03-12,105.48,USD,ACH,Completed,CHECK115775
PO0001850,V00440,2023-03-25,260.41,USD,Check,Completed,CHECK321825
PO0001851,V00440,2024-03-27,254.05,USD,Check,Completed,CHECK462748
PO0001852,V00440,2023-05-23,692.72,USD,Check,Pending,CHECK417141
PO0001853,V00440,2023-03-21,270.7,USD,Check,Completed,CHECK768239
PO0001854,V00440,2024-09-11,578.83,USD,Wire Transfer,Completed,CHECK142715
PO0001855,V00440,2023-02-13,2400.71,USD,Wire Transfer,Completed,CHECK500894
PO0001856,V00440,2023-05-11,235.34,USD,ACH,Cancelled,CHECK765712
PO0001857,V00440,2023-02-12,703.81,USD,ACH,Cancelled,CHECK383140
PO0001858,V00440,2023-06-16,420.53,USD,ACH,Completed,CHECK385837
PO0001859,V00440,2024-04-18,512.82,USD,ACH,Cancelled,CHECK660305
PO0001860,V00440,2023-03-27,43.36,USD,Wire Transfer,Completed,CHECK763845
PO0001861,V00440,2024-07-30,214.25,USD,Credit Card,Completed,CHECK296431
PO0001862,V00440,2025-12-22,40.2,USD,Credit Card,Cancelled,CHECK640061
PO0001863,V00440,2023-08-05,2895.39,USD,Check,Completed,CHECK145456
PO0001864,V00440,2023-02-01,437.18,USD,Check,Completed,CHECK747437
PO0001865,V00440,2023-06-02,536.94,USD,Credit Card,Pending,CHECK516963
PO0001866,V00489,2023-09-02,767.45,USD,ACH,Completed,CHECK934521
PO0001867,V00489,2023-04-08,418.25,USD,Credit Card,Completed,CHECK506941
PO0001868,V00489,2024-06-16,1679.41,USD,Credit Card,Completed,CHECK849688
PO0001869,V00489,2023-07-13,611.19,USD,Check,Completed,CHECK176209
PO0001870,V00489,2024-08-14,411.74,USD,Wire Transfer,Completed,CHECK537546
PO0001871,V00489,2024-08-07,708.29,USD,ACH,Completed,CHECK537276
PO0001872,V00489,2024-08-07,9.07,USD,Credit Card,Pending,CHECK136826
PO0001873,V00489,2023-12-20,373.03,USD,Wire Transfer,Pending,CHECK973912
PO0001874,V00489,2025-01-04,2184.97,USD,Credit Card,Completed,CHECK393568
PO0001875,V00489,2023-11-12,3.04,USD,Credit Card,Pending,CHECK347877
PO0001876,V00489,2023-07-15,77.09,USD,Credit Card,Pending,CHECK309880
PO0001877,V00489,2025-03-27,222.22,USD,Check,Pending,CHECK501535
PO0001878,V00489,2023-07-25,30.91,USD,Credit Card,Pending,CHECK616037
PO0001879,V00489,2024-11-06,4.61,USD,Check,Pending,CHECK903457
PO0001880,V00489,2025-12-20,4267.99,USD,ACH,Completed,CHECK725316
PO0001881,V00489,2025-04-08,10.49,USD,ACH,Completed,CHECK427917
PO0001882,V00489,2024-06-20,398.55,USD,Credit Card,Completed,CHECK573838
PO0001883,V00489,2025-05-15,657.86,USD,Credit Card,Cancelled,CHECK406986
PO0001884,V00489,2024-08-16,2545.1,USD,Check,Completed,CHECK318318
PO0001885,V00489,2023-11-07,2534.08,USD,Credit Card,Completed,CHECK948699
PO0001886,V00489,2025-12-20,106.26,USD,Wire Transfer,Pending,CHECK358617
PO0001887,V00489,2025-05-09,325.55,USD,Credit Card,Completed,CHECK410102
PO0001888,V00489,2025-12-08,52.08,USD,Wire Transfer,Completed,CHECK203534
PO0001889,V00489,2025-01-12,397.9,USD,ACH,Cancelled,CHECK605283
PO0001890,V00489,2024-01-28,511.68,USD,Wire Transfer,Completed,CHECK838264
PO0001891,V00489,2024-07-23,268.98,USD,Wire Transfer,Completed,CHECK135780
PO0001892,V00489,2024-07-23,3723.0,USD,ACH,Completed,CHECK511624
PO0001893,V00489,2025-03-12,1746.42,USD,ACH,Completed,CHECK910322
PO0001894,V00261,2025-06-19,270.71,USD,ACH,Completed,CHECK446225
PO0001895,V00261,2024-05-28,3428.16,USD,Check,Completed,CHECK365988
PO0001896,V00261,2023-04-16,1050.47,USD,ACH,Completed,CHECK370613
PO0001897,V00261,2023-04-12,2914.75,USD,Wire Transfer,Pending,CHECK433356
PO0001898,V00261,2024-04-27,11984.33,USD,ACH,Completed,CHECK885274
PO0001899,V00261,2023-04-16,25.3,USD,Check,Completed,CHECK192875
PO0001900,V00261,2025-08-04,54.9,USD,Check,Completed,CHECK233464
PO0001901,V00261,2024-04-19,106.68,USD,ACH,Completed,CHECK878345
PO0001902,V00261,2025-10-21,2213.92,USD,Check,Pending,CHECK346412
PO0001903,V00261,2024-02-04,1167.37,USD,Check,Completed,CHECK307993
PO0001904,V00261,2024-02-01,1025.26,USD,ACH,Completed,CHECK779680
PO0001905,V00261,2025-05-06,3513.41,USD,ACH,Completed,CHECK866915
PO0001906,V00261,2024-04-24,111.75,USD,Check,Cancelled,CHECK644734
PO0001907,V00261,2023-05-02,23.39,USD,Check,Cancelled,CHECK272694
PO0001908,V00261,2024-05-09,1081.32,USD,Wire Transfer,Completed,CHECK390949
PO0001909,V00210,2023-06-01,199.6,USD,ACH,Completed,CHECK815767
PO0001910,V00210,2023-06-16,257.65,USD,Check,Completed,CHECK354835
PO0001911,V00210,2025-06-09,14762.73,USD,ACH,Pending,CHECK931131
PO0001912,V00210,2025-04-23,206.94,USD,ACH,Pending,CHECK618710
PO0001913,V00210,2025-01-07,219.82,USD,Credit Card,Completed,CHECK497170
PO0001914,V00210,2024-05-08,942.5,USD,Check,Completed,CHECK793446
PO0001915,V00210,2024-12-09,125.37,USD,Credit Card,Completed,CHECK612289
PO0001916,V00210,2024-05-03,83.05,USD,Check,Completed,CHECK305531
PO0001917,V00210,2024-10-02,94.39,USD,ACH,Completed,CHECK887391
PO0001918,V00210,2025-07-25,19.04,USD,ACH,Completed,CHECK598828
PO0001919,V00210,2024-09-11,170.1,USD,Credit Card,Completed,CHECK295020
PO0001920,V00210,2024-02-26,531.82,USD,ACH,Pending,CHECK843322
PO0001921,V00210,2025-10-29,53.59,USD,ACH,Completed,CHECK334110
PO0001922,V00210,2025-09-18,644.8,USD,Credit Card,Completed,CHECK477243
PO0001923,V00210,2023-03-12,40.0,USD,ACH,Completed,CHECK609437
PO0001924,V00493,2024-01-21,253.42,USD,Credit Card,Pending,CHECK846192
PO0001925,V00493,2024-11-11,101.98,USD,Credit Card,Completed,CHECK902513
PO0001926,V00493,2023-03-12,2496.5,USD,Check,Completed,CHECK142870
PO0001927,V00493,2024-01-17,212.15,USD,Check,Pending,CHECK861029
PO0001928,V00493,2023-06-16,285.76,USD,ACH,Pending,CHECK425525
PO0001929,V00493,2025-10-19,84168.94,USD,ACH,Completed,CHECK248820
PO0001930,V00493,2023-02-25,250.65,USD,Check,Pending,CHECK170684
PO0001931,V00493,2025-07-25,133.04,USD,Wire Transfer,Pending,CHECK433026
PO0001932,V00493,2025-04-30,581.64,USD,Credit Card,Completed,CHECK948624
PO0001933,V00493,2023-09-15,1179.95,USD,Credit Card,Completed,CHECK704803
PO0001934,V00493,2024-10-13,464.22,USD,Credit Card,Pending,CHECK541042
PO0001935,V00493,2024-01-28,19.87,USD,Wire Transfer,Completed,CHECK878406
PO0001936,V00493,2024-02-10,773.24,USD,Check,Pending,CHECK940856
PO0001937,V00493,2023-05-19,21.23,USD,Credit Card,Completed,CHECK711434
PO0001938,V00493,2024-04-23,80.7,USD,ACH,Pending,CHECK341932
PO0001939,V00493,2025-03-23,4588.67,USD,Credit Card,Completed,CHECK880806
PO0001940,V00493,2024-05-26,55.48,USD,Wire Transfer,Completed,CHECK885717
PO0001941,V00493,2023-07-18,456.29,USD,ACH,Cancelled,CHECK434890
PO0001942,V00493,2023-01-25,1967.89,USD,Wire Transfer,Completed,CHECK751316
PO0001943,V00493,2024-12-09,84.11,USD,ACH,Completed,CHECK274512
PO0001944,V00493,2024-06-05,135.16,USD,Wire Transfer,Pending,CHECK278884
PO0001945,V00493,2024-11-16,393.44,USD,Wire Transfer,Completed,CHECK376767
PO0001946,V00493,2025-02-08,2097.7,USD,Wire Transfer,Cancelled,CHECK302606
PO0001947,V00493,2024-05-22,252.84,USD,Wire Transfer,Pending,CHECK350331
PO0001948,V00247,2025-12-28,19669.02,USD,ACH,Pending,CHECK440498
PO0001949,V00247,2024-05-08,88.3,USD,Credit Card,Pending,CHECK154058
PO0001950,V00247,2025-03-23,10953.86,USD,Wire Transfer,Completed,CHECK953344
PO0001951,V00247,2024-05-03,207.03,USD,Wire Transfer,Pending,CHECK219121
PO0001952,V00247,2025-03-12,3171.48,USD,Wire Transfer,Completed,CHECK697728
PO0001953,V00247,2025-12-29,289.18,USD,Check,Cancelled,CHECK498235
PO0001954,V00247,2024-05-29,69469.09,USD,Check,Completed,CHECK747270
PO0001955,V00247,2025-03-05,616.43,USD,ACH,Pending,CHECK998605
PO0001956,V00247,2025-12-17,1.61,USD,Credit Card,Completed,CHECK874232
PO0001957,V00247,2024-05-23,356.93,USD,ACH,Pending,CHECK412396
PO0001958,V00247,2023-04-30,13534.62,USD,ACH,Completed,CHECK900023
PO0001959,V00247,2023-06-01,9.63,USD,Credit Card,Completed,CHECK555333
PO0001960,V00247,2023-05-05,3889.55,USD,Credit Card,Completed,CHECK811926
PO0001961,V00247,2025-08-07,3.63,USD,Credit Card,Completed,CHECK813578
PO0001962,V00247,2023-11-19,491.43,USD,Wire Transfer,Cancelled,CHECK856266
PO0001963,V00247,2025-12-05,96.22,USD,Wire Transfer,Completed,CHECK223182
PO0001964,V00247,2023-05-27,253.44,USD,Credit Card,Completed,CHECK286121
PO0001965,V00247,2024-03-02,37121.06,USD,Check,Completed,CHECK736986
PO0001966,V00247,2024-08-01,85.92,USD,Check,Pending,CHECK495087
PO0001967,V00247,2024-05-14,4.77,USD,Wire Transfer,Completed,CHECK146484
PO0001968,V00247,2025-04-03,30.05,USD,Check,Pending,CHECK722500
PO0001969,V00247,2025-03-26,7845.46,USD,Credit Card,Completed,CHECK577394
PO0001970,V00247,2025-04-09,420.54,USD,Check,Completed,CHECK338616
PO0001971,V00247,2025-06-19,1347.25,USD,Credit Card,Completed,CHECK454584
PO0001972,V00247,2023-05-02,203.11,USD,Check,Completed,CHECK266614
PO0001973,V00247,2025-08-20,21.98,USD,Wire Transfer,Cancelled,CHECK113626
PO0001974,V00247,2023-10-11,234.09,USD,Credit Card,Completed,CHECK988646
PO0001975,V00247,2025-04-24,1810.61,USD,Wire Transfer,Completed,CHECK950486
PO0001976,V00247,2023-08-05,1577.53,USD,Credit Card,Completed,CHECK876799
PO0001977,V00506,2024-09-30,15521.71,USD,Wire Transfer,Pending,CHECK363729
PO0001978,V00506,2025-12-16,24.04,USD,Credit Card,Completed,CHECK931751
PO0001979,V00506,2025-08-23,580.46,USD,Wire Transfer,Cancelled,CHECK688229
PO0001980,V00506,2025-08-04,4015.89,USD,Wire Transfer,Cancelled,CHECK747487
PO0001981,V00506,2024-02-04,142.13,USD,Wire Transfer,Completed,CHECK677074
PO0001982,V00506,2023-04-21,12477.42,USD,Wire Transfer,Completed,CHECK865992
PO0001983,V00506,2024-02-23,44.54,USD,ACH,Cancelled,CHECK602472
PO0001984,V00506,2025-06-05,643.16,USD,Check,Completed,CHECK700591
PO0001985,V00506,2025-03-12,18083.83,USD,Check,Cancelled,CHECK203721
PO0001986,V00506,2024-11-08,179.86,USD,ACH,Pending,CHECK898305
PO0001987,V00506,2024-12-10,384.77,USD,ACH,Completed,CHECK620905
PO0001988,V00506,2024-03-05,3910.85,USD,Check,Cancelled,CHECK894845
PO0001989,V00506,2023-09-04,84.94,USD,Credit Card,Completed,CHECK818150
PO0001990,V00506,2024-04-12,1313.0,USD,Check,Completed,CHECK295837
PO0001991,V00506,2025-06-03,1356.97,USD,Wire Transfer,Completed,CHECK445317
PO0001992,V00506,2024-06-07,1054.59,USD,ACH,Completed,CHECK226337
PO0001993,V00419,2024-07-05,278.15,USD,Check,Completed,CHECK254346
PO0001994,V00419,2024-05-14,6.16,USD,Check,Completed,CHECK343383
PO0001995,V00419,2025-01-09,36.18,USD,Credit Card,Completed,CHECK470518
PO0001996,V00419,2023-12-24,248.73,USD,Wire Transfer,Completed,CHECK196683
PO0001997,V00419,2024-05-02,110.83,USD,ACH,Completed,CHECK222217
PO0001998,V00419,2023-08-07,64.64,USD,Credit Card,Cancelled,CHECK136929
PO0001999,V00419,2023-05-20,1590.17,USD,Wire Transfer,Completed,CHECK406185
PO0002000,V00419,2023-07-23,43.64,USD,Wire Transfer,Completed,CHECK495395
PO0002001,V00419,2023-06-22,488.35,USD,Credit Card,Completed,CHECK483639
PO0002002,V00419,2024-10-26,782.58,USD,Wire Transfer,Completed,CHECK700425
PO0002003,V00419,2023-11-24,151.45,USD,ACH,Cancelled,CHECK919402
PO0002004,V00419,2025-03-06,10.72,USD,ACH,Cancelled,CHECK333824
PO0002005,V00419,2023-12-19,28186.38,USD,Check,Completed,CHECK829110
PO0002006,V00419,2025-03-22,103984.07,USD,ACH,Completed,CHECK129135
PO0002007,V00419,2023-04-17,549.99,USD,Wire Transfer,Completed,CHECK529764
PO0002008,V00419,2025-04-08,32.49,USD,Wire Transfer,Completed,CHECK374398
PO0002009,V00419,2024-04-11,714.46,USD,Credit Card,Cancelled,CHECK192621
PO0002010,V00419,2025-01-29,1897.07,USD,Credit Card,Pending,CHECK665153
PO0002011,V00419,2023-10-21,1264.87,USD,Wire Transfer,Completed,CHECK615924
PO0002012,V00419,2023-06-20,10.24,USD,Check,Completed,CHECK697787
PO0002013,V00419,2024-07-11,19.06,USD,Credit Card,Cancelled,CHECK494504
PO0002014,V00419,2025-08-19,234.61,USD,ACH,Cancelled,CHECK260699
PO0002015,V00419,2023-03-19,6031.89,USD,ACH,Pending,CHECK349875
PO0002016,V00419,2025-01-14,178.41,USD,Credit Card,Completed,CHECK428052
PO0002017,V00419,2024-01-11,499.85,USD,ACH,Cancelled,CHECK335941
PO0002018,V00419,2024-12-25,32.34,USD,Check,Completed,CHECK670456
PO0002019,V00419,2025-10-28,25627.12,USD,Check,Completed,CHECK753601
PO0002020,V00146,2023-10-15,1836.93,USD,Credit Card,Cancelled,CHECK249502
PO0002021,V00146,2024-11-29,1150.48,USD,Check,Cancelled,CHECK163049
PO0002022,V00146,2025-09-15,426.01,USD,Credit Card,Cancelled,CHECK437419
PO0002023,V00146,2023-07-22,2265.7,USD,ACH,Pending,CHECK266972
PO0002024,V00146,2025-04-05,8.28,USD,Credit Card,Cancelled,CHECK389873
PO0002025,V00146,2023-08-27,66.75,USD,Credit Card,Completed,CHECK925209
PO0002026,V00146,2024-12-08,54.48,USD,Credit Card,Completed,CHECK771017
PO0002027,V00146,2025-10-13,19.99,USD,Check,Cancelled,CHECK785101
PO0002028,V00146,2025-09-16,322.99,USD,Check,Completed,CHECK724809
PO0002029,V00146,2025-02-15,116.74,USD,Check,Cancelled,CHECK260840
PO0002030,V00146,2024-11-13,255.97,USD,Credit Card,Pending,CHECK544080
PO0002031,V00111,2023-07-23,22.7,USD,ACH,Completed,CHECK120562
PO0002032,V00111,2024-10-17,167.24,USD,Credit Card,Completed,CHECK492444
PO0002033,V00111,2025-09-30,106.5,USD,Credit Card,Completed,CHECK198935
PO0002034,V00111,2025-03-13,1844.98,USD,ACH,Pending,CHECK410099
PO0002035,V00111,2024-05-09,173.46,USD,Check,Cancelled,CHECK959512
PO0002036,V00111,2024-03-13,928.46,USD,Wire Transfer,Cancelled,CHECK342777
PO0002037,V00111,2024-08-25,75.39,USD,ACH,Completed,CHECK170587
PO0002038,V00111,2023-03-22,155.28,USD,Check,Completed,CHECK126258
PO0002039,V00111,2023-09-07,884.01,USD,Credit Card,Pending,CHECK111964
PO0002040,V00111,2024-06-12,963.52,USD,ACH,Pending,CHECK944790
PO0002041,V00111,2025-11-30,23.2,USD,ACH,Completed,CHECK641948
PO0002042,V00111,2024-04-20,28.65,USD,Wire Transfer,Completed,CHECK812776
PO0002043,V00111,2023-10-31,10075.14,USD,Wire Transfer,Pending,CHECK169280
PO0002044,V00111,2024-03-09,939.32,USD,Credit Card,Pending,CHECK551431
PO0002045,V00111,2023-07-12,150.17,USD,ACH,Completed,CHECK287717
PO0002046,V00111,2024-02-29,1326.33,USD,Wire Transfer,Pending,CHECK205211
PO0002047,V00111,2023-01-23,537.15,USD,Credit Card,Completed,CHECK402278
PO0002048,V00111,2024-03-02,856.73,USD,Credit Card,Cancelled,CHECK502547
PO0002049,V00111,2024-07-12,155.94,USD,ACH,Pending,CHECK499475
PO0002050,V00111,2024-05-15,465.79,USD,Check,Completed,CHECK986070
PO0002051,V00111,2025-12-12,1815.84,USD,Credit Card,Cancelled,CHECK552990
PO0002052,V00111,2024-11-26,18.03,USD,Credit Card,Pending,CHECK193040
PO0002053,V00111,2023-04-17,34.34,USD,ACH,Pending,CHECK992127
PO0002054,V00111,2025-09-17,1272.1,USD,Wire Transfer,Completed,CHECK887590
PO0002055,V00111,2023-04-20,199.81,USD,Check,Completed,CHECK182953
PO0002056,V00111,2025-06-25,664.36,USD,Credit Card,Completed,CHECK377615
PO0002057,V00111,2024-02-25,222.33,USD,Wire Transfer,Cancelled,CHECK775463
PO0002058,V00251,2024-11-18,353.67,USD,ACH,Completed,CHECK437145
PO0002059,V00251,2024-10-25,841.67,USD,Wire Transfer,Completed,CHECK376398
PO0002060,V00251,2023-11-20,69.21,USD,Credit Card,Cancelled,CHECK197051
PO0002061,V00251,2025-01-26,7001.84,USD,ACH,Completed,CHECK101809
PO0002062,V00251,2025-03-04,648.93,USD,Check,Completed,CHECK404251
PO0002063,V00251,2025-04-25,464.41,USD,ACH,Completed,CHECK642665
PO0002064,V00251,2023-08-29,4493.65,USD,Credit Card,Completed,CHECK849670
PO0002065,V00251,2025-10-11,1731.2,USD,Credit Card,Pending,CHECK445656
PO0002066,V00251,2025-12-21,1318.55,USD,Wire Transfer,Completed,CHECK377311
PO0002067,V00251,2023-07-10,1876.23,USD,Wire Transfer,Completed,CHECK106945
PO0002068,V00251,2024-01-12,651.36,USD,Credit Card,Cancelled,CHECK825651
PO0002069,V00251,2025-06-23,20.38,USD,ACH,Pending,CHECK180675
PO0002070,V00251,2025-09-02,999.33,USD,ACH,Completed,CHECK642173
PO0002071,V00251,2023-01-07,137.53,USD,Wire Transfer,Completed,CHECK650481
PO0002072,V00251,2023-07-17,923.67,USD,Check,Completed,CHECK186946
PO0002073,V00251,2025-12-28,197.2,USD,Check,Completed,CHECK485954
PO0002074,V00251,2024-08-18,3586.06,USD,Check,Completed,CHECK738760
PO0002075,V00251,2025-09-08,6676.79,USD,Check,Completed,CHECK906233
PO0002076,V00251,2024-03-29,4529.76,USD,ACH,Completed,CHECK989792
PO0002077,V00251,2025-11-13,214.06,USD,Wire Transfer,Completed,CHECK621824
PO0002078,V00251,2023-09-06,42387.98,USD,ACH,Pending,CHECK172918
PO0002079,V00251,2025-07-12,102.3,USD,Wire Transfer,Pending,CHECK445339
PO0002080,V00251,2024-09-05,2966.76,USD,Check,Completed,CHECK887569
PO0002081,V00251,2024-12-30,10.46,USD,ACH,Cancelled,CHECK202983
PO0002082,V00251,2024-02-23,62.71,USD,Check,Completed,CHECK393522
PO0002083,V00251,2023-02-14,227.73,USD,Wire Transfer,Completed,CHECK525053
PO0002084,V00251,2023-01-18,555.72,USD,Check,Completed,CHECK712014
PO0002085,V00251,2023-10-01,2573.66,USD,Check,Completed,CHECK167924
PO0002086,V00538,2025-02-12,25.48,USD,Wire Transfer,Completed,CHECK321948
PO0002087,V00538,2023-12-18,67.87,USD,Credit Card,Completed,CHECK591781
PO0002088,V00538,2023-10-27,56327.01,USD,ACH,Cancelled,CHECK271830
PO0002089,V00538,2025-08-13,82.66,USD,ACH,Completed,CHECK194645
PO0002090,V00538,2024-07-26,3246.26,USD,ACH,Pending,CHECK273898
PO0002091,V00538,2023-03-11,5322.16,USD,Wire Transfer,Pending,CHECK709758
PO0002092,V00538,2023-02-10,1366.33,USD,ACH,Completed,CHECK523514
PO0002093,V00538,2024-05-18,211.61,USD,Credit Card,Pending,CHECK721355
PO0002094,V00538,2023-11-02,977.19,USD,ACH,Completed,CHECK207257
PO0002095,V00499,2023-06-04,14.16,USD,Wire Transfer,Completed,CHECK417767
PO0002096,V00499,2024-05-25,107.78,USD,Wire Transfer,Pending,CHECK432215
PO0002097,V00107,2023-07-18,90.75,USD,Wire Transfer,Cancelled,CHECK849279
PO0002098,V00107,2024-01-12,329.6,USD,Credit Card,Completed,CHECK583965
PO0002099,V00107,2023-03-30,308.09,USD,Credit Card,Pending,CHECK491130
PO0002100,V00107,2024-11-04,106761.35,USD,Check,Completed,CHECK518760
PO0002101,V00107,2025-01-27,146.06,USD,Check,Cancelled,CHECK204606
PO0002102,V00107,2025-05-29,179.04,USD,Credit Card,Completed,CHECK746497
PO0002103,V00107,2024-08-14,379.28,USD,Wire Transfer,Completed,CHECK444789
PO0002104,V00107,2023-10-26,52.47,USD,Check,Completed,CHECK109381
PO0002105,V00107,2024-07-24,1334.43,USD,ACH,Cancelled,CHECK913381
PO0002106,V00107,2024-08-24,7300.86,USD,ACH,Cancelled,CHECK432557
PO0002107,V00107,2025-07-21,135.86,USD,Wire Transfer,Completed,CHECK507191
PO0002108,V00107,2024-06-04,357.33,USD,Credit Card,Completed,CHECK770664
PO0002109,V00107,2023-04-05,19.28,USD,Credit Card,Cancelled,CHECK188988
PO0002110,V00107,2025-10-17,91.09,USD,Credit Card,Cancelled,CHECK394396
PO0002111,V00107,2025-02-20,69.37,USD,Credit Card,Cancelled,CHECK111747
PO0002112,V00107,2024-02-25,275.28,USD,Check,Completed,CHECK290084
PO0002113,V00107,2023-11-22,7342.32,USD,ACH,Cancelled,CHECK645195
PO0002114,V00107,2024-01-14,9867.35,USD,Wire Transfer,Pending,CHECK368392
PO0002115,V00107,2025-06-03,1778.21,USD,ACH,Completed,CHECK212283
PO0002116,V00107,2023-09-28,19340.97,USD,ACH,Cancelled,CHECK607228
PO0002117,V00107,2024-06-25,507.39,USD,Wire Transfer,Completed,CHECK778540
PO0002118,V00107,2025-06-27,65.97,USD,Wire Transfer,Pending,CHECK614570
PO0002119,V00107,2023-06-15,162.27,USD,Check,Completed,CHECK559739
PO0002120,V00107,2025-04-26,33.31,USD,Credit Card,Cancelled,CHECK413969
PO0002121,V00107,2024-11-22,1048.78,USD,Credit Card,Completed,CHECK435745
PO0002122,V00107,2023-11-13,570.43,USD,Wire Transfer,Completed,CHECK468551
PO0002123,V00107,2024-02-21,22.84,USD,Credit Card,Completed,CHECK424855
PO0002124,V00525,2023-03-04,15.58,USD,Wire Transfer,Completed,CHECK545808
PO0002125,V00525,2025-07-21,1717.1,USD,Credit Card,Completed,CHECK246261
PO0002126,V00525,2024-08-17,1337.32,USD,Credit Card,Completed,CHECK395795
PO0002127,V00525,2023-07-23,933.07,USD,ACH,Completed,CHECK136827
PO0002128,V00525,2024-06-13,1696.75,USD,Check,Cancelled,CHECK124013
PO0002129,V00525,2023-07-12,371.8,USD,ACH,Cancelled,CHECK301345
PO0002130,V00525,2023-12-23,542.72,USD,Wire Transfer,Completed,CHECK479793
PO0002131,V00525,2023-08-11,34489.35,USD,ACH,Pending,CHECK567823
PO0002132,V00525,2023-08-03,538.16,USD,Check,Pending,CHECK820979
PO0002133,V00525,2024-11-24,1386.55,USD,Wire Transfer,Completed,CHECK226073
PO0002134,V00525,2024-10-07,963.06,USD,ACH,Pending,CHECK480842
PO0002135,V00525,2023-03-20,485.5,USD,Wire Transfer,Completed,CHECK707619
PO0002136,V00525,2025-02-27,50.0,USD,Credit Card,Cancelled,CHECK743070
PO0002137,V00525,2023-02-28,28.61,USD,Wire Transfer,Completed,CHECK110179
PO0002138,V00525,2024-07-10,162.0,USD,ACH,Cancelled,CHECK895971
PO0002139,V00525,2023-02-11,520.33,USD,ACH,Completed,CHECK255726
PO0002140,V00525,2024-06-14,8.94,USD,Check,Completed,CHECK637018
PO0002141,V00525,2025-10-08,1244.53,USD,Check,Completed,CHECK704878
PO0002142,V00525,2023-03-08,228.24,USD,ACH,Cancelled,CHECK579274
PO0002143,V00525,2023-08-27,270.51,USD,Check,Completed,CHECK382792
PO0002144,V00525,2025-01-24,267.35,USD,Wire Transfer,Pending,CHECK360372
PO0002145,V00525,2024-05-16,223.29,USD,Check,Completed,CHECK916345
PO0002146,V00250,2023-10-31,5.5,USD,Credit Card,Completed,CHECK370098
PO0002147,V00250,2024-07-14,634.68,USD,ACH,Pending,CHECK767358
PO0002148,V00250,2024-04-23,7896.39,USD,ACH,Completed,CHECK892232
PO0002149,V00250,2024-05-31,4915.25,USD,Wire Transfer,Pending,CHECK887722
PO0002150,V00250,2024-06-06,86188.63,USD,Credit Card,Completed,CHECK202536
PO0002151,V00250,2024-05-22,7.85,USD,Wire Transfer,Pending,CHECK271882
PO0002152,V00250,2023-07-08,184.96,USD,ACH,Completed,CHECK261715
PO0002153,V00250,2023-04-05,6007.77,USD,Credit Card,Pending,CHECK987956
PO0002154,V00250,2025-09-26,151.92,USD,ACH,Completed,CHECK295757
PO0002155,V00292,2023-02-18,3517.63,USD,ACH,Cancelled,CHECK377314
PO0002156,V00292,2024-10-05,1824.98,USD,Wire Transfer,Cancelled,CHECK880172
PO0002157,V00292,2024-12-18,361.95,USD,ACH,Completed,CHECK344814
PO0002158,V00292,2024-09-09,4160.46,USD,Wire Transfer,Completed,CHECK823219
PO0002159,V00526,2024-07-29,64.0,USD,Check,Pending,CHECK381376
PO0002160,V00526,2023-07-05,893.1,USD,Credit Card,Completed,CHECK306862
PO0002161,V00526,2025-04-01,222.73,USD,Check,Completed,CHECK342736
PO0002162,V00526,2023-04-09,1859.47,USD,Credit Card,Pending,CHECK726666
PO0002163,V00526,2023-08-30,352.8,USD,Credit Card,Completed,CHECK657795
PO0002164,V00526,2025-08-10,249.33,USD,Wire Transfer,Pending,CHECK826884
PO0002165,V00526,2023-08-19,2073.11,USD,Wire Transfer,Completed,CHECK407950
PO0002166,V00526,2024-10-29,2349.33,USD,Wire Transfer,Completed,CHECK278186
PO0002167,V00526,2025-09-21,31.52,USD,Wire Transfer,Completed,CHECK150073
PO0002168,V00526,2024-04-08,18.49,USD,Check,Completed,CHECK973754
PO0002169,V00526,2024-05-15,1132.94,USD,Credit Card,Pending,CHECK696795
PO0002170,V00526,2025-04-28,7657.45,USD,Credit Card,Cancelled,CHECK720850
PO0002171,V00526,2024-03-07,807.26,USD,ACH,Completed,CHECK130125
PO0002172,V00526,2024-04-15,739.17,USD,ACH,Completed,CHECK581758
PO0002173,V00526,2023-10-25,361.92,USD,ACH,Completed,CHECK414273
PO0002174,V00526,2025-05-27,761.55,USD,Wire Transfer,Completed,CHECK583182
PO0002175,V00526,2025-06-13,179.8,USD,Wire Transfer,Pending,CHECK251505
PO0002176,V00526,2024-02-20,865.47,USD,Wire Transfer,Completed,CHECK324917
PO0002177,V00526,2023-06-30,74.64,USD,Credit Card,Completed,CHECK508006
PO0002178,V00526,2023-06-16,122.57,USD,Credit Card,Pending,CHECK528700
PO0002179,V00526,2024-12-21,1173.03,USD,Check,Cancelled,CHECK623399
PO0002180,V00526,2023-05-22,1384.32,USD,Wire Transfer,Completed,CHECK584241
PO0002181,V00526,2023-10-06,10.54,USD,ACH,Completed,CHECK238853
PO0002182,V00526,2024-12-17,156.62,USD,Credit Card,Pending,CHECK893094
PO0002183,V00526,2023-09-24,445.59,USD,Wire Transfer,Completed,CHECK213221
PO0002184,V00526,2025-04-30,20.82,USD,Credit Card,Completed,CHECK397696
PO0002185,V00526,2025-11-11,438.94,USD,ACH,Pending,CHECK647970
PO0002186,V00034,2023-12-06,4396.97,USD,Check,Completed,CHECK666150
PO0002187,V00034,2024-04-24,341.59,USD,Wire Transfer,Completed,CHECK404062
PO0002188,V00034,2023-12-08,1734.78,USD,Wire Transfer,Completed,CHECK867049
PO0002189,V00034,2024-10-16,8804.19,USD,Wire Transfer,Completed,CHECK880915
PO0002190,V00034,2024-01-23,600.95,USD,Check,Completed,CHECK258136
PO0002191,V00034,2023-12-05,662.8,USD,Check,Completed,CHECK253133
PO0002192,V00034,2025-01-29,215.05,USD,ACH,Completed,CHECK356627
PO0002193,V00034,2025-02-04,78.55,USD,Check,Pending,CHECK249147
PO0002194,V00034,2023-06-22,756.1,USD,Credit Card,Completed,CHECK355346
PO0002195,V00034,2023-03-24,94117.86,USD,Wire Transfer,Pending,CHECK164717
PO0002196,V00034,2024-04-09,15.08,USD,ACH,Completed,CHECK682425
PO0002197,V00034,2024-10-07,42.07,USD,Wire Transfer,Completed,CHECK900971
PO0002198,V00034,2025-04-13,31.81,USD,Credit Card,Completed,CHECK713718
PO0002199,V00034,2023-05-02,184.1,USD,Check,Completed,CHECK642600
PO0002200,V00034,2025-01-20,52.52,USD,Wire Transfer,Completed,CHECK455330
PO0002201,V00034,2024-11-06,309.83,USD,Wire Transfer,Cancelled,CHECK336680
PO0002202,V00224,2024-08-29,24.44,USD,Credit Card,Completed,CHECK580399
PO0002203,V00224,2024-11-20,1496.51,USD,ACH,Cancelled,CHECK193574
PO0002204,V00224,2024-12-28,101.75,USD,Check,Completed,CHECK864544
PO0002205,V00224,2024-01-10,111.81,USD,Check,Pending,CHECK397656
PO0002206,V00224,2024-10-19,396.43,USD,Credit Card,Completed,CHECK302289
PO0002207,V00224,2024-05-16,5.92,USD,Check,Cancelled,CHECK514001
PO0002208,V00224,2023-12-11,153.71,USD,ACH,Completed,CHECK764368
PO0002209,V00224,2025-02-13,124.03,USD,Check,Completed,CHECK264807
PO0002210,V00224,2025-11-08,273.62,USD,ACH,Completed,CHECK844404
PO0002211,V00224,2023-11-18,548.24,USD,Check,Completed,CHECK554154
PO0002212,V00224,2025-01-17,496.43,USD,Credit Card,Cancelled,CHECK487900
PO0002213,V00224,2024-08-29,2805.6,USD,Credit Card,Completed,CHECK861905
PO0002214,V00224,2024-02-11,123.88,USD,ACH,Completed,CHECK281893
PO0002215,V00179,2024-03-16,8.86,USD,Wire Transfer,Completed,CHECK407726
PO0002216,V00179,2024-06-17,2954.0,USD,Wire Transfer,Cancelled,CHECK703376
PO0002217,V00078,2025-03-05,376.7,USD,Check,Completed,CHECK688072
PO0002218,V00078,2023-01-16,223.45,USD,Credit Card,Completed,CHECK157136
PO0002219,V00078,2024-06-16,570.05,USD,Check,Pending,CHECK811852
PO0002220,V00078,2024-07-18,572.33,USD,ACH,Completed,CHECK376390
PO0002221,V00078,2025-01-03,31547.38,USD,ACH,Pending,CHECK379676
PO0002222,V00078,2025-10-01,362.18,USD,Wire Transfer,Completed,CHECK156050
PO0002223,V00078,2023-12-04,11475.99,USD,Wire Transfer,Completed,CHECK920355
PO0002224,V00078,2023-02-14,22894.32,USD,Check,Cancelled,CHECK113045
PO0002225,V00078,2024-02-13,241.76,USD,Check,Completed,CHECK142215
PO0002226,V00078,2024-05-11,1300.57,USD,Credit Card,Completed,CHECK198748
PO0002227,V00078,2025-01-17,4475.2,USD,Wire Transfer,Completed,CHECK156100
PO0002228,V00078,2023-04-06,2291.97,USD,Wire Transfer,Cancelled,CHECK122750
PO0002229,V00078,2023-11-12,18763.41,USD,Credit Card,Cancelled,CHECK187251
PO0002230,V00078,2025-07-12,26.45,USD,Check,Completed,CHECK820844
PO0002231,V00078,2025-02-06,4570.95,USD,ACH,Completed,CHECK273520
PO0002232,V00078,2023-03-27,235.85,USD,Wire Transfer,Completed,CHECK255717
PO0002233,V00078,2025-03-12,128.11,USD,Wire Transfer,Completed,CHECK154772
PO0002234,V00078,2025-12-11,17.56,USD,Wire Transfer,Completed,CHECK857638
PO0002235,V00078,2023-06-24,1831.43,USD,Credit Card,Pending,CHECK949110
PO0002236,V00078,2025-02-04,169.51,USD,Wire Transfer,Completed,CHECK517268
PO0002237,V00078,2023-04-18,56.34,USD,Credit Card,Cancelled,CHECK902485
PO0002238,V00078,2024-10-16,14.51,USD,Wire Transfer,Completed,CHECK948445
PO0002239,V00078,2023-11-29,249.58,USD,Check,Pending,CHECK239431
PO0002240,V00078,2025-11-03,17.98,USD,ACH,Completed,CHECK103401
PO0002241,V00078,2024-12-30,26.71,USD,Wire Transfer,Pending,CHECK441809
PO0002242,V00078,2023-02-12,1196.79,USD,ACH,Pending,CHECK550338
PO0002243,V00078,2023-02-05,71.15,USD,ACH,Completed,CHECK923375
PO0002244,V00188,2023-07-25,27.41,USD,ACH,Pending,CHECK664893
PO0002245,V00188,2023-04-02,85.78,USD,Wire Transfer,Completed,CHECK990354
PO0002246,V00188,2024-04-08,58.72,USD,ACH,Completed,CHECK607139
PO0002247,V00188,2024-09-06,576.65,USD,Check,Completed,CHECK179577
PO0002248,V00188,2024-06-12,133.56,USD,Check,Completed,CHECK580382
PO0002249,V00188,2024-07-06,31.42,USD,ACH,Completed,CHECK458588
PO0002250,V00188,2023-09-16,214.73,USD,Credit Card,Completed,CHECK357914
PO0002251,V00188,2023-06-13,118985.02,USD,Credit Card,Cancelled,CHECK791000
PO0002252,V00188,2024-04-28,605.14,USD,Wire Transfer,Cancelled,CHECK377794
PO0002253,V00188,2025-08-31,4397.24,USD,Credit Card,Pending,CHECK335439
PO0002254,V00338,2023-05-06,92.88,USD,Wire Transfer,Completed,CHECK751925
PO0002255,V00338,2024-08-06,26360.24,USD,ACH,Completed,CHECK149129
PO0002256,V00338,2023-02-18,96.58,USD,Wire Transfer,Completed,CHECK389313
PO0002257,V00338,2025-05-31,41.74,USD,Wire Transfer,Pending,CHECK506858
PO0002258,V00338,2024-08-10,92.92,USD,ACH,Pending,CHECK739872
PO0002259,V00338,2023-11-29,16.53,USD,Check,Completed,CHECK684733
PO0002260,V00338,2023-11-01,923.19,USD,ACH,Pending,CHECK704274
PO0002261,V00143,2023-12-05,3173.5,USD,Wire Transfer,Pending,CHECK155790
PO0002262,V00143,2024-06-23,65.54,USD,Credit Card,Completed,CHECK214211
PO0002263,V00143,2025-09-21,44.44,USD,ACH,Cancelled,CHECK756095
PO0002264,V00143,2023-02-14,760.3,USD,Credit Card,Completed,CHECK345704
PO0002265,V00143,2023-05-03,15.44,USD,Check,Cancelled,CHECK976220
PO0002266,V00143,2025-07-05,377.9,USD,Wire Transfer,Completed,CHECK732230
PO0002267,V00143,2023-07-02,92390.85,USD,Credit Card,Completed,CHECK535381
PO0002268,V00143,2024-05-06,582.04,USD,ACH,Completed,CHECK563854
PO0002269,V00143,2025-05-10,679.68,USD,Wire Transfer,Pending,CHECK671485
PO0002270,V00143,2024-11-29,19.02,USD,Wire Transfer,Completed,CHECK106116
PO0002271,V00143,2023-07-30,1212.85,USD,ACH,Completed,CHECK659788
PO0002272,V00143,2024-12-10,9002.76,USD,Wire Transfer,Completed,CHECK920905
PO0002273,V00143,2025-09-24,2016.9,USD,Credit Card,Cancelled,CHECK131793
PO0002274,V00143,2024-03-19,8863.29,USD,ACH,Pending,CHECK930878
PO0002275,V00143,2023-10-12,1678.04,USD,Wire Transfer,Completed,CHECK123173
PO0002276,V00143,2024-03-27,218.12,USD,Credit Card,Completed,CHECK344467
PO0002277,V00143,2025-11-20,35.63,USD,Wire Transfer,Cancelled,CHECK725199
PO0002278,V00143,2025-03-16,1230.0,USD,Credit Card,Completed,CHECK608240
PO0002279,V00143,2025-02-15,5983.19,USD,Credit Card,Cancelled,CHECK733919
PO0002280,V00143,2024-08-24,4074.49,USD,ACH,Pending,CHECK462895
PO0002281,V00143,2024-09-30,105.02,USD,Credit Card,Cancelled,CHECK648152
PO0002282,V00143,2023-11-11,18066.55,USD,ACH,Completed,CHECK847062
PO0002283,V00143,2023-11-18,90.45,USD,Check,Completed,CHECK531132
PO0002284,V00143,2025-06-23,1115.53,USD,ACH,Pending,CHECK511745
PO0002285,V00143,2025-05-22,8527.37,USD,Credit Card,Completed,CHECK843312
PO0002286,V00143,2024-02-05,273.13,USD,Credit Card,Pending,CHECK570124
PO0002287,V00143,2025-02-05,2.04,USD,Check,Completed,CHECK576520
PO0002288,V00301,2023-04-01,2547.66,USD,Wire Transfer,Pending,CHECK526244
PO0002289,V00301,2024-07-04,110.96,USD,Credit Card,Cancelled,CHECK998665
PO0002290,V00301,2023-08-10,6.36,USD,Wire Transfer,Completed,CHECK420815
PO0002291,V00301,2023-03-04,34.58,USD,Check,Completed,CHECK206240
PO0002292,V00301,2024-10-18,63.67,USD,Check,Completed,CHECK217929
PO0002293,V00301,2024-06-20,47.81,USD,ACH,Cancelled,CHECK936535
PO0002294,V00301,2024-07-05,129.91,USD,Wire Transfer,Completed,CHECK254197
PO0002295,V00301,2025-07-17,11556.45,USD,ACH,Completed,CHECK953932
PO0002296,V00301,2024-06-19,172.78,USD,Credit Card,Completed,CHECK685169
PO0002297,V00301,2023-04-15,581.04,USD,Credit Card,Pending,CHECK780312
PO0002298,V00301,2025-03-14,1628.61,USD,ACH,Completed,CHECK938590
PO0002299,V00301,2023-05-16,1440.03,USD,Check,Completed,CHECK407786
PO0002300,V00343,2025-03-03,54.1,USD,ACH,Pending,CHECK949432
PO0002301,V00343,2025-10-15,561.23,USD,Wire Transfer,Completed,CHECK539648
PO0002302,V00343,2024-12-16,2.86,USD,Wire Transfer,Cancelled,CHECK323186
PO0002303,V00343,2023-01-04,64.96,USD,ACH,Pending,CHECK616248
PO0002304,V00343,2023-06-27,4973.93,USD,Wire Transfer,Completed,CHECK843421
PO0002305,V00343,2025-02-14,482.0,USD,ACH,Cancelled,CHECK237327
PO0002306,V00343,2025-06-19,472.37,USD,Check,Completed,CHECK120835
PO0002307,V00317,2025-05-16,402.91,USD,Wire Transfer,Completed,CHECK723978
PO0002308,V00317,2025-02-16,496.17,USD,ACH,Cancelled,CHECK346591
PO0002309,V00317,2025-05-14,1671.9,USD,Check,Pending,CHECK565224
PO0002310,V00317,2024-02-22,27.02,USD,Wire Transfer,Completed,CHECK586525
PO0002311,V00317,2024-05-14,63.26,USD,Wire Transfer,Completed,CHECK562532
PO0002312,V00317,2023-04-25,56.78,USD,ACH,Pending,CHECK570319
PO0002313,V00317,2024-12-17,77.14,USD,Check,Completed,CHECK637062
PO0002314,V00317,2024-08-11,2445.51,USD,Credit Card,Completed,CHECK228023
PO0002315,V00317,2024-09-13,8528.82,USD,Wire Transfer,Completed,CHECK893035
PO0002316,V00317,2025-08-02,579.61,USD,Check,Cancelled,CHECK732630
PO0002317,V00317,2023-12-13,677.25,USD,Credit Card,Completed,CHECK604369
PO0002318,V00317,2024-01-24,10713.28,USD,Check,Completed,CHECK754265
PO0002319,V00317,2025-01-11,283.22,USD,Wire Transfer,Pending,CHECK142182
PO0002320,V00317,2025-11-20,116.65,USD,Check,Completed,CHECK489344
PO0002321,V00317,2023-11-20,367.39,USD,Check,Completed,CHECK817784
PO0002322,V00317,2025-01-21,162.87,USD,ACH,Completed,CHECK908313
PO0002323,V00317,2024-04-20,229.45,USD,Wire Transfer,Cancelled,CHECK116358
PO0002324,V00317,2025-06-09,384.84,USD,Check,Pending,CHECK270611
PO0002325,V00317,2025-08-22,2528.71,USD,Wire Transfer,Cancelled,CHECK157434
PO0002326,V00317,2024-05-27,1283.16,USD,Credit Card,Completed,CHECK318084
PO0002327,V00317,2024-04-02,101.52,USD,Wire Transfer,Completed,CHECK706368
PO0002328,V00317,2024-03-19,170.99,USD,Credit Card,Completed,CHECK262265
PO0002329,V00317,2024-06-24,1099.19,USD,Credit Card,Pending,CHECK906733
PO0002330,V00317,2023-06-19,36.09,USD,ACH,Cancelled,CHECK163688
PO0002331,V00317,2024-01-13,1652.86,USD,Credit Card,Completed,CHECK717257
PO0002332,V00269,2025-02-21,14526.05,USD,ACH,Completed,CHECK373921
PO0002333,V00269,2025-12-14,106.7,USD,Check,Cancelled,CHECK119776
PO0002334,V00269,2024-10-16,3376.99,USD,Wire Transfer,Cancelled,CHECK702406
PO0002335,V00269,2023-11-23,2277.89,USD,Wire Transfer,Completed,CHECK588281
PO0002336,V00269,2025-07-23,4.38,USD,Check,Completed,CHECK794095
PO0002337,V00269,2025-07-23,130.82,USD,Credit Card,Cancelled,CHECK315442
PO0002338,V00269,2024-01-14,827.12,USD,Credit Card,Completed,CHECK635997
PO0002339,V00269,2024-09-30,5467.58,USD,Wire Transfer,Completed,CHECK998238
PO0002340,V00269,2023-04-22,2836.66,USD,ACH,Completed,CHECK998960
PO0002341,V00269,2023-06-28,542.89,USD,Wire Transfer,Completed,CHECK737771
PO0002342,V00269,2025-09-25,2567.95,USD,Check,Pending,CHECK680561
PO0002343,V00269,2024-03-15,749.35,USD,ACH,Completed,CHECK602172
PO0002344,V00269,2023-06-23,106.66,USD,Check,Cancelled,CHECK599567
PO0002345,V00269,2024-09-04,16.17,USD,ACH,Completed,CHECK614618
PO0002346,V00269,2025-06-20,882.24,USD,Wire Transfer,Completed,CHECK205313
PO0002347,V00269,2024-08-11,6900.11,USD,Check,Completed,CHECK988242
PO0002348,V00269,2024-01-22,3764.33,USD,Wire Transfer,Cancelled,CHECK396274
PO0002349,V00269,2025-02-22,15.41,USD,Check,Completed,CHECK283154
PO0002350,V00269,2025-01-16,752.11,USD,ACH,Completed,CHECK342407
PO0002351,V00269,2025-02-26,473.62,USD,Wire Transfer,Cancelled,CHECK606818
PO0002352,V00269,2024-12-20,17145.73,USD,ACH,Completed,CHECK260314
PO0002353,V00269,2024-02-24,17454.75,USD,Credit Card,Cancelled,CHECK984596
PO0002354,V00269,2024-02-29,1366.82,USD,Check,Pending,CHECK941211
PO0002355,V00269,2024-12-21,17.61,USD,ACH,Cancelled,CHECK336292
PO0002356,V00269,2023-08-21,6.42,USD,Check,Completed,CHECK559085
PO0002357,V00269,2024-04-14,4780.35,USD,Check,Completed,CHECK164469
PO0002358,V00269,2024-03-04,1064.82,USD,Credit Card,Cancelled,CHECK984689
PO0002359,V00269,2023-11-13,564.93,USD,Wire Transfer,Completed,CHECK255368
PO0002360,V00269,2023-12-19,87.99,USD,Wire Transfer,Completed,CHECK691485
PO0002361,V00269,2025-12-07,65.7,USD,Check,Completed,CHECK216287
PO0002362,V00289,2023-12-21,97.82,USD,Credit Card,Completed,CHECK852466
PO0002363,V00289,2025-09-29,994.85,USD,Credit Card,Completed,CHECK102354
PO0002364,V00289,2023-04-29,45.46,USD,Wire Transfer,Pending,CHECK444085
PO0002365,V00289,2025-06-20,153.52,USD,Check,Completed,CHECK896713
PO0002366,V00289,2025-09-02,1326.07,USD,Check,Completed,CHECK752770
PO0002367,V00289,2023-02-07,9189.19,USD,ACH,Completed,CHECK930235
PO0002368,V00289,2023-06-06,70.56,USD,Wire Transfer,Completed,CHECK706398
PO0002369,V00289,2024-07-23,179.76,USD,Check,Completed,CHECK457743
PO0002370,V00289,2024-12-10,283.82,USD,ACH,Completed,CHECK600986
PO0002371,V00289,2025-11-17,45.58,USD,Credit Card,Completed,CHECK589756
PO0002372,V00289,2025-01-30,185.64,USD,Credit Card,Cancelled,CHECK449894
PO0002373,V00289,2025-09-28,127.88,USD,Credit Card,Completed,CHECK131573
PO0002374,V00289,2025-10-15,64.28,USD,Wire Transfer,Cancelled,CHECK293666
PO0002375,V00289,2025-04-21,12486.51,USD,ACH,Completed,CHECK687861
PO0002376,V00289,2025-11-06,23.12,USD,Credit Card,Completed,CHECK838158
PO0002377,V00289,2023-08-20,1.3,USD,Wire Transfer,Cancelled,CHECK421199
PO0002378,V00289,2025-08-05,461.31,USD,ACH,Cancelled,CHECK179347
PO0002379,V00289,2024-10-13,2691.55,USD,Credit Card,Cancelled,CHECK383972
PO0002380,V00289,2024-05-27,722.74,USD,Credit Card,Completed,CHECK566308
PO0002381,V00289,2024-09-03,2754.2,USD,ACH,Completed,CHECK452342
PO0002382,V00289,2024-10-12,310.97,USD,ACH,Cancelled,CHECK355284
PO0002383,V00289,2024-04-21,3609.46,USD,Credit Card,Completed,CHECK771564
PO0002384,V00289,2023-02-28,553.88,USD,Credit Card,Completed,CHECK467856
PO0002385,V00289,2025-08-07,467.47,USD,ACH,Pending,CHECK607529
PO0002386,V00289,2025-02-25,616.02,USD,Check,Pending,CHECK398909
PO0002387,V00289,2023-11-09,18.46,USD,Credit Card,Pending,CHECK824442
PO0002388,V00275,2025-01-13,18557.42,USD,ACH,Pending,CHECK809877
PO0002389,V00275,2024-01-03,11559.07,USD,Wire Transfer,Completed,CHECK937793
PO0002390,V00275,2023-07-28,2881.46,USD,Credit Card,Completed,CHECK875757
PO0002391,V00275,2025-04-06,598.06,USD,Wire Transfer,Completed,CHECK260026
PO0002392,V00275,2025-04-30,1065.11,USD,Wire Transfer,Pending,CHECK539778
PO0002393,V00275,2024-08-25,1744.59,USD,ACH,Completed,CHECK380961
PO0002394,V00275,2023-06-17,87.81,USD,Check,Completed,CHECK843131
PO0002395,V00275,2024-12-25,959.13,USD,Wire Transfer,Completed,CHECK641014
PO0002396,V00275,2023-11-06,566.19,USD,Credit Card,Cancelled,CHECK185232
PO0002397,V00275,2025-05-05,1519.38,USD,Wire Transfer,Completed,CHECK719550
PO0002398,V00275,2023-05-15,45.41,USD,Check,Completed,CHECK806293
PO0002399,V00275,2024-01-22,392.1,USD,Wire Transfer,Completed,CHECK206706
PO0002400,V00275,2025-12-19,225.37,USD,Wire Transfer,Completed,CHECK741019
PO0002401,V00275,2025-09-20,5738.34,USD,Wire Transfer,Completed,CHECK217170
PO0002402,V00275,2025-04-06,3051.81,USD,Check,Completed,CHECK786033
PO0002403,V00275,2024-07-12,254.52,USD,Check,Cancelled,CHECK336763
PO0002404,V00240,2024-11-03,312.35,USD,Check,Completed,CHECK959063
PO0002405,V00240,2024-09-22,1673.48,USD,Credit Card,Cancelled,CHECK152218
PO0002406,V00240,2024-05-17,236.9,USD,ACH,Completed,CHECK656818
PO0002407,V00240,2025-08-16,7544.31,USD,Credit Card,Cancelled,CHECK981885
PO0002408,V00240,2023-09-04,553.66,USD,Wire Transfer,Completed,CHECK480096
PO0002409,V00240,2024-08-28,293.57,USD,Credit Card,Completed,CHECK397621
PO0002410,V00240,2025-06-30,16.65,USD,Wire Transfer,Completed,CHECK834521
PO0002411,V00240,2025-01-19,24.34,USD,ACH,Pending,CHECK429453
PO0002412,V00240,2025-08-21,59.93,USD,Check,Completed,CHECK135167
PO0002413,V00240,2024-05-17,1693.76,USD,ACH,Completed,CHECK807986
PO0002414,V00481,2023-10-27,470.42,USD,ACH,Completed,CHECK323184
PO0002415,V00039,2023-05-29,467.09,USD,Credit Card,Pending,CHECK431266
PO0002416,V00039,2024-02-14,373.9,USD,ACH,Pending,CHECK287397
PO0002417,V00039,2023-03-16,119.13,USD,Check,Cancelled,CHECK662481
PO0002418,V00039,2025-05-12,157.1,USD,Check,Pending,CHECK204847
PO0002419,V00039,2023-11-24,134.1,USD,ACH,Pending,CHECK125512
PO0002420,V00039,2025-09-25,38.28,USD,ACH,Pending,CHECK597248
PO0002421,V00039,2025-05-09,614.38,USD,Check,Cancelled,CHECK303959
PO0002422,V00039,2024-05-16,1424.65,USD,Wire Transfer,Completed,CHECK595034
PO0002423,V00039,2025-09-20,1573.42,USD,Credit Card,Pending,CHECK772534
PO0002424,V00039,2023-09-18,4792.59,USD,Check,Completed,CHECK242424
PO0002425,V00039,2023-12-16,6800.56,USD,ACH,Completed,CHECK817059
PO0002426,V00039,2023-06-04,1654.7,USD,Credit Card,Completed,CHECK865992
PO0002427,V00039,2023-06-12,175.53,USD,ACH,Completed,CHECK576428
PO0002428,V00039,2024-07-20,34.53,USD,ACH,Completed,CHECK308447
PO0002429,V00039,2023-01-25,252.2,USD,Wire Transfer,Pending,CHECK629787
PO0002430,V00039,2025-07-15,220.01,USD,Credit Card,Completed,CHECK156805
PO0002431,V00039,2024-10-22,2247.14,USD,Credit Card,Completed,CHECK495280
PO0002432,V00039,2025-07-19,13.13,USD,ACH,Completed,CHECK755722
PO0002433,V00085,2023-02-25,77.94,USD,Check,Pending,CHECK910371
PO0002434,V00085,2023-12-24,18954.37,USD,ACH,Completed,CHECK684763
PO0002435,V00085,2023-04-26,8.9,USD,ACH,Cancelled,CHECK263872
PO0002436,V00085,2023-03-01,292.29,USD,Check,Pending,CHECK760106
PO0002437,V00085,2023-12-09,1117.75,USD,Credit Card,Cancelled,CHECK971905
PO0002438,V00085,2024-05-02,889.64,USD,Check,Completed,CHECK694348
PO0002439,V00085,2023-04-26,8281.31,USD,ACH,Completed,CHECK915165
PO0002440,V00085,2025-08-31,3.09,USD,ACH,Completed,CHECK133915
PO0002441,V00085,2025-05-12,1155.51,USD,Check,Cancelled,CHECK481052
PO0002442,V00085,2023-10-19,317.08,USD,Wire Transfer,Cancelled,CHECK682763
PO0002443,V00085,2025-03-10,2770.34,USD,Check,Completed,CHECK246468
PO0002444,V00085,2023-06-17,3.11,USD,Credit Card,Completed,CHECK633048
PO0002445,V00085,2023-05-16,55.93,USD,Credit Card,Cancelled,CHECK288432
PO0002446,V00085,2024-10-28,501.65,USD,Check,Pending,CHECK875091
PO0002447,V00085,2023-05-07,135.09,USD,Check,Completed,CHECK872968
PO0002448,V00085,2024-01-30,73.38,USD,Check,Pending,CHECK232703
PO0002449,V00085,2024-02-06,92.0,USD,Credit Card,Pending,CHECK632341
PO0002450,V00085,2023-02-08,14.24,USD,Credit Card,Cancelled,CHECK161586
PO0002451,V00085,2024-10-02,15.48,USD,Check,Cancelled,CHECK425376
PO0002452,V00151,2023-10-16,9995.49,USD,Check,Completed,CHECK712856
PO0002453,V00151,2025-08-03,214.02,USD,Credit Card,Completed,CHECK169623
PO0002454,V00151,2023-05-15,262.09,USD,Credit Card,Completed,CHECK530737
PO0002455,V00151,2024-03-28,6869.85,USD,Check,Completed,CHECK376527
PO0002456,V00151,2023-04-20,540.6,USD,ACH,Completed,CHECK550588
PO0002457,V00151,2024-11-09,4406.45,USD,Wire Transfer,Pending,CHECK685463
PO0002458,V00151,2024-01-04,108.37,USD,Wire Transfer,Completed,CHECK640463
PO0002459,V00151,2024-06-10,1241.18,USD,Credit Card,Pending,CHECK703546
PO0002460,V00518,2024-03-24,250.36,USD,Credit Card,Completed,CHECK213219
PO0002461,V00492,2023-12-09,2482.16,USD,Wire Transfer,Pending,CHECK991692
PO0002462,V00492,2023-06-21,64.8,USD,Credit Card,Pending,CHECK256593
PO0002463,V00492,2024-09-11,1983.92,USD,Wire Transfer,Pending,CHECK488026
PO0002464,V00492,2024-07-02,316.33,USD,Wire Transfer,Completed,CHECK412160
PO0002465,V00492,2025-08-20,21.33,USD,ACH,Completed,CHECK187612
PO0002466,V00492,2025-12-24,110.9,USD,Check,Completed,CHECK292427
PO0002467,V00492,2024-07-31,995.74,USD,ACH,Completed,CHECK750710
PO0002468,V00492,2024-03-07,87.9,USD,ACH,Pending,CHECK580240
PO0002469,V00492,2024-10-17,194.03,USD,ACH,Cancelled,CHECK157737
PO0002470,V00492,2023-09-18,940.86,USD,ACH,Pending,CHECK508676
PO0002471,V00492,2024-05-17,7183.94,USD,Credit Card,Cancelled,CHECK345349
PO0002472,V00492,2025-07-04,6357.52,USD,ACH,Cancelled,CHECK683731
PO0002473,V00492,2025-09-12,398.76,USD,Credit Card,Completed,CHECK607031
PO0002474,V00492,2024-10-14,123.2,USD,Credit Card,Completed,CHECK445562
PO0002475,V00492,2024-11-04,129.88,USD,Wire Transfer,Cancelled,CHECK928418
PO0002476,V00492,2023-06-20,171.44,USD,Credit Card,Completed,CHECK387906
PO0002477,V00492,2024-07-29,303.49,USD,Credit Card,Pending,CHECK681610
PO0002478,V00492,2024-11-03,171.43,USD,Check,Cancelled,CHECK650018
PO0002479,V00492,2025-10-08,4726.54,USD,Credit Card,Cancelled,CHECK651725
PO0002480,V00492,2024-05-14,331.24,USD,Wire Transfer,Cancelled,CHECK212215
PO0002481,V00492,2025-09-14,110.91,USD,Wire Transfer,Pending,CHECK329733
PO0002482,V00492,2025-09-08,11.85,USD,Credit Card,Cancelled,CHECK819316
PO0002483,V00492,2023-07-16,40.26,USD,ACH,Completed,CHECK976117
PO0002484,V00492,2025-11-04,3075.96,USD,Wire Transfer,Completed,CHECK510889
PO0002485,V00492,2025-12-30,157.5,USD,Credit Card,Cancelled,CHECK618518
PO0002486,V00492,2025-12-02,4010.96,USD,Credit Card,Completed,CHECK669886
PO0002487,V00492,2023-04-18,1494.37,USD,Credit Card,Completed,CHECK406994
PO0002488,V00067,2024-05-26,416.04,USD,Wire Transfer,Cancelled,CHECK510110
PO0002489,V00067,2024-02-16,1965.76,USD,ACH,Completed,CHECK445689
PO0002490,V00067,2023-02-24,551.33,USD,ACH,Pending,CHECK723769
PO0002491,V00067,2025-05-18,2874.72,USD,Credit Card,Completed,CHECK946744
PO0002492,V00067,2024-08-08,2037.13,USD,Credit Card,Pending,CHECK239748
PO0002493,V00067,2023-12-11,160.83,USD,Check,Completed,CHECK585579
PO0002494,V00067,2024-05-30,1756.16,USD,Check,Completed,CHECK384206
PO0002495,V00067,2023-12-22,70.27,USD,Credit Card,Completed,CHECK785475
PO0002496,V00067,2025-09-24,731.55,USD,Wire Transfer,Cancelled,CHECK855507
PO0002497,V00067,2025-04-24,15.64,USD,ACH,Completed,CHECK214575
PO0002498,V00067,2025-10-10,256.5,USD,ACH,Pending,CHECK826247
PO0002499,V00067,2024-05-31,4594.76,USD,Credit Card,Cancelled,CHECK223581
PO0002500,V00067,2024-10-12,498.41,USD,Credit Card,Completed,CHECK987490
PO0002501,V00067,2024-03-06,10.08,USD,Credit Card,Cancelled,CHECK742528
PO0002502,V00067,2025-10-21,211.45,USD,ACH,Completed,CHECK566269
PO0002503,V00067,2025-10-30,496.47,USD,Credit Card,Pending,CHECK759686
PO0002504,V00067,2024-08-24,1036.35,USD,Wire Transfer,Completed,CHECK700629
PO0002505,V00067,2025-08-19,1722.43,USD,Credit Card,Completed,CHECK533529
PO0002506,V00067,2023-07-22,3397.46,USD,Wire Transfer,Completed,CHECK381012
PO0002507,V00067,2023-11-04,7048.63,USD,Check,Completed,CHECK389909
PO0002508,V00067,2024-08-28,473.53,USD,Check,Completed,CHECK792902
PO0002509,V00067,2024-12-13,367.75,USD,ACH,Pending,CHECK357512
PO0002510,V00067,2025-08-19,375.68,USD,Credit Card,Completed,CHECK867072
PO0002511,V00067,2024-04-30,629.47,USD,Wire Transfer,Pending,CHECK237151
PO0002512,V00067,2024-09-10,23.61,USD,Check,Pending,CHECK912068
PO0002513,V00067,2025-05-14,5733.29,USD,Credit Card,Completed,CHECK610944
PO0002514,V00067,2024-04-09,346.68,USD,Credit Card,Completed,CHECK596734
PO0002515,V00067,2024-08-22,11.85,USD,Wire Transfer,Cancelled,CHECK657171
PO0002516,V00423,2025-04-14,324.27,USD,ACH,Pending,CHECK861506
PO0002517,V00423,2024-10-31,17717.18,USD,ACH,Completed,CHECK273178
PO0002518,V00423,2024-06-20,752.21,USD,ACH,Cancelled,CHECK889735
PO0002519,V00423,2023-02-20,3999.21,USD,ACH,Completed,CHECK857506
PO0002520,V00423,2024-08-25,1107.68,USD,Credit Card,Completed,CHECK191799
PO0002521,V00423,2025-12-18,10.06,USD,Check,Completed,CHECK547564
PO0002522,V00423,2024-08-04,454.11,USD,Check,Completed,CHECK479739
PO0002523,V00423,2025-03-21,607.11,USD,Credit Card,Completed,CHECK176245
PO0002524,V00423,2023-12-25,826.09,USD,Wire Transfer,Completed,CHECK911550
PO0002525,V00423,2023-11-01,577.93,USD,ACH,Completed,CHECK785837
PO0002526,V00423,2024-05-05,736.09,USD,Wire Transfer,Completed,CHECK279372
PO0002527,V00423,2025-02-01,159.35,USD,Wire Transfer,Completed,CHECK122127
PO0002528,V00423,2023-12-04,149.23,USD,Check,Cancelled,CHECK319530
PO0002529,V00423,2024-07-10,283.36,USD,Check,Completed,CHECK567813
PO0002530,V00423,2025-08-10,269.57,USD,Check,Completed,CHECK386483
PO0002531,V00423,2024-07-11,1617.08,USD,Credit Card,Completed,CHECK271655
PO0002532,V00423,2025-11-05,13796.19,USD,Credit Card,Pending,CHECK472810
PO0002533,V00423,2025-10-24,15781.78,USD,Check,Cancelled,CHECK412277
PO0002534,V00423,2025-11-04,1589.78,USD,Credit Card,Pending,CHECK300330
PO0002535,V00423,2023-06-22,20.22,USD,Credit Card,Pending,CHECK376143
PO0002536,V00423,2024-05-14,138.67,USD,Wire Transfer,Completed,CHECK393661
PO0002537,V00423,2023-02-26,8.81,USD,ACH,Cancelled,CHECK908389
PO0002538,V00423,2023-12-09,260.08,USD,Wire Transfer,Completed,CHECK734146
PO0002539,V00423,2025-04-17,148951.96,USD,Wire Transfer,Pending,CHECK802526
PO0002540,V00264,2024-05-27,1603.02,USD,Wire Transfer,Completed,CHECK347187
PO0002541,V00264,2024-05-27,186.14,USD,Credit Card,Cancelled,CHECK261451
PO0002542,V00264,2025-08-24,86.54,USD,ACH,Cancelled,CHECK809329
PO0002543,V00264,2025-12-11,1238.74,USD,ACH,Completed,CHECK275880
PO0002544,V00264,2023-06-23,987.67,USD,Wire Transfer,Cancelled,CHECK395606
PO0002545,V00264,2025-01-27,223.08,USD,Credit Card,Completed,CHECK701381
PO0002546,V00264,2024-06-04,89.84,USD,Check,Completed,CHECK363353
PO0002547,V00264,2023-10-18,330.67,USD,Check,Cancelled,CHECK452771
PO0002548,V00264,2023-03-16,62.87,USD,Check,Pending,CHECK808667
PO0002549,V00264,2025-04-19,307.25,USD,Check,Completed,CHECK338940
PO0002550,V00264,2024-08-24,1713.92,USD,ACH,Pending,CHECK104343
PO0002551,V00264,2025-04-23,15532.34,USD,Credit Card,Completed,CHECK842411
PO0002552,V00264,2024-09-26,12.27,USD,Check,Completed,CHECK393296
PO0002553,V00264,2024-04-21,264.56,USD,Credit Card,Pending,CHECK968705
PO0002554,V00264,2024-04-01,179.31,USD,Check,Pending,CHECK986035
PO0002555,V00264,2025-11-08,46.98,USD,ACH,Cancelled,CHECK510479
PO0002556,V00264,2024-12-09,64.97,USD,ACH,Completed,CHECK461324
PO0002557,V00264,2025-02-17,729.88,USD,Wire Transfer,Completed,CHECK500324
PO0002558,V00264,2023-10-13,101.32,USD,Check,Completed,CHECK615537
PO0002559,V00264,2024-02-29,1399.42,USD,Credit Card,Completed,CHECK296655
PO0002560,V00312,2025-08-28,5359.43,USD,ACH,Completed,CHECK630969
PO0002561,V00312,2023-07-14,202.69,USD,ACH,Completed,CHECK373446
PO0002562,V00312,2023-06-27,330.65,USD,Wire Transfer,Completed,CHECK912042
PO0002563,V00312,2025-12-20,149.16,USD,Credit Card,Completed,CHECK161534
PO0002564,V00312,2023-12-25,403.29,USD,Wire Transfer,Completed,CHECK789562
PO0002565,V00312,2023-01-24,27.87,USD,Check,Completed,CHECK688955
PO0002566,V00312,2023-06-27,1369.28,USD,Credit Card,Pending,CHECK361730
PO0002567,V00312,2023-07-16,73.82,USD,ACH,Cancelled,CHECK308776
PO0002568,V00312,2024-11-20,87.5,USD,Wire Transfer,Completed,CHECK742998
PO0002569,V00132,2024-05-20,140.64,USD,Credit Card,Pending,CHECK817667
PO0002570,V00132,2024-07-15,6.2,USD,Wire Transfer,Pending,CHECK844406
PO0002571,V00132,2023-04-10,227.41,USD,Check,Completed,CHECK993656
PO0002572,V00132,2025-01-29,1235.37,USD,ACH,Completed,CHECK652173
PO0002573,V00132,2025-04-24,730.43,USD,Wire Transfer,Completed,CHECK741866
PO0002574,V00132,2023-11-24,106.06,USD,ACH,Pending,CHECK843599
PO0002575,V00132,2025-11-17,1989.24,USD,ACH,Completed,CHECK952930
PO0002576,V00132,2025-12-17,467.51,USD,Credit Card,Pending,CHECK506455
PO0002577,V00132,2024-09-12,17731.97,USD,Wire Transfer,Cancelled,CHECK117798
PO0002578,V00139,2024-12-08,3858.03,USD,Check,Completed,CHECK428139
PO0002579,V00139,2024-09-05,486.51,USD,Wire Transfer,Cancelled,CHECK867508
PO0002580,V00139,2025-06-28,2390.28,USD,Credit Card,Cancelled,CHECK504481
PO0002581,V00139,2025-10-20,66.43,USD,Check,Pending,CHECK423042
PO0002582,V00139,2025-11-23,3219.88,USD,Wire Transfer,Completed,CHECK903398
PO0002583,V00139,2024-02-17,232.92,USD,Credit Card,Cancelled,CHECK932815
PO0002584,V00139,2023-10-11,13162.96,USD,Credit Card,Cancelled,CHECK280969
PO0002585,V00139,2024-04-05,2672.15,USD,ACH,Completed,CHECK185153
PO0002586,V00139,2023-03-08,201.97,USD,Wire Transfer,Completed,CHECK951074
PO0002587,V00139,2023-11-20,3915.12,USD,ACH,Pending,CHECK580878
PO0002588,V00139,2023-05-22,425.75,USD,Check,Cancelled,CHECK860368
PO0002589,V00139,2024-02-25,2457.49,USD,ACH,Pending,CHECK908487
PO0002590,V00139,2024-06-02,52.79,USD,Check,Completed,CHECK948329
PO0002591,V00139,2025-04-06,32.88,USD,Wire Transfer,Completed,CHECK683174
PO0002592,V00139,2025-03-02,6279.33,USD,ACH,Completed,CHECK117461
PO0002593,V00139,2023-06-14,11560.28,USD,Wire Transfer,Cancelled,CHECK817461
PO0002594,V00139,2023-07-02,871.71,USD,Wire Transfer,Completed,CHECK205799
PO0002595,V00139,2024-04-04,51.46,USD,Check,Pending,CHECK586095
PO0002596,V00139,2025-09-18,355.45,USD,Wire Transfer,Completed,CHECK804785
PO0002597,V00139,2023-07-04,862.27,USD,ACH,Completed,CHECK973880
PO0002598,V00139,2023-10-31,365.4,USD,Check,Completed,CHECK991499
PO0002599,V00139,2023-07-08,49.15,USD,Wire Transfer,Completed,CHECK919008
PO0002600,V00139,2023-02-12,3180.34,USD,Check,Completed,CHECK901410
PO0002601,V00139,2024-02-25,1327.08,USD,Wire Transfer,Completed,CHECK751047
PO0002602,V00139,2024-05-03,50.29,USD,Wire Transfer,Completed,CHECK315322
PO0002603,V00139,2023-10-29,39069.77,USD,Check,Completed,CHECK442677
PO0002604,V00139,2024-12-20,783.94,USD,Wire Transfer,Completed,CHECK322421
PO0002605,V00139,2023-12-02,372.68,USD,Wire Transfer,Completed,CHECK768788
PO0002606,V00420,2024-10-21,16.49,USD,Credit Card,Completed,CHECK864092
PO0002607,V00420,2025-04-29,103.26,USD,ACH,Completed,CHECK246598
PO0002608,V00420,2023-02-02,203.43,USD,Check,Completed,CHECK959543
PO0002609,V00420,2024-07-15,131.86,USD,Credit Card,Completed,CHECK456657
PO0002610,V00420,2025-06-08,749.87,USD,ACH,Completed,CHECK497270
PO0002611,V00420,2024-03-16,2388.77,USD,Credit Card,Cancelled,CHECK322006
PO0002612,V00420,2025-10-05,204.71,USD,Check,Pending,CHECK492711
PO0002613,V00420,2023-08-03,1053.85,USD,Wire Transfer,Pending,CHECK793590
PO0002614,V00420,2024-12-03,346.44,USD,Check,Cancelled,CHECK971067
PO0002615,V00420,2024-09-01,201.96,USD,ACH,Completed,CHECK823836
PO0002616,V00420,2023-07-03,116.65,USD,Credit Card,Completed,CHECK344601
PO0002617,V00420,2023-01-10,51.71,USD,Check,Completed,CHECK756086
PO0002618,V00420,2024-02-12,127.07,USD,ACH,Cancelled,CHECK229966
PO0002619,V00420,2023-09-01,219.77,USD,ACH,Cancelled,CHECK921979
PO0002620,V00420,2023-03-04,2668.65,USD,Check,Completed,CHECK326888
PO0002621,V00420,2025-06-27,5.33,USD,Credit Card,Cancelled,CHECK917920
PO0002622,V00420,2023-02-23,5.06,USD,Credit Card,Cancelled,CHECK495077
PO0002623,V00420,2024-07-19,1937.1,USD,Wire Transfer,Completed,CHECK302104
PO0002624,V00420,2024-04-22,470.81,USD,Wire Transfer,Cancelled,CHECK417310
PO0002625,V00420,2025-09-18,2196.21,USD,Credit Card,Pending,CHECK208176
PO0002626,V00420,2025-08-09,204.05,USD,Check,Pending,CHECK233476
PO0002627,V00420,2024-11-23,457.47,USD,Wire Transfer,Completed,CHECK150276
PO0002628,V00420,2024-05-05,95.68,USD,Credit Card,Completed,CHECK659430
PO0002629,V00420,2023-06-27,57.33,USD,Credit Card,Pending,CHECK701732
PO0002630,V00420,2024-10-03,198.91,USD,Wire Transfer,Completed,CHECK374501
PO0002631,V00420,2024-12-02,623.3,USD,Wire Transfer,Pending,CHECK887386
PO0002632,V00420,2025-09-07,2703.52,USD,Credit Card,Completed,CHECK425084
PO0002633,V00420,2024-10-24,2875.6,USD,ACH,Cancelled,CHECK394471
PO0002634,V00420,2025-07-13,389.72,USD,Check,Cancelled,CHECK625496
PO0002635,V00536,2023-05-10,21.65,USD,Check,Pending,CHECK449023
PO0002636,V00536,2023-04-12,90.03,USD,Credit Card,Completed,CHECK586999
PO0002637,V00536,2023-04-21,362.74,USD,Credit Card,Pending,CHECK227172
PO0002638,V00536,2025-09-13,192.28,USD,Check,Completed,CHECK276859
PO0002639,V00536,2024-02-24,1081.38,USD,Check,Cancelled,CHECK112240
PO0002640,V00536,2024-03-03,693.34,USD,Check,Pending,CHECK582144
PO0002641,V00536,2025-04-10,2270.8,USD,Wire Transfer,Completed,CHECK127280
PO0002642,V00536,2025-04-14,27.74,USD,ACH,Completed,CHECK453946
PO0002643,V00536,2025-06-09,102.44,USD,Credit Card,Completed,CHECK723016
PO0002644,V00536,2023-06-26,4982.84,USD,Check,Completed,CHECK339488
PO0002645,V00536,2023-12-25,166.22,USD,Check,Completed,CHECK415871
PO0002646,V00536,2024-11-25,2200.56,USD,Check,Cancelled,CHECK716336
PO0002647,V00536,2025-07-20,31.58,USD,Wire Transfer,Completed,CHECK863120
PO0002648,V00536,2025-01-20,9967.66,USD,Credit Card,Pending,CHECK663254
PO0002649,V00536,2023-06-17,28.37,USD,ACH,Completed,CHECK761519
PO0002650,V00536,2023-08-25,243.45,USD,Wire Transfer,Cancelled,CHECK689309
PO0002651,V00291,2025-04-24,3681.8,USD,ACH,Completed,CHECK961136
PO0002652,V00291,2024-10-22,114.25,USD,Check,Completed,CHECK313611
PO0002653,V00291,2023-07-29,68.78,USD,Wire Transfer,Completed,CHECK398223
PO0002654,V00291,2025-05-12,372.13,USD,ACH,Pending,CHECK237473
PO0002655,V00291,2023-12-13,47.25,USD,Credit Card,Completed,CHECK353288
PO0002656,V00508,2024-08-08,276.66,USD,Wire Transfer,Cancelled,CHECK424867
PO0002657,V00508,2025-03-17,1705.33,USD,Credit Card,Completed,CHECK673242
PO0002658,V00508,2023-11-28,47.5,USD,Check,Pending,CHECK646148
PO0002659,V00508,2024-04-29,574.09,USD,ACH,Pending,CHECK112652
PO0002660,V00508,2024-08-23,23.97,USD,Wire Transfer,Completed,CHECK204707
PO0002661,V00508,2023-07-02,198.56,USD,Check,Pending,CHECK915531
PO0002662,V00508,2023-10-27,3896.43,USD,Wire Transfer,Completed,CHECK252877
PO0002663,V00508,2024-12-23,229.32,USD,ACH,Pending,CHECK238469
PO0002664,V00508,2023-04-22,346.36,USD,Check,Cancelled,CHECK708116
PO0002665,V00508,2023-02-12,63.74,USD,Check,Completed,CHECK799547
PO0002666,V00508,2024-01-12,5171.92,USD,Credit Card,Completed,CHECK625428
PO0002667,V00508,2024-09-23,25.39,USD,Credit Card,Cancelled,CHECK317951
PO0002668,V00508,2025-01-31,310.27,USD,Wire Transfer,Cancelled,CHECK421503
PO0002669,V00508,2023-04-19,15425.19,USD,Check,Completed,CHECK693760
PO0002670,V00508,2024-02-07,22.36,USD,ACH,Pending,CHECK884513
PO0002671,V00508,2023-04-16,1.9,USD,Wire Transfer,Completed,CHECK957507
PO0002672,V00508,2025-06-20,24.69,USD,Wire Transfer,Completed,CHECK628142
PO0002673,V00508,2024-01-26,717.07,USD,Check,Cancelled,CHECK774041
PO0002674,V00508,2025-01-01,3699.49,USD,Wire Transfer,Completed,CHECK752857
PO0002675,V00508,2023-08-22,1594.72,USD,Credit Card,Pending,CHECK859757
PO0002676,V00508,2024-10-06,122.19,USD,Wire Transfer,Completed,CHECK827050
PO0002677,V00508,2024-02-15,399.39,USD,Wire Transfer,Completed,CHECK211630
PO0002678,V00508,2025-01-17,2037.75,USD,ACH,Completed,CHECK773119
PO0002679,V00508,2023-08-05,989.88,USD,Credit Card,Cancelled,CHECK884929
PO0002680,V00508,2025-08-26,5.14,USD,Wire Transfer,Cancelled,CHECK664029
PO0002681,V00508,2023-03-09,1756.0,USD,ACH,Pending,CHECK134805
PO0002682,V00508,2023-08-21,227.19,USD,Check,Pending,CHECK349611
PO0002683,V00508,2025-06-28,2418.21,USD,Check,Cancelled,CHECK979973
PO0002684,V00380,2025-08-19,4523.09,USD,ACH,Cancelled,CHECK595512
PO0002685,V00380,2025-08-23,1456.67,USD,ACH,Completed,CHECK168889
PO0002686,V00380,2025-08-24,21.95,USD,Credit Card,Pending,CHECK621625
PO0002687,V00380,2023-11-30,106.23,USD,ACH,Completed,CHECK142923
PO0002688,V00380,2023-11-18,1719.28,USD,Wire Transfer,Cancelled,CHECK835099
PO0002689,V00380,2024-04-26,1348.8,USD,Check,Pending,CHECK660849
PO0002690,V00246,2023-02-27,2793.06,USD,Check,Completed,CHECK658471
PO0002691,V00246,2023-01-31,113.41,USD,Check,Completed,CHECK338744
PO0002692,V00246,2023-12-02,2732.25,USD,Credit Card,Completed,CHECK113683
PO0002693,V00246,2024-06-11,560.64,USD,Credit Card,Completed,CHECK488187
PO0002694,V00246,2024-04-30,607.13,USD,Check,Completed,CHECK924860
PO0002695,V00246,2024-07-11,554.94,USD,Check,Completed,CHECK612115
PO0002696,V00246,2025-02-26,1255.34,USD,ACH,Completed,CHECK869121
PO0002697,V00246,2025-11-19,32733.0,USD,Credit Card,Cancelled,CHECK127114
PO0002698,V00246,2023-08-27,427.03,USD,ACH,Completed,CHECK437969
PO0002699,V00246,2024-04-12,29980.27,USD,Wire Transfer,Completed,CHECK871391
PO0002700,V00246,2025-06-04,738.62,USD,Check,Completed,CHECK815015
PO0002701,V00246,2024-08-18,134.88,USD,Wire Transfer,Pending,CHECK340015
PO0002702,V00425,2025-10-26,1891.01,USD,Credit Card,Cancelled,CHECK601440
PO0002703,V00425,2025-01-27,284.4,USD,Credit Card,Completed,CHECK867028
PO0002704,V00425,2023-06-13,370.25,USD,Credit Card,Pending,CHECK974029
PO0002705,V00425,2025-03-15,414.75,USD,Wire Transfer,Pending,CHECK719114
PO0002706,V00425,2023-06-18,443.84,USD,Check,Completed,CHECK239977
PO0002707,V00425,2024-11-21,50.18,USD,Check,Completed,CHECK882802
PO0002708,V00425,2024-03-07,5730.64,USD,Wire Transfer,Pending,CHECK982573
PO0002709,V00425,2024-07-30,113.68,USD,Wire Transfer,Completed,CHECK361854
PO0002710,V00425,2025-12-06,8860.95,USD,Wire Transfer,Cancelled,CHECK485186
PO0002711,V00459,2023-10-31,4431.0,USD,Wire Transfer,Completed,CHECK857106
PO0002712,V00459,2023-06-13,2631.88,USD,Credit Card,Cancelled,CHECK472701
PO0002713,V00459,2024-04-07,1716.88,USD,Check,Pending,CHECK288704
PO0002714,V00459,2023-01-30,25754.11,USD,Credit Card,Cancelled,CHECK190605
PO0002715,V00459,2024-06-01,17.93,USD,ACH,Cancelled,CHECK699595
PO0002716,V00459,2023-01-10,1266.44,USD,Check,Pending,CHECK890448
PO0002717,V00459,2025-01-10,134.06,USD,Check,Completed,CHECK287816
PO0002718,V00459,2023-11-15,102.21,USD,ACH,Cancelled,CHECK223564
PO0002719,V00459,2023-07-14,20.7,USD,Credit Card,Completed,CHECK690311
PO0002720,V00459,2024-02-26,24052.16,USD,Check,Completed,CHECK130928
PO0002721,V00459,2025-05-10,889.22,USD,Credit Card,Completed,CHECK918498
PO0002722,V00459,2024-08-29,4709.5,USD,Credit Card,Completed,CHECK494946
PO0002723,V00459,2023-01-10,740.21,USD,Wire Transfer,Pending,CHECK350042
PO0002724,V00459,2025-12-06,108.6,USD,ACH,Completed,CHECK920605
PO0002725,V00459,2024-11-09,794.78,USD,Check,Cancelled,CHECK381316
PO0002726,V00459,2023-02-04,174.74,USD,ACH,Completed,CHECK508886
PO0002727,V00459,2025-07-24,579.87,USD,ACH,Completed,CHECK994315
PO0002728,V00459,2025-10-30,4979.6,USD,Check,Cancelled,CHECK770835
PO0002729,V00459,2023-11-25,5.18,USD,Credit Card,Completed,CHECK789255
PO0002730,V00459,2023-10-04,70359.86,USD,ACH,Cancelled,CHECK800251
PO0002731,V00459,2025-03-12,1055.87,USD,Check,Completed,CHECK455405
PO0002732,V00459,2023-05-18,18.48,USD,Credit Card,Completed,CHECK470045
PO0002733,V00459,2024-05-12,21.96,USD,Check,Completed,CHECK944241
PO0002734,V00459,2023-11-18,11.68,USD,Check,Completed,CHECK464844
PO0002735,V00459,2024-11-27,286.31,USD,Check,Completed,CHECK535579
PO0002736,V00459,2025-02-03,1745.82,USD,Credit Card,Pending,CHECK897069
PO0002737,V00459,2023-04-21,173.87,USD,Credit Card,Completed,CHECK524303
PO0002738,V00548,2024-05-14,415.95,USD,Wire Transfer,Cancelled,CHECK938732
PO0002739,V00548,2025-08-24,351.21,USD,Credit Card,Pending,CHECK161304
PO0002740,V00548,2024-06-16,8861.54,USD,ACH,Pending,CHECK335050
PO0002741,V00548,2025-01-23,197.06,USD,Credit Card,Pending,CHECK391711
PO0002742,V00548,2025-11-12,7.45,USD,Check,Cancelled,CHECK406419
PO0002743,V00548,2025-09-18,385.88,USD,Credit Card,Completed,CHECK444746
PO0002744,V00548,2023-02-22,823.74,USD,ACH,Completed,CHECK478645
PO0002745,V00548,2025-08-19,3237.58,USD,ACH,Cancelled,CHECK298606
PO0002746,V00548,2025-10-19,18565.98,USD,Wire Transfer,Pending,CHECK335219
PO0002747,V00548,2023-02-18,2142.59,USD,Wire Transfer,Cancelled,CHECK217628
PO0002748,V00548,2024-06-10,628.54,USD,ACH,Completed,CHECK159133
PO0002749,V00548,2023-06-15,667.98,USD,Credit Card,Completed,CHECK193093
PO0002750,V00548,2025-12-10,43.53,USD,Wire Transfer,Completed,CHECK971624
PO0002751,V00548,2023-03-30,52.38,USD,ACH,Pending,CHECK364237
PO0002752,V00548,2023-08-15,3024.69,USD,ACH,Completed,CHECK934662
PO0002753,V00548,2023-10-04,235.81,USD,Check,Completed,CHECK202256
PO0002754,V00548,2023-09-01,674.5,USD,Check,Cancelled,CHECK724776
PO0002755,V00548,2023-07-26,1020.57,USD,ACH,Completed,CHECK247967
PO0002756,V00548,2023-12-04,2.34,USD,Check,Completed,CHECK484266
PO0002757,V00548,2024-10-13,3299.31,USD,Check,Cancelled,CHECK796739
PO0002758,V00548,2024-08-30,77.4,USD,Check,Completed,CHECK452443
PO0002759,V00548,2024-09-05,234.97,USD,ACH,Completed,CHECK987255
PO0002760,V00548,2023-07-02,36.75,USD,Check,Completed,CHECK725005
PO0002761,V00129,2025-01-30,4.07,USD,ACH,Pending,CHECK824293
PO0002762,V00129,2025-07-14,785.05,USD,Credit Card,Completed,CHECK342260
PO0002763,V00129,2023-06-12,1082.93,USD,Check,Pending,CHECK230097
PO0002764,V00129,2024-01-31,12174.14,USD,Wire Transfer,Completed,CHECK779434
PO0002765,V00129,2025-03-29,6383.89,USD,Wire Transfer,Pending,CHECK767056
PO0002766,V00129,2023-05-15,837.08,USD,Check,Cancelled,CHECK232971
PO0002767,V00129,2023-02-19,786.67,USD,ACH,Completed,CHECK713333
PO0002768,V00129,2025-03-29,12549.12,USD,Check,Pending,CHECK777740
PO0002769,V00129,2025-02-16,179.03,USD,Credit Card,Pending,CHECK928571
PO0002770,V00129,2024-12-14,1106.01,USD,Credit Card,Cancelled,CHECK299654
PO0002771,V00129,2025-03-01,54.94,USD,Wire Transfer,Completed,CHECK626214
PO0002772,V00129,2023-11-30,2021.29,USD,ACH,Completed,CHECK408947
PO0002773,V00129,2024-10-29,13.11,USD,Wire Transfer,Completed,CHECK605292
PO0002774,V00129,2023-11-13,748.8,USD,ACH,Cancelled,CHECK220835
PO0002775,V00129,2025-01-12,17.17,USD,Check,Pending,CHECK792962
PO0002776,V00129,2023-05-19,960.93,USD,Check,Cancelled,CHECK115505
PO0002777,V00369,2024-01-11,487.12,USD,Check,Completed,CHECK417625
PO0002778,V00369,2025-06-09,334.49,USD,Wire Transfer,Cancelled,CHECK609725
PO0002779,V00369,2025-08-08,44.21,USD,ACH,Completed,CHECK297050
PO0002780,V00369,2023-09-14,168.99,USD,Credit Card,Completed,CHECK973220
PO0002781,V00369,2024-03-31,506.78,USD,Wire Transfer,Completed,CHECK912006
PO0002782,V00369,2023-11-28,9410.73,USD,Wire Transfer,Completed,CHECK771275
PO0002783,V00369,2023-04-13,1584.22,USD,ACH,Pending,CHECK220449
PO0002784,V00369,2023-06-14,179.04,USD,Credit Card,Pending,CHECK409456
PO0002785,V00369,2025-01-09,241.17,USD,Credit Card,Completed,CHECK263111
PO0002786,V00369,2024-10-01,152.72,USD,Credit Card,Pending,CHECK420052
PO0002787,V00369,2024-08-13,2829.72,USD,Wire Transfer,Completed,CHECK994279
PO0002788,V00369,2024-04-26,109.45,USD,Check,Cancelled,CHECK371500
PO0002789,V00369,2024-10-11,190.78,USD,ACH,Cancelled,CHECK773343
PO0002790,V00369,2023-01-07,111.73,USD,Credit Card,Completed,CHECK730772
PO0002791,V00369,2024-01-31,4606.95,USD,Credit Card,Completed,CHECK426284
PO0002792,V00369,2023-06-14,140.82,USD,Credit Card,Completed,CHECK172976
PO0002793,V00369,2025-03-09,507.19,USD,Wire Transfer,Completed,CHECK770780
PO0002794,V00369,2025-11-05,53.26,USD,Credit Card,Completed,CHECK151273
PO0002795,V00369,2025-08-02,815.14,USD,Credit Card,Completed,CHECK707507
PO0002796,V00369,2025-08-11,174.05,USD,Credit Card,Cancelled,CHECK959732
PO0002797,V00369,2025-01-11,25.91,USD,Wire Transfer,Pending,CHECK592877
PO0002798,V00369,2023-07-11,1569.8,USD,Check,Completed,CHECK929577
PO0002799,V00369,2023-01-16,2469.65,USD,ACH,Cancelled,CHECK825063
PO0002800,V00369,2023-08-09,198.66,USD,Check,Completed,CHECK504162
PO0002801,V00369,2025-05-28,22505.67,USD,Wire Transfer,Completed,CHECK895809
PO0002802,V00369,2024-01-14,468075.1,USD,ACH,Cancelled,CHECK510988
PO0002803,V00369,2025-07-02,22.98,USD,Credit Card,Completed,CHECK502431
PO0002804,V00369,2024-11-18,1626.14,USD,ACH,Completed,CHECK797216
PO0002805,V00369,2023-02-27,521.07,USD,Credit Card,Cancelled,CHECK841025
PO0002806,V00369,2025-07-22,76.66,USD,ACH,Completed,CHECK619453
PO0002807,V00164,2023-11-19,38.64,USD,Credit Card,Pending,CHECK210456
PO0002808,V00164,2023-11-29,572.83,USD,ACH,Completed,CHECK683060
PO0002809,V00164,2025-03-18,6581.78,USD,Wire Transfer,Completed,CHECK735386
PO0002810,V00164,2023-08-26,2.45,USD,ACH,Pending,CHECK538019
PO0002811,V00164,2025-04-20,41.38,USD,Wire Transfer,Pending,CHECK947729
PO0002812,V00164,2023-12-23,10.43,USD,Check,Cancelled,CHECK173790
PO0002813,V00164,2023-06-22,13.62,USD,Wire Transfer,Completed,CHECK726242
PO0002814,V00164,2025-01-13,2026.46,USD,Credit Card,Pending,CHECK117065
PO0002815,V00164,2024-08-05,626.34,USD,Check,Completed,CHECK300366
PO0002816,V00164,2025-09-09,56.18,USD,Credit Card,Completed,CHECK758845
PO0002817,V00164,2025-04-04,4454.33,USD,Credit Card,Completed,CHECK771154
PO0002818,V00164,2023-11-15,280.37,USD,Wire Transfer,Completed,CHECK410426
PO0002819,V00164,2023-10-16,27.88,USD,ACH,Completed,CHECK906139
PO0002820,V00164,2025-06-20,251.36,USD,Credit Card,Pending,CHECK675781
PO0002821,V00164,2023-01-05,20.79,USD,Credit Card,Cancelled,CHECK937072
PO0002822,V00164,2025-12-20,5262.95,USD,Wire Transfer,Cancelled,CHECK208808
PO0002823,V00164,2023-09-26,1470.12,USD,ACH,Cancelled,CHECK147047
PO0002824,V00164,2025-08-14,3970.17,USD,ACH,Completed,CHECK129430
PO0002825,V00164,2023-09-29,3482.74,USD,ACH,Completed,CHECK470494
PO0002826,V00164,2023-03-14,155.73,USD,Wire Transfer,Completed,CHECK718019
PO0002827,V00164,2024-04-05,184.0,USD,Credit Card,Cancelled,CHECK375365
PO0002828,V00164,2025-01-31,187.73,USD,ACH,Cancelled,CHECK627939
PO0002829,V00164,2025-06-02,702.8,USD,ACH,Completed,CHECK984923
PO0002830,V00164,2025-05-06,666.64,USD,Check,Cancelled,CHECK126271
PO0002831,V00164,2025-12-16,467.81,USD,ACH,Cancelled,CHECK187137
PO0002832,V00260,2023-01-27,8443.8,USD,Check,Cancelled,CHECK410573
PO0002833,V00260,2025-12-29,645.72,USD,Check,Completed,CHECK615559
PO0002834,V00260,2023-11-30,794.75,USD,ACH,Pending,CHECK221290
PO0002835,V00260,2025-07-30,16783.6,USD,Check,Completed,CHECK348840
PO0002836,V00260,2025-07-13,3036.28,USD,Check,Cancelled,CHECK246914
PO0002837,V00260,2024-03-14,38.17,USD,Credit Card,Cancelled,CHECK926732
PO0002838,V00260,2023-05-26,753.47,USD,Wire Transfer,Pending,CHECK873505
PO0002839,V00260,2023-09-27,68.71,USD,ACH,Cancelled,CHECK565286
PO0002840,V00260,2025-04-27,396.23,USD,ACH,Completed,CHECK892450
PO0002841,V00260,2024-09-20,7.8,USD,ACH,Completed,CHECK463487
PO0002842,V00260,2023-10-16,158.95,USD,Wire Transfer,Cancelled,CHECK516535
PO0002843,V00260,2023-01-04,60.51,USD,Wire Transfer,Pending,CHECK523826
PO0002844,V00260,2024-02-09,6348.39,USD,Check,Cancelled,CHECK177354
PO0002845,V00260,2024-09-08,340.32,USD,Check,Cancelled,CHECK181411
PO0002846,V00191,2024-12-27,119.62,USD,ACH,Completed,CHECK860322
PO0002847,V00350,2025-03-10,23.61,USD,Wire Transfer,Completed,CHECK535104
PO0002848,V00350,2023-05-25,1142.35,USD,Credit Card,Completed,CHECK606183
PO0002849,V00350,2025-06-17,166.66,USD,Check,Completed,CHECK376404
PO0002850,V00350,2024-07-27,1954.27,USD,Wire Transfer,Cancelled,CHECK819101
PO0002851,V00350,2023-04-26,50.89,USD,Check,Completed,CHECK680782
PO0002852,V00350,2024-03-21,2493.12,USD,Credit Card,Completed,CHECK566612
PO0002853,V00350,2023-10-02,4592.63,USD,Check,Completed,CHECK487057
PO0002854,V00350,2024-06-10,83.09,USD,Wire Transfer,Completed,CHECK394824
PO0002855,V00350,2025-09-23,9955.74,USD,ACH,Completed,CHECK697621
PO0002856,V00350,2025-09-06,2988.21,USD,Wire Transfer,Completed,CHECK955952
PO0002857,V00350,2023-10-03,24.7,USD,Wire Transfer,Completed,CHECK570940
PO0002858,V00350,2024-12-31,3714.92,USD,ACH,Completed,CHECK931573
PO0002859,V00350,2025-06-12,3336.54,USD,ACH,Cancelled,CHECK821931
PO0002860,V00350,2025-05-28,1163.42,USD,ACH,Completed,CHECK660745
PO0002861,V00350,2024-05-20,523.69,USD,Wire Transfer,Completed,CHECK815899
PO0002862,V00350,2024-06-06,2240.0,USD,Credit Card,Completed,CHECK758763
PO0002863,V00350,2024-04-06,43.68,USD,Check,Cancelled,CHECK653197
PO0002864,V00350,2023-05-03,33.64,USD,Check,Completed,CHECK291310
PO0002865,V00373,2023-04-14,39.79,USD,ACH,Pending,CHECK297943
PO0002866,V00373,2024-04-05,5125.9,USD,ACH,Completed,CHECK406023
PO0002867,V00373,2025-02-23,245.1,USD,ACH,Pending,CHECK179998
PO0002868,V00373,2023-08-07,29.31,USD,Wire Transfer,Completed,CHECK135253
PO0002869,V00373,2025-09-28,2778.46,USD,Check,Cancelled,CHECK966438
PO0002870,V00394,2024-06-25,419.83,USD,Wire Transfer,Pending,CHECK318463
PO0002871,V00394,2025-09-21,245.77,USD,ACH,Completed,CHECK771216
PO0002872,V00394,2024-01-14,56.89,USD,Credit Card,Completed,CHECK453939
PO0002873,V00394,2024-03-21,688.37,USD,Credit Card,Completed,CHECK965552
PO0002874,V00394,2023-08-24,195.62,USD,Wire Transfer,Completed,CHECK951548
PO0002875,V00394,2024-09-09,12381.47,USD,ACH,Completed,CHECK870304
PO0002876,V00394,2024-01-08,1752.57,USD,Wire Transfer,Completed,CHECK804342
PO0002877,V00394,2023-06-05,2637.87,USD,Wire Transfer,Completed,CHECK216555
PO0002878,V00394,2024-04-06,311.1,USD,Check,Cancelled,CHECK140572
PO0002879,V00228,2024-06-12,95.18,USD,Wire Transfer,Pending,CHECK597746
PO0002880,V00228,2023-06-05,4.93,USD,Check,Cancelled,CHECK379255
PO0002881,V00228,2025-03-26,2016.44,USD,Credit Card,Completed,CHECK371060
PO0002882,V00228,2023-06-14,10088.15,USD,Check,Completed,CHECK826422
PO0002883,V00228,2024-01-07,77502.24,USD,Credit Card,Completed,CHECK502171
PO0002884,V00228,2025-09-26,1040.42,USD,Credit Card,Completed,CHECK976864
PO0002885,V00228,2024-05-22,240.55,USD,Credit Card,Cancelled,CHECK182352
PO0002886,V00228,2024-03-09,4404.1,USD,ACH,Completed,CHECK453927
PO0002887,V00228,2023-05-28,1210.61,USD,Check,Cancelled,CHECK538666
PO0002888,V00228,2024-11-10,5895.86,USD,ACH,Completed,CHECK484822
PO0002889,V00228,2023-07-20,139.42,USD,Check,Cancelled,CHECK866411
PO0002890,V00228,2025-04-29,24.78,USD,Wire Transfer,Completed,CHECK805846
PO0002891,V00228,2025-01-30,199.95,USD,Check,Completed,CHECK164606
PO0002892,V00228,2023-10-06,5960.19,USD,Wire Transfer,Completed,CHECK603651
PO0002893,V00228,2023-05-27,1010.1,USD,ACH,Cancelled,CHECK421755
PO0002894,V00228,2025-05-09,593.17,USD,ACH,Completed,CHECK168080
PO0002895,V00228,2023-12-26,46.67,USD,Wire Transfer,Cancelled,CHECK236041
PO0002896,V00228,2024-05-02,135.3,USD,Wire Transfer,Pending,CHECK747769
PO0002897,V00228,2025-05-06,9864.85,USD,ACH,Completed,CHECK654089
PO0002898,V00228,2025-08-21,87.91,USD,Wire Transfer,Completed,CHECK845036
PO0002899,V00228,2024-09-22,48.48,USD,Check,Completed,CHECK244579
PO0002900,V00228,2025-07-21,5102.15,USD,Wire Transfer,Completed,CHECK839983
PO0002901,V00228,2025-01-04,2606.21,USD,Credit Card,Cancelled,CHECK481910
PO0002902,V00228,2024-05-02,6205.79,USD,Wire Transfer,Cancelled,CHECK951064
PO0002903,V00228,2025-04-08,556.18,USD,Check,Cancelled,CHECK465125
PO0002904,V00228,2024-08-28,30.49,USD,Wire Transfer,Completed,CHECK414757
PO0002905,V00228,2024-10-03,460.51,USD,Check,Completed,CHECK279254
PO0002906,V00500,2023-06-12,11131.31,USD,ACH,Completed,CHECK654428
PO0002907,V00500,2025-09-18,219.76,USD,Check,Completed,CHECK861187
PO0002908,V00500,2024-04-21,46.54,USD,Check,Completed,CHECK827488
PO0002909,V00500,2023-10-06,141.76,USD,Credit Card,Completed,CHECK336379
PO0002910,V00500,2023-01-01,527.59,USD,Wire Transfer,Cancelled,CHECK799730
PO0002911,V00500,2024-02-10,7144.12,USD,Wire Transfer,Completed,CHECK900185
PO0002912,V00500,2025-09-29,139.51,USD,Check,Completed,CHECK218625
PO0002913,V00500,2023-10-30,1217.01,USD,Credit Card,Completed,CHECK621496
PO0002914,V00500,2023-01-07,1211.85,USD,Wire Transfer,Cancelled,CHECK935439
PO0002915,V00500,2024-07-31,376.39,USD,ACH,Cancelled,CHECK357415
PO0002916,V00500,2023-03-24,1741.93,USD,Wire Transfer,Cancelled,CHECK729501
PO0002917,V00500,2025-03-16,13486.49,USD,Check,Pending,CHECK754379
PO0002918,V00500,2025-01-10,159.58,USD,Wire Transfer,Completed,CHECK982408
PO0002919,V00500,2025-09-01,1234.35,USD,Wire Transfer,Completed,CHECK306162
PO0002920,V00500,2023-04-29,39.5,USD,ACH,Completed,CHECK666302
PO0002921,V00229,2024-01-13,308.58,USD,Check,Completed,CHECK798733
PO0002922,V00229,2023-08-11,2302.38,USD,Wire Transfer,Completed,CHECK876784
PO0002923,V00229,2023-06-13,789.49,USD,ACH,Cancelled,CHECK634899
PO0002924,V00229,2025-08-11,31.11,USD,Wire Transfer,Pending,CHECK822393
PO0002925,V00229,2025-08-21,5.03,USD,ACH,Pending,CHECK619033
PO0002926,V00229,2024-04-07,48.17,USD,Wire Transfer,Cancelled,CHECK792347
PO0002927,V00229,2024-08-23,117.41,USD,Wire Transfer,Completed,CHECK760415
PO0002928,V00229,2024-05-04,24.97,USD,ACH,Pending,CHECK651506
PO0002929,V00408,2024-08-12,142.52,USD,Wire Transfer,Completed,CHECK331516
PO0002930,V00408,2024-06-16,2632.23,USD,ACH,Completed,CHECK177734
PO0002931,V00408,2025-06-30,213.09,USD,Check,Pending,CHECK993150
PO0002932,V00408,2025-01-04,40.8,USD,ACH,Pending,CHECK149845
PO0002933,V00408,2025-03-07,11503.87,USD,Wire Transfer,Completed,CHECK608179
PO0002934,V00408,2023-02-16,510.56,USD,Wire Transfer,Completed,CHECK883364
PO0002935,V00408,2023-06-27,37.23,USD,ACH,Completed,CHECK494754
PO0002936,V00408,2024-09-16,256.3,USD,Wire Transfer,Completed,CHECK599967
PO0002937,V00408,2025-02-23,46.95,USD,ACH,Completed,CHECK130896
PO0002938,V00408,2023-06-02,2155.2,USD,Wire Transfer,Completed,CHECK201035
PO0002939,V00408,2024-05-11,1878.23,USD,ACH,Completed,CHECK795249
PO0002940,V00408,2024-06-27,869.66,USD,ACH,Cancelled,CHECK236852
PO0002941,V00408,2023-10-15,1465.17,USD,Check,Cancelled,CHECK994970
PO0002942,V00408,2025-04-22,61.41,USD,ACH,Pending,CHECK600490
PO0002943,V00237,2025-10-12,982.74,USD,ACH,Completed,CHECK601729
PO0002944,V00237,2025-09-07,244.41,USD,Check,Completed,CHECK610753
PO0002945,V00237,2023-11-30,230150.84,USD,Credit Card,Cancelled,CHECK261923
PO0002946,V00237,2025-08-14,162.35,USD,Credit Card,Completed,CHECK191123
PO0002947,V00237,2023-09-05,159.54,USD,Credit Card,Completed,CHECK994801
PO0002948,V00237,2024-02-27,53.87,USD,Check,Completed,CHECK746827
PO0002949,V00237,2024-03-31,1047.42,USD,ACH,Completed,CHECK523955
PO0002950,V00237,2025-05-14,5803.25,USD,Wire Transfer,Completed,CHECK199747
PO0002951,V00237,2023-10-30,4155.34,USD,Check,Completed,CHECK200943
PO0002952,V00237,2023-08-29,341.01,USD,ACH,Cancelled,CHECK645829
PO0002953,V00365,2024-06-28,19.7,USD,Credit Card,Pending,CHECK803097
PO0002954,V00365,2025-05-04,1589.94,USD,Credit Card,Completed,CHECK270401
PO0002955,V00365,2025-07-09,3021.83,USD,Credit Card,Pending,CHECK741545
PO0002956,V00365,2023-10-02,376.57,USD,Wire Transfer,Pending,CHECK573807
PO0002957,V00365,2023-08-29,97.87,USD,Wire Transfer,Completed,CHECK402971
PO0002958,V00365,2025-02-10,5987.35,USD,Wire Transfer,Completed,CHECK721053
PO0002959,V00365,2024-08-27,87.72,USD,Check,Completed,CHECK997212
PO0002960,V00365,2023-03-11,5293.68,USD,ACH,Completed,CHECK712371
PO0002961,V00365,2024-01-17,73.2,USD,Check,Completed,CHECK608663
PO0002962,V00365,2025-04-05,17.03,USD,Wire Transfer,Completed,CHECK776234
PO0002963,V00365,2025-08-06,3057.23,USD,Check,Cancelled,CHECK854884
PO0002964,V00365,2023-01-21,2611.39,USD,Check,Completed,CHECK967467
PO0002965,V00365,2024-10-17,393.41,USD,Check,Cancelled,CHECK109674
PO0002966,V00365,2025-08-31,25.59,USD,Wire Transfer,Pending,CHECK872792
PO0002967,V00365,2024-02-23,1623.82,USD,Check,Completed,CHECK217891
PO0002968,V00365,2025-05-26,1563.17,USD,Wire Transfer,Completed,CHECK291173
PO0002969,V00365,2024-11-25,23.91,USD,Credit Card,Pending,CHECK268697
PO0002970,V00365,2025-05-30,15.59,USD,ACH,Completed,CHECK461951
PO0002971,V00365,2025-05-08,2227.83,USD,ACH,Completed,CHECK842495
PO0002972,V00365,2023-05-17,571.32,USD,Check,Pending,CHECK362559
PO0002973,V00365,2025-06-28,593.34,USD,Wire Transfer,Completed,CHECK102739
PO0002974,V00365,2025-01-23,412.31,USD,Wire Transfer,Cancelled,CHECK297542
PO0002975,V00365,2024-06-16,55.82,USD,Wire Transfer,Completed,CHECK651546
PO0002976,V00267,2025-02-14,1803.68,USD,Wire Transfer,Cancelled,CHECK913319
PO0002977,V00267,2025-06-16,17.7,USD,Credit Card,Completed,CHECK747045
PO0002978,V00267,2025-09-24,77.75,USD,Wire Transfer,Cancelled,CHECK497567
PO0002979,V00267,2025-09-08,22.34,USD,Credit Card,Cancelled,CHECK975844
PO0002980,V00267,2023-11-11,499.04,USD,Check,Pending,CHECK935519
PO0002981,V00267,2025-10-29,12286.73,USD,Wire Transfer,Cancelled,CHECK813928
PO0002982,V00267,2023-10-06,397.89,USD,Check,Completed,CHECK611538
PO0002983,V00267,2025-01-15,905.94,USD,Credit Card,Completed,CHECK829073
PO0002984,V00267,2023-08-02,7.93,USD,Check,Pending,CHECK912680
PO0002985,V00136,2024-05-08,15.8,USD,ACH,Completed,CHECK409898
PO0002986,V00136,2024-09-24,27412.93,USD,Credit Card,Completed,CHECK804078
PO0002987,V00136,2024-04-06,674.53,USD,ACH,Completed,CHECK673442
PO0002988,V00136,2023-09-07,298.64,USD,Wire Transfer,Cancelled,CHECK117402
PO0002989,V00136,2025-03-01,746.7,USD,Credit Card,Completed,CHECK148030
PO0002990,V00315,2024-08-09,395.18,USD,ACH,Pending,CHECK133681
PO0002991,V00315,2023-09-24,38.3,USD,ACH,Completed,CHECK199432
PO0002992,V00315,2025-10-18,416.81,USD,Check,Cancelled,CHECK161722
PO0002993,V00315,2024-01-15,186.3,USD,Credit Card,Pending,CHECK301666
PO0002994,V00315,2023-03-11,789.06,USD,Wire Transfer,Pending,CHECK406052
PO0002995,V00315,2024-09-18,116.17,USD,Check,Completed,CHECK636514
PO0002996,V00315,2025-12-25,14784.09,USD,Wire Transfer,Cancelled,CHECK758757
PO0002997,V00315,2025-04-02,354.06,USD,ACH,Pending,CHECK342435
PO0002998,V00315,2025-02-17,19.89,USD,Wire Transfer,Completed,CHECK862394
PO0002999,V00315,2025-03-10,490.7,USD,Credit Card,Completed,CHECK637223
PO0003000,V00315,2024-12-13,806.91,USD,Check,Cancelled,CHECK883558
PO0003001,V00315,2025-07-25,242.85,USD,ACH,Pending,CHECK103076
PO0003002,V00041,2024-04-05,2989.33,USD,ACH,Pending,CHECK693345
PO0003003,V00041,2023-12-02,1.17,USD,Wire Transfer,Completed,CHECK571594
PO0003004,V00041,2025-05-22,60.76,USD,Check,Cancelled,CHECK405611
PO0003005,V00041,2023-08-02,248.77,USD,Wire Transfer,Completed,CHECK705648
PO0003006,V00041,2023-04-23,1102.38,USD,Credit Card,Completed,CHECK470733
PO0003007,V00041,2025-02-02,1845.35,USD,ACH,Pending,CHECK834555
PO0003008,V00041,2024-09-18,21.93,USD,Check,Completed,CHECK129567
PO0003009,V00177,2025-07-10,4460.17,USD,Wire Transfer,Pending,CHECK847516
PO0003010,V00177,2025-08-28,1832.73,USD,ACH,Pending,CHECK958756
PO0003011,V00177,2024-04-01,3830.6,USD,ACH,Cancelled,CHECK352191
PO0003012,V00177,2024-09-01,43.57,USD,Credit Card,Cancelled,CHECK769942
PO0003013,V00177,2023-12-24,15.14,USD,ACH,Completed,CHECK415343
PO0003014,V00177,2024-03-21,4728.83,USD,Wire Transfer,Completed,CHECK450194
PO0003015,V00177,2025-11-16,1500.8,USD,ACH,Completed,CHECK780456
PO0003016,V00177,2023-10-03,99.45,USD,ACH,Completed,CHECK443049
PO0003017,V00177,2023-06-23,350.9,USD,Credit Card,Completed,CHECK451240
PO0003018,V00177,2023-06-02,227.82,USD,Credit Card,Completed,CHECK173731
PO0003019,V00177,2024-07-08,523.61,USD,Check,Pending,CHECK814999
PO0003020,V00177,2025-12-04,6271.5,USD,ACH,Completed,CHECK694261
PO0003021,V00177,2024-05-20,182.19,USD,ACH,Completed,CHECK326364
PO0003022,V00177,2025-07-16,55.99,USD,ACH,Completed,CHECK717263
PO0003023,V00177,2023-12-26,617.3,USD,Check,Cancelled,CHECK786623
PO0003024,V00177,2025-05-29,5762.77,USD,Check,Completed,CHECK606284
PO0003025,V00368,2024-02-09,616.93,USD,Check,Pending,CHECK826339
PO0003026,V00368,2024-11-17,191.89,USD,Credit Card,Completed,CHECK519368
PO0003027,V00368,2024-12-15,553.72,USD,Check,Pending,CHECK802491
PO0003028,V00368,2025-10-01,2195.64,USD,Credit Card,Completed,CHECK636773
PO0003029,V00368,2025-02-23,164.43,USD,Credit Card,Completed,CHECK384393
PO0003030,V00368,2025-06-29,31278.32,USD,Wire Transfer,Completed,CHECK948413
PO0003031,V00368,2025-03-21,2646.59,USD,Check,Completed,CHECK355516
PO0003032,V00389,2023-08-25,8.7,USD,Credit Card,Completed,CHECK409610
PO0003033,V00389,2023-05-27,380.74,USD,ACH,Completed,CHECK305247
PO0003034,V00389,2025-06-28,287.46,USD,Check,Completed,CHECK959467
PO0003035,V00389,2024-02-23,520.68,USD,Check,Pending,CHECK952776
PO0003036,V00389,2025-07-05,840.95,USD,Credit Card,Completed,CHECK929053
PO0003037,V00389,2024-07-14,1.58,USD,Wire Transfer,Completed,CHECK824541
PO0003038,V00389,2023-06-01,52.85,USD,Credit Card,Completed,CHECK565460
PO0003039,V00389,2025-06-18,656.18,USD,Check,Cancelled,CHECK835743
PO0003040,V00389,2023-12-19,1199.76,USD,Wire Transfer,Completed,CHECK152573
PO0003041,V00389,2025-01-27,519.22,USD,Wire Transfer,Completed,CHECK708303
PO0003042,V00389,2024-11-06,30.0,USD,Credit Card,Completed,CHECK946763
PO0003043,V00389,2023-07-11,500.94,USD,Credit Card,Completed,CHECK980969
PO0003044,V00389,2023-07-17,557.29,USD,ACH,Completed,CHECK137305
PO0003045,V00079,2025-09-05,8.5,USD,ACH,Completed,CHECK702119
PO0003046,V00079,2024-11-05,1367.66,USD,Wire Transfer,Pending,CHECK309435
PO0003047,V00023,2023-03-31,1023.36,USD,Check,Completed,CHECK902089
PO0003048,V00023,2025-04-15,1205.15,USD,ACH,Cancelled,CHECK866283
PO0003049,V00023,2023-04-01,189.97,USD,Check,Completed,CHECK345791
PO0003050,V00023,2023-12-21,272.26,USD,Wire Transfer,Completed,CHECK773957
PO0003051,V00023,2023-05-09,5464.95,USD,Credit Card,Completed,CHECK651675
PO0003052,V00023,2023-01-03,132.76,USD,Wire Transfer,Completed,CHECK230446
PO0003053,V00023,2024-02-18,54.26,USD,Credit Card,Pending,CHECK821098
PO0003054,V00023,2025-04-18,26.1,USD,ACH,Pending,CHECK964303
PO0003055,V00023,2024-01-19,25.26,USD,Wire Transfer,Completed,CHECK665685
PO0003056,V00023,2024-02-26,650.22,USD,Check,Pending,CHECK620844
PO0003057,V00023,2023-01-14,1107.62,USD,ACH,Completed,CHECK252834
PO0003058,V00023,2025-01-12,17426.37,USD,Check,Cancelled,CHECK782200
PO0003059,V00340,2024-09-15,234.38,USD,ACH,Completed,CHECK639613
PO0003060,V00340,2023-04-22,14.09,USD,Check,Cancelled,CHECK439207
PO0003061,V00340,2023-10-29,19313.72,USD,Check,Cancelled,CHECK758572
PO0003062,V00340,2023-08-23,2573.88,USD,Wire Transfer,Completed,CHECK809933
PO0003063,V00340,2023-12-04,162.48,USD,Wire Transfer,Completed,CHECK627550
PO0003064,V00340,2023-06-01,246.96,USD,Wire Transfer,Completed,CHECK133720
PO0003065,V00340,2023-04-12,37.52,USD,Credit Card,Completed,CHECK651637
PO0003066,V00340,2023-08-03,422.8,USD,ACH,Completed,CHECK983129
PO0003067,V00340,2025-07-13,5430.44,USD,Check,Completed,CHECK307725
PO0003068,V00340,2023-04-29,2807.38,USD,Wire Transfer,Completed,CHECK984144
PO0003069,V00340,2023-03-13,33.14,USD,Wire Transfer,Completed,CHECK962721
PO0003070,V00340,2023-10-14,1204.02,USD,ACH,Pending,CHECK967872
PO0003071,V00340,2024-06-10,562.32,USD,ACH,Pending,CHECK529162
PO0003072,V00340,2025-06-29,1847.14,USD,Credit Card,Pending,CHECK606828
PO0003073,V00340,2024-08-09,87.7,USD,Check,Cancelled,CHECK130255
PO0003074,V00340,2023-04-10,904.48,USD,Check,Completed,CHECK135133
PO0003075,V00340,2023-05-26,1231.16,USD,Check,Pending,CHECK450646
PO0003076,V00340,2023-07-24,1981.3,USD,ACH,Cancelled,CHECK789983
PO0003077,V00340,2023-10-22,373.11,USD,Credit Card,Completed,CHECK110644
PO0003078,V00340,2023-01-27,19.15,USD,ACH,Completed,CHECK804976
PO0003079,V00340,2025-08-16,2131.4,USD,Wire Transfer,Completed,CHECK388606
PO0003080,V00278,2023-03-15,225.6,USD,Credit Card,Completed,CHECK469087
PO0003081,V00278,2023-06-15,354.61,USD,Wire Transfer,Completed,CHECK980384
PO0003082,V00278,2023-08-08,34.62,USD,Credit Card,Completed,CHECK936893
PO0003083,V00220,2024-10-31,412.13,USD,Check,Completed,CHECK610276
PO0003084,V00220,2024-05-29,3961.33,USD,ACH,Completed,CHECK410494
PO0003085,V00220,2024-05-20,214.97,USD,Credit Card,Cancelled,CHECK469366
PO0003086,V00220,2023-07-12,415.47,USD,ACH,Completed,CHECK752645
PO0003087,V00220,2023-07-27,9186.19,USD,Wire Transfer,Cancelled,CHECK361733
PO0003088,V00220,2023-10-20,875.31,USD,Check,Pending,CHECK593791
PO0003089,V00220,2024-03-02,140.72,USD,ACH,Cancelled,CHECK808590
PO0003090,V00220,2025-06-01,10974.66,USD,Credit Card,Completed,CHECK664380
PO0003091,V00220,2024-08-24,391.69,USD,Credit Card,Pending,CHECK183827
PO0003092,V00311,2023-08-20,1161.83,USD,Check,Completed,CHECK300051
PO0003093,V00311,2025-11-01,534.71,USD,Wire Transfer,Completed,CHECK166400
PO0003094,V00311,2023-08-03,594.0,USD,Credit Card,Completed,CHECK882345
PO0003095,V00311,2023-04-16,5868.13,USD,Credit Card,Completed,CHECK940077
PO0003096,V00311,2023-08-09,4052.89,USD,ACH,Pending,CHECK710733
PO0003097,V00311,2024-11-28,269.85,USD,ACH,Completed,CHECK300530
PO0003098,V00311,2024-02-13,25.86,USD,Check,Completed,CHECK137355
PO0003099,V00311,2024-03-27,32.55,USD,Wire Transfer,Completed,CHECK396559
PO0003100,V00311,2025-10-12,142.01,USD,Credit Card,Pending,CHECK377393
PO0003101,V00311,2025-12-22,1194.83,USD,Wire Transfer,Completed,CHECK485401
PO0003102,V00311,2024-06-29,129.36,USD,Check,Completed,CHECK551256
PO0003103,V00311,2025-01-03,8279.03,USD,Credit Card,Completed,CHECK119059
PO0003104,V00311,2024-09-12,740.62,USD,ACH,Pending,CHECK520423
PO0003105,V00469,2025-09-10,48260.93,USD,Wire Transfer,Completed,CHECK877534
PO0003106,V00469,2023-04-21,852.23,USD,Wire Transfer,Completed,CHECK575023
PO0003107,V00469,2023-07-31,1045.93,USD,Credit Card,Pending,CHECK102234
PO0003108,V00469,2025-09-16,4991.26,USD,Wire Transfer,Completed,CHECK565383
PO0003109,V00469,2023-04-06,325.89,USD,Credit Card,Completed,CHECK424522
PO0003110,V00469,2023-07-04,1532.77,USD,Credit Card,Completed,CHECK414943
PO0003111,V00469,2025-02-07,203.87,USD,ACH,Cancelled,CHECK768775
PO0003112,V00469,2023-06-30,526.8,USD,Credit Card,Completed,CHECK341083
PO0003113,V00469,2023-03-03,161.21,USD,Credit Card,Completed,CHECK975178
PO0003114,V00469,2023-02-01,466.69,USD,Credit Card,Completed,CHECK645253
PO0003115,V00469,2023-07-11,4256.15,USD,Credit Card,Cancelled,CHECK280415
PO0003116,V00469,2025-01-21,63.49,USD,Credit Card,Cancelled,CHECK506249
PO0003117,V00469,2024-06-28,5696.21,USD,ACH,Completed,CHECK451622
PO0003118,V00469,2023-11-11,81.11,USD,ACH,Completed,CHECK155684
PO0003119,V00469,2025-03-13,26.01,USD,Credit Card,Cancelled,CHECK333984
PO0003120,V00469,2025-04-14,195.42,USD,Check,Completed,CHECK538618
PO0003121,V00469,2023-08-26,818.96,USD,Credit Card,Completed,CHECK573626
PO0003122,V00469,2025-11-08,2408.75,USD,Check,Completed,CHECK390101
PO0003123,V00469,2024-05-14,12.27,USD,Wire Transfer,Pending,CHECK278191
PO0003124,V00469,2023-09-04,2278.02,USD,ACH,Completed,CHECK661452
PO0003125,V00125,2023-07-08,118.44,USD,Check,Cancelled,CHECK784039
PO0003126,V00125,2023-05-30,42.16,USD,Wire Transfer,Completed,CHECK563298
PO0003127,V00125,2023-04-03,323.3,USD,ACH,Completed,CHECK366568
PO0003128,V00125,2024-06-08,85.14,USD,Wire Transfer,Completed,CHECK472616
PO0003129,V00125,2024-06-14,2237.68,USD,Credit Card,Cancelled,CHECK598550
PO0003130,V00125,2023-03-28,24.63,USD,ACH,Pending,CHECK285315
PO0003131,V00125,2024-10-23,116.59,USD,ACH,Completed,CHECK429459
PO0003132,V00125,2024-06-19,132.09,USD,ACH,Pending,CHECK902213
PO0003133,V00125,2024-06-16,1301.26,USD,Check,Completed,CHECK642305
PO0003134,V00125,2024-11-01,8856.5,USD,Credit Card,Cancelled,CHECK693963
PO0003135,V00125,2025-10-09,222.18,USD,ACH,Pending,CHECK654665
PO0003136,V00125,2024-12-07,140073.13,USD,ACH,Completed,CHECK448146
PO0003137,V00125,2024-08-12,5659.6,USD,Credit Card,Completed,CHECK489429
PO0003138,V00125,2023-02-11,765.78,USD,Wire Transfer,Cancelled,CHECK318931
PO0003139,V00125,2025-08-06,4576.65,USD,Wire Transfer,Completed,CHECK496257
PO0003140,V00125,2023-10-15,814.58,USD,Credit Card,Completed,CHECK889070
PO0003141,V00521,2023-04-13,618.53,USD,Wire Transfer,Cancelled,CHECK900178
PO0003142,V00521,2025-09-29,210.26,USD,Credit Card,Cancelled,CHECK451689
PO0003143,V00521,2025-05-25,695.31,USD,Check,Cancelled,CHECK699533
PO0003144,V00521,2025-04-16,867.25,USD,Check,Completed,CHECK511712
PO0003145,V00521,2024-08-10,90.98,USD,Wire Transfer,Cancelled,CHECK105230
PO0003146,V00521,2025-05-14,30.0,USD,ACH,Completed,CHECK825822
PO0003147,V00521,2023-06-01,34.55,USD,Wire Transfer,Completed,CHECK756543
PO0003148,V00521,2025-04-12,2634.63,USD,Wire Transfer,Pending,CHECK209048
PO0003149,V00521,2023-09-25,160.81,USD,ACH,Pending,CHECK309369
PO0003150,V00521,2025-07-27,335.49,USD,Wire Transfer,Cancelled,CHECK912473
PO0003151,V00521,2025-10-22,1023.19,USD,ACH,Cancelled,CHECK648805
PO0003152,V00521,2023-05-10,426.67,USD,ACH,Completed,CHECK572915
PO0003153,V00521,2024-06-27,173.68,USD,Wire Transfer,Cancelled,CHECK414524
PO0003154,V00521,2023-06-11,294.04,USD,Check,Cancelled,CHECK340817
PO0003155,V00521,2024-07-01,13827.78,USD,Wire Transfer,Pending,CHECK873813
PO0003156,V00521,2024-06-14,10384.05,USD,Check,Pending,CHECK348313
PO0003157,V00206,2025-08-30,12.11,USD,Credit Card,Completed,CHECK423168
PO0003158,V00206,2025-07-03,916.69,USD,ACH,Completed,CHECK352637
PO0003159,V00206,2025-06-19,679.97,USD,Check,Pending,CHECK955921
PO0003160,V00206,2023-05-02,404.52,USD,ACH,Cancelled,CHECK914680
PO0003161,V00206,2025-05-01,682.78,USD,Wire Transfer,Completed,CHECK850364
PO0003162,V00206,2024-11-30,1481.55,USD,Wire Transfer,Pending,CHECK548538
PO0003163,V00399,2025-11-01,698.07,USD,Check,Cancelled,CHECK652931
PO0003164,V00399,2025-07-14,331.1,USD,Credit Card,Pending,CHECK941654
PO0003165,V00399,2024-06-09,459.12,USD,ACH,Pending,CHECK322425
PO0003166,V00399,2025-03-22,173.76,USD,Credit Card,Completed,CHECK427626
PO0003167,V00399,2024-05-27,513.88,USD,Check,Cancelled,CHECK381469
PO0003168,V00399,2024-07-25,13901.68,USD,ACH,Completed,CHECK233802
PO0003169,V00399,2024-07-23,652.67,USD,Credit Card,Completed,CHECK656810
PO0003170,V00399,2025-06-26,76.96,USD,Credit Card,Pending,CHECK401171
PO0003171,V00399,2025-03-27,207.05,USD,Check,Completed,CHECK897653
PO0003172,V00460,2023-11-10,795.88,USD,Check,Completed,CHECK163149
PO0003173,V00460,2023-07-01,74.4,USD,ACH,Completed,CHECK453178
PO0003174,V00460,2023-12-23,1679.45,USD,Check,Completed,CHECK552689
PO0003175,V00460,2025-01-26,7809.54,USD,Check,Cancelled,CHECK885003
PO0003176,V00460,2023-04-13,4737.24,USD,ACH,Completed,CHECK122373
PO0003177,V00460,2024-09-08,791.85,USD,Wire Transfer,Completed,CHECK789081
PO0003178,V00460,2025-05-04,65.84,USD,Wire Transfer,Completed,CHECK607073
PO0003179,V00460,2023-04-26,124.32,USD,Wire Transfer,Pending,CHECK186080
PO0003180,V00460,2023-01-27,461.79,USD,Wire Transfer,Pending,CHECK888485
PO0003181,V00460,2025-09-07,4174.59,USD,Wire Transfer,Completed,CHECK409765
PO0003182,V00460,2024-03-30,261.95,USD,Wire Transfer,Cancelled,CHECK571419
PO0003183,V00460,2024-07-26,31.02,USD,ACH,Completed,CHECK170197
PO0003184,V00460,2024-10-29,2116.71,USD,Wire Transfer,Completed,CHECK141658
PO0003185,V00460,2023-12-27,401.87,USD,Credit Card,Completed,CHECK919136
PO0003186,V00460,2023-09-03,22.1,USD,Wire Transfer,Cancelled,CHECK595988
PO0003187,V00460,2023-07-15,40358.98,USD,Wire Transfer,Completed,CHECK145265
PO0003188,V00460,2023-05-15,647.43,USD,Credit Card,Completed,CHECK930904
PO0003189,V00460,2023-03-19,6146.1,USD,Check,Cancelled,CHECK562622
PO0003190,V00460,2024-05-20,82.17,USD,ACH,Completed,CHECK655645
PO0003191,V00460,2025-12-12,51.9,USD,Wire Transfer,Completed,CHECK584608
PO0003192,V00460,2025-07-05,789.6,USD,Check,Completed,CHECK609280
PO0003193,V00460,2024-08-02,1966.54,USD,Credit Card,Pending,CHECK148652
PO0003194,V00460,2024-08-04,76.51,USD,Credit Card,Completed,CHECK564777
PO0003195,V00460,2025-06-14,30.98,USD,Check,Completed,CHECK488491
PO0003196,V00280,2024-06-25,508.84,USD,Check,Completed,CHECK311985
PO0003197,V00280,2023-10-01,34.14,USD,ACH,Completed,CHECK537266
PO0003198,V00120,2024-09-22,1910.42,USD,ACH,Completed,CHECK928672
PO0003199,V00120,2025-02-20,64.1,USD,Credit Card,Completed,CHECK858898
PO0003200,V00120,2025-02-24,630.46,USD,Credit Card,Completed,CHECK365927
PO0003201,V00120,2023-06-04,190.21,USD,ACH,Completed,CHECK999513
PO0003202,V00120,2024-12-30,222.6,USD,Check,Cancelled,CHECK154134
PO0003203,V00120,2023-06-29,656.96,USD,Wire Transfer,Pending,CHECK230852
PO0003204,V00120,2025-12-10,7.48,USD,ACH,Completed,CHECK769205
PO0003205,V00120,2024-10-04,10.94,USD,Check,Completed,CHECK688147
PO0003206,V00120,2023-04-05,549.34,USD,ACH,Completed,CHECK533218
PO0003207,V00120,2023-05-16,349.73,USD,Wire Transfer,Pending,CHECK652065
PO0003208,V00120,2024-04-12,31.58,USD,Check,Pending,CHECK663563
PO0003209,V00120,2025-02-10,248.4,USD,Check,Cancelled,CHECK512986
PO0003210,V00076,2023-11-23,8990.34,USD,Credit Card,Completed,CHECK572041
PO0003211,V00076,2024-09-20,3493.59,USD,Wire Transfer,Completed,CHECK847048
PO0003212,V00076,2025-06-16,29.4,USD,Check,Completed,CHECK271500
PO0003213,V00076,2024-09-09,103.81,USD,Credit Card,Completed,CHECK818305
PO0003214,V00076,2024-12-11,250.15,USD,Credit Card,Completed,CHECK248906
PO0003215,V00076,2024-08-26,125.32,USD,Wire Transfer,Completed,CHECK989561
PO0003216,V00076,2023-11-25,1890.09,USD,Check,Pending,CHECK124077
PO0003217,V00076,2023-09-01,2545.04,USD,Wire Transfer,Completed,CHECK388072
PO0003218,V00076,2023-11-15,212.76,USD,Wire Transfer,Completed,CHECK754893
PO0003219,V00076,2024-07-09,518.27,USD,ACH,Completed,CHECK819454
PO0003220,V00076,2023-11-24,17.8,USD,Credit Card,Completed,CHECK613907
PO0003221,V00076,2023-08-13,214.36,USD,ACH,Completed,CHECK619821
PO0003222,V00076,2025-02-12,166.36,USD,Credit Card,Pending,CHECK114717
PO0003223,V00076,2024-04-24,2764.26,USD,Credit Card,Completed,CHECK764729
PO0003224,V00076,2025-07-18,164.03,USD,ACH,Completed,CHECK739773
PO0003225,V00076,2024-04-07,66.02,USD,Check,Completed,CHECK396588
PO0003226,V00076,2024-05-02,6180.29,USD,Wire Transfer,Completed,CHECK964130
PO0003227,V00076,2023-03-24,15.46,USD,ACH,Cancelled,CHECK560142
PO0003228,V00076,2025-01-13,168.38,USD,Credit Card,Cancelled,CHECK199556
PO0003229,V00076,2025-03-26,2924.84,USD,ACH,Completed,CHECK253391
PO0003230,V00076,2024-06-29,639.71,USD,Check,Completed,CHECK507120
PO0003231,V00351,2023-04-29,20759.82,USD,Check,Completed,CHECK641576
PO0003232,V00351,2025-12-22,73.3,USD,Wire Transfer,Pending,CHECK105566
PO0003233,V00351,2023-11-18,5790.93,USD,Credit Card,Pending,CHECK883443
PO0003234,V00351,2023-11-27,1714.78,USD,ACH,Completed,CHECK259132
PO0003235,V00351,2025-07-18,571.57,USD,Wire Transfer,Pending,CHECK729264
PO0003236,V00351,2023-01-07,3113.64,USD,ACH,Completed,CHECK932384
PO0003237,V00351,2024-01-27,554.19,USD,Credit Card,Cancelled,CHECK333727
PO0003238,V00351,2024-08-07,60.61,USD,Wire Transfer,Pending,CHECK669735
PO0003239,V00351,2025-07-15,51.01,USD,Credit Card,Completed,CHECK315486
PO0003240,V00351,2025-11-25,104.74,USD,Check,Completed,CHECK951017
PO0003241,V00351,2023-03-24,381.64,USD,Wire Transfer,Completed,CHECK647791
PO0003242,V00351,2023-12-23,504.2,USD,Check,Completed,CHECK503935
PO0003243,V00351,2024-08-29,956.06,USD,Wire Transfer,Cancelled,CHECK571561
PO0003244,V00351,2024-10-10,511.79,USD,ACH,Completed,CHECK318473
PO0003245,V00351,2025-04-12,360.27,USD,ACH,Completed,CHECK641144
PO0003246,V00351,2025-01-26,25.06,USD,ACH,Completed,CHECK227641
PO0003247,V00351,2024-11-13,102.74,USD,Credit Card,Cancelled,CHECK549266
PO0003248,V00351,2024-01-02,32.41,USD,Check,Cancelled,CHECK347749
PO0003249,V00351,2025-03-30,6832.91,USD,Credit Card,Completed,CHECK366411
PO0003250,V00351,2025-07-25,280.27,USD,Credit Card,Completed,CHECK693026
PO0003251,V00351,2023-10-11,290.0,USD,Credit Card,Cancelled,CHECK138772
PO0003252,V00351,2025-11-25,3233.3,USD,Wire Transfer,Completed,CHECK209175
PO0003253,V00457,2023-02-22,6290.45,USD,Check,Pending,CHECK120562
PO0003254,V00457,2025-05-03,834.31,USD,ACH,Completed,CHECK575635
PO0003255,V00457,2024-12-09,41.64,USD,Wire Transfer,Cancelled,CHECK801187
PO0003256,V00457,2024-07-11,16.04,USD,Check,Completed,CHECK314380
PO0003257,V00457,2024-10-26,62.1,USD,ACH,Pending,CHECK708954
PO0003258,V00457,2023-04-05,61.88,USD,Wire Transfer,Pending,CHECK734541
PO0003259,V00457,2025-02-09,12.18,USD,Credit Card,Pending,CHECK407543
PO0003260,V00457,2023-02-02,232.51,USD,Credit Card,Completed,CHECK232731
PO0003261,V00457,2024-02-29,249.92,USD,ACH,Completed,CHECK200327
PO0003262,V00457,2023-12-27,176.69,USD,Check,Completed,CHECK446815
PO0003263,V00457,2023-10-30,347.22,USD,Wire Transfer,Pending,CHECK718330
PO0003264,V00226,2023-12-05,81.29,USD,ACH,Completed,CHECK229379
PO0003265,V00226,2024-06-12,25.35,USD,ACH,Completed,CHECK575836
PO0003266,V00226,2023-03-31,15.26,USD,Check,Pending,CHECK784654
PO0003267,V00226,2023-12-23,12082.59,USD,Check,Pending,CHECK738457
PO0003268,V00226,2025-07-30,448.31,USD,Credit Card,Pending,CHECK196432
PO0003269,V00226,2025-09-25,224.07,USD,Credit Card,Completed,CHECK465443
PO0003270,V00226,2025-05-15,1124.26,USD,ACH,Completed,CHECK211581
PO0003271,V00226,2023-05-16,2424.11,USD,ACH,Completed,CHECK325678
PO0003272,V00226,2025-01-10,859.91,USD,Check,Completed,CHECK804488
PO0003273,V00454,2023-04-08,16.27,USD,Check,Completed,CHECK366153
PO0003274,V00454,2024-08-23,706.39,USD,ACH,Pending,CHECK929224
PO0003275,V00454,2023-07-06,783.12,USD,Credit Card,Pending,CHECK168938
PO0003276,V00454,2025-06-16,137.2,USD,ACH,Completed,CHECK538956
PO0003277,V00454,2023-12-18,23490.28,USD,Wire Transfer,Completed,CHECK839791
PO0003278,V00454,2023-01-29,29.46,USD,Credit Card,Pending,CHECK760776
PO0003279,V00454,2023-07-12,23.09,USD,Check,Completed,CHECK922159
PO0003280,V00454,2025-04-05,4399.96,USD,Wire Transfer,Completed,CHECK622176
PO0003281,V00454,2025-05-23,3052.3,USD,Credit Card,Completed,CHECK311457
PO0003282,V00454,2024-09-18,2370.79,USD,Credit Card,Completed,CHECK541025
PO0003283,V00454,2023-05-28,791.4,USD,Check,Cancelled,CHECK850215
PO0003284,V00454,2024-03-16,109.77,USD,ACH,Completed,CHECK130965
PO0003285,V00454,2024-05-24,93.17,USD,Wire Transfer,Completed,CHECK420465
PO0003286,V00454,2024-03-14,2175.6,USD,ACH,Pending,CHECK136836
PO0003287,V00454,2023-09-18,433.59,USD,ACH,Completed,CHECK502069
PO0003288,V00454,2024-07-05,2826.85,USD,Check,Cancelled,CHECK212059
PO0003289,V00454,2023-12-24,4663.46,USD,Credit Card,Cancelled,CHECK668310
PO0003290,V00454,2023-06-09,1338.46,USD,Check,Completed,CHECK514421
PO0003291,V00454,2023-05-05,1714.86,USD,Check,Completed,CHECK730979
PO0003292,V00099,2024-10-08,38.27,USD,Credit Card,Completed,CHECK160689
PO0003293,V00099,2023-08-29,466.61,USD,ACH,Completed,CHECK637732
PO0003294,V00099,2025-07-25,2201.72,USD,Wire Transfer,Pending,CHECK478825
PO0003295,V00099,2023-02-13,5363.94,USD,ACH,Completed,CHECK930395
PO0003296,V00048,2024-08-07,572.45,USD,Check,Completed,CHECK737481
PO0003297,V00048,2023-10-05,1063.19,USD,ACH,Completed,CHECK843908
PO0003298,V00048,2023-08-02,277.2,USD,Check,Cancelled,CHECK760778
PO0003299,V00048,2023-10-03,413.0,USD,Check,Completed,CHECK136871
PO0003300,V00048,2023-05-03,6171.47,USD,Check,Cancelled,CHECK657785
PO0003301,V00048,2024-12-28,57.84,USD,Credit Card,Pending,CHECK957012
PO0003302,V00048,2025-07-19,3040.67,USD,ACH,Cancelled,CHECK390380
PO0003303,V00048,2025-05-11,11.27,USD,Wire Transfer,Completed,CHECK876709
PO0003304,V00048,2023-02-03,5215.4,USD,Check,Pending,CHECK499240
PO0003305,V00062,2025-02-17,28229.21,USD,Wire Transfer,Pending,CHECK181906
PO0003306,V00062,2023-02-15,5218.04,USD,Wire Transfer,Pending,CHECK115742
PO0003307,V00062,2024-05-15,219.08,USD,Wire Transfer,Completed,CHECK952087
PO0003308,V00062,2025-08-25,35.07,USD,Check,Cancelled,CHECK675761
PO0003309,V00062,2023-06-02,96.54,USD,Check,Completed,CHECK495976
PO0003310,V00062,2023-03-10,1420.26,USD,Check,Completed,CHECK933179
PO0003311,V00062,2023-12-20,1765.57,USD,Wire Transfer,Completed,CHECK492711
PO0003312,V00062,2024-05-29,1293.1,USD,ACH,Completed,CHECK335996
PO0003313,V00062,2023-09-18,70.07,USD,ACH,Cancelled,CHECK521844
PO0003314,V00062,2024-05-16,2943.01,USD,ACH,Completed,CHECK961166
PO0003315,V00062,2025-02-11,7514.92,USD,Credit Card,Completed,CHECK405505
PO0003316,V00062,2024-03-24,3681.92,USD,Wire Transfer,Pending,CHECK169395
PO0003317,V00062,2025-08-24,18.17,USD,Check,Pending,CHECK976339
PO0003318,V00062,2024-04-02,199.58,USD,Wire Transfer,Pending,CHECK976649
PO0003319,V00062,2024-04-02,3705.16,USD,Wire Transfer,Cancelled,CHECK158392
PO0003320,V00062,2024-02-24,247.97,USD,Credit Card,Completed,CHECK112125
PO0003321,V00062,2025-06-14,8.19,USD,Check,Completed,CHECK235778
PO0003322,V00062,2024-11-24,21.34,USD,Wire Transfer,Completed,CHECK529345
PO0003323,V00062,2025-12-13,1279.73,USD,Wire Transfer,Completed,CHECK208709
PO0003324,V00062,2023-05-31,772.3,USD,Check,Cancelled,CHECK171795
PO0003325,V00062,2024-08-02,2052.12,USD,Credit Card,Cancelled,CHECK231087
PO0003326,V00062,2025-12-06,168.59,USD,Check,Completed,CHECK818821
PO0003327,V00062,2024-08-21,4021.97,USD,Credit Card,Completed,CHECK433272
PO0003328,V00062,2023-11-27,345.07,USD,Check,Cancelled,CHECK216822
PO0003329,V00062,2024-04-06,2188.19,USD,Check,Completed,CHECK613090
PO0003330,V00062,2025-03-18,56.57,USD,Credit Card,Completed,CHECK328892
PO0003331,V00062,2024-05-10,492.92,USD,Check,Cancelled,CHECK626034
PO0003332,V00062,2024-06-09,11565.46,USD,Wire Transfer,Completed,CHECK180987
PO0003333,V00409,2025-02-21,4.16,USD,Wire Transfer,Completed,CHECK523463
PO0003334,V00409,2025-07-02,467.32,USD,Check,Pending,CHECK130835
PO0003335,V00409,2025-08-21,1973.8,USD,Credit Card,Completed,CHECK301750
PO0003336,V00409,2025-03-03,996.42,USD,ACH,Completed,CHECK129742
PO0003337,V00409,2025-11-21,2792.5,USD,Credit Card,Pending,CHECK907178
PO0003338,V00409,2025-08-26,467.01,USD,Credit Card,Cancelled,CHECK692836
PO0003339,V00409,2024-06-16,39078.49,USD,Wire Transfer,Completed,CHECK774135
PO0003340,V00409,2025-01-03,701.58,USD,Wire Transfer,Completed,CHECK622758
PO0003341,V00409,2024-12-18,46.79,USD,ACH,Completed,CHECK234379
PO0003342,V00409,2025-05-29,286.22,USD,ACH,Cancelled,CHECK329444
PO0003343,V00003,2025-02-19,1097.75,USD,Wire Transfer,Pending,CHECK124782
PO0003344,V00003,2023-05-02,2413.48,USD,Wire Transfer,Completed,CHECK432132
PO0003345,V00439,2025-09-20,97.41,USD,Credit Card,Completed,CHECK145244
PO0003346,V00439,2024-01-07,127.37,USD,Wire Transfer,Cancelled,CHECK191775
PO0003347,V00439,2023-12-16,1332.9,USD,Wire Transfer,Cancelled,CHECK400345
PO0003348,V00439,2024-02-08,147.12,USD,Wire Transfer,Pending,CHECK247885
PO0003349,V00439,2023-10-06,488.46,USD,Wire Transfer,Completed,CHECK665743
PO0003350,V00439,2023-07-17,250.09,USD,Credit Card,Completed,CHECK476284
PO0003351,V00439,2024-03-19,281.06,USD,Wire Transfer,Pending,CHECK143144
PO0003352,V00439,2024-12-11,4681.15,USD,Check,Cancelled,CHECK415202
PO0003353,V00439,2025-05-23,20935.51,USD,ACH,Completed,CHECK267884
PO0003354,V00439,2024-04-21,1133.01,USD,Credit Card,Completed,CHECK173016
PO0003355,V00439,2025-04-23,91.09,USD,ACH,Pending,CHECK760516
PO0003356,V00439,2024-01-08,3053.99,USD,Credit Card,Pending,CHECK517870
PO0003357,V00439,2023-03-10,147.2,USD,Check,Completed,CHECK397068
PO0003358,V00175,2025-11-29,84.04,USD,Wire Transfer,Cancelled,CHECK852826
PO0003359,V00175,2023-10-12,85.98,USD,ACH,Completed,CHECK903243
PO0003360,V00175,2025-06-29,437.89,USD,Wire Transfer,Cancelled,CHECK872352
PO0003361,V00175,2025-07-27,315.49,USD,Wire Transfer,Completed,CHECK998853
PO0003362,V00175,2024-03-07,1816.26,USD,ACH,Completed,CHECK251166
PO0003363,V00175,2025-01-11,283.24,USD,Credit Card,Completed,CHECK910091
PO0003364,V00175,2023-09-14,9.26,USD,Wire Transfer,Completed,CHECK269534
PO0003365,V00175,2025-02-01,2.47,USD,Credit Card,Completed,CHECK829886
PO0003366,V00175,2025-04-26,784.43,USD,Check,Pending,CHECK482631
PO0003367,V00175,2025-01-23,911.37,USD,Check,Completed,CHECK402281
PO0003368,V00513,2024-10-16,32.15,USD,Credit Card,Pending,CHECK426909
PO0003369,V00513,2025-05-23,165.32,USD,Check,Pending,CHECK850769
PO0003370,V00513,2024-11-04,64.11,USD,Wire Transfer,Completed,CHECK168867
PO0003371,V00513,2025-04-16,231.79,USD,Wire Transfer,Pending,CHECK566035
PO0003372,V00513,2023-06-23,1040.5,USD,ACH,Completed,CHECK675015
PO0003373,V00513,2025-12-12,754.95,USD,Check,Cancelled,CHECK581918
PO0003374,V00513,2023-04-24,215.08,USD,ACH,Completed,CHECK212794
PO0003375,V00513,2025-10-21,14925.15,USD,Credit Card,Cancelled,CHECK315265
PO0003376,V00513,2024-08-17,36.13,USD,Check,Pending,CHECK867418
PO0003377,V00513,2024-04-26,92.3,USD,Wire Transfer,Completed,CHECK873539
PO0003378,V00513,2023-08-10,9403.32,USD,Credit Card,Pending,CHECK277110
PO0003379,V00513,2024-11-16,2226.43,USD,ACH,Completed,CHECK188921
PO0003380,V00513,2023-03-03,111.89,USD,Credit Card,Pending,CHECK834936
PO0003381,V00513,2024-03-17,439.96,USD,Check,Pending,CHECK790703
PO0003382,V00513,2024-02-27,68701.46,USD,Check,Cancelled,CHECK768747
PO0003383,V00513,2024-05-07,26.42,USD,Credit Card,Pending,CHECK277483
PO0003384,V00513,2025-05-25,294.12,USD,Check,Completed,CHECK466322
PO0003385,V00513,2024-09-08,328.2,USD,ACH,Completed,CHECK315921
PO0003386,V00513,2025-03-15,406.29,USD,ACH,Completed,CHECK776989
PO0003387,V00513,2024-07-03,302.74,USD,Credit Card,Completed,CHECK339800
PO0003388,V00513,2024-07-16,445.39,USD,Credit Card,Pending,CHECK255973
PO0003389,V00513,2024-12-21,648.45,USD,Wire Transfer,Pending,CHECK806591
PO0003390,V00513,2023-10-22,1029.94,USD,Credit Card,Completed,CHECK979289
PO0003391,V00513,2023-07-04,521.38,USD,Check,Completed,CHECK250097
PO0003392,V00513,2024-02-20,1.37,USD,Check,Completed,CHECK195729
PO0003393,V00513,2025-04-12,207.64,USD,Credit Card,Completed,CHECK996407
PO0003394,V00513,2023-12-15,140.4,USD,Wire Transfer,Pending,CHECK304181
PO0003395,V00513,2024-02-21,3132.01,USD,Wire Transfer,Pending,CHECK402028
PO0003396,V00344,2023-09-22,0.57,USD,ACH,Pending,CHECK446302
PO0003397,V00344,2024-09-30,489.43,USD,ACH,Pending,CHECK341333
PO0003398,V00344,2023-05-07,7.56,USD,Check,Completed,CHECK233290
PO0003399,V00344,2023-06-30,28.32,USD,ACH,Completed,CHECK433900
PO0003400,V00344,2024-03-08,1716.05,USD,Check,Completed,CHECK881535
PO0003401,V00344,2023-05-27,2.03,USD,ACH,Cancelled,CHECK620718
PO0003402,V00344,2025-01-23,37.43,USD,Credit Card,Cancelled,CHECK873711
PO0003403,V00036,2025-07-16,1074.15,USD,Wire Transfer,Completed,CHECK991314
PO0003404,V00036,2024-02-10,24.36,USD,Check,Pending,CHECK195629
PO0003405,V00036,2025-03-27,1065.85,USD,Credit Card,Cancelled,CHECK363492
PO0003406,V00036,2025-05-21,167.15,USD,Wire Transfer,Completed,CHECK628567
PO0003407,V00036,2025-01-23,545.2,USD,Credit Card,Completed,CHECK557481
PO0003408,V00036,2025-07-21,28.05,USD,ACH,Pending,CHECK671128
PO0003409,V00036,2024-09-04,897.04,USD,Wire Transfer,Cancelled,CHECK175914
PO0003410,V00036,2025-02-27,170.76,USD,Check,Cancelled,CHECK693611
PO0003411,V00550,2023-12-10,3545.64,USD,ACH,Completed,CHECK273961
PO0003412,V00550,2023-05-27,560.1,USD,ACH,Completed,CHECK969471
PO0003413,V00550,2025-10-11,201.52,USD,Credit Card,Pending,CHECK884675
PO0003414,V00550,2024-01-28,209.61,USD,Credit Card,Pending,CHECK704205
PO0003415,V00550,2024-12-15,1971.36,USD,Check,Completed,CHECK460218
PO0003416,V00401,2025-02-19,1933.48,USD,Credit Card,Pending,CHECK625522
PO0003417,V00401,2024-03-15,414.06,USD,Credit Card,Pending,CHECK796969
PO0003418,V00401,2025-06-16,24962.55,USD,Wire Transfer,Completed,CHECK643144
PO0003419,V00401,2025-07-23,38.88,USD,Check,Completed,CHECK229556
PO0003420,V00401,2024-12-06,9571.58,USD,Wire Transfer,Cancelled,CHECK662559
PO0003421,V00401,2023-06-16,1773.47,USD,Check,Pending,CHECK240369
PO0003422,V00401,2023-09-22,101.36,USD,Credit Card,Pending,CHECK385954
PO0003423,V00401,2024-04-29,172.05,USD,Check,Completed,CHECK486662
PO0003424,V00401,2025-07-21,24.76,USD,Check,Pending,CHECK434534
PO0003425,V00401,2023-02-06,554.99,USD,Wire Transfer,Completed,CHECK748468
PO0003426,V00401,2024-07-31,1535.9,USD,ACH,Completed,CHECK282285
PO0003427,V00401,2025-04-08,3449.66,USD,Check,Pending,CHECK486556
PO0003428,V00401,2023-07-08,59.3,USD,ACH,Completed,CHECK574592
PO0003429,V00401,2025-09-30,202.76,USD,Check,Cancelled,CHECK909688
PO0003430,V00401,2023-05-11,63.9,USD,Credit Card,Cancelled,CHECK929207
PO0003431,V00401,2024-12-03,5074.2,USD,Credit Card,Completed,CHECK230411
PO0003432,V00401,2025-10-10,311.4,USD,Wire Transfer,Pending,CHECK191921
PO0003433,V00401,2024-07-01,224.83,USD,Wire Transfer,Pending,CHECK272479
PO0003434,V00401,2023-07-23,1838.65,USD,Check,Cancelled,CHECK709040
PO0003435,V00401,2024-10-23,5535.24,USD,Check,Completed,CHECK494082
PO0003436,V00401,2024-09-11,5.48,USD,Credit Card,Completed,CHECK297510
PO0003437,V00401,2023-02-20,30999.98,USD,ACH,Cancelled,CHECK916458
PO0003438,V00401,2024-11-05,3293.65,USD,Check,Pending,CHECK115404
PO0003439,V00401,2023-01-29,282.26,USD,Credit Card,Completed,CHECK835477
PO0003440,V00401,2023-08-08,3173.44,USD,Credit Card,Pending,CHECK814268
PO0003441,V00401,2024-10-14,670.23,USD,ACH,Completed,CHECK788956
PO0003442,V00149,2023-01-26,1035.6,USD,Wire Transfer,Completed,CHECK134052
PO0003443,V00149,2023-03-12,116.35,USD,Check,Cancelled,CHECK995580
PO0003444,V00149,2024-02-09,183.89,USD,Credit Card,Pending,CHECK445894
PO0003445,V00149,2023-01-25,806.98,USD,Credit Card,Completed,CHECK234953
PO0003446,V00149,2025-01-08,11.98,USD,ACH,Completed,CHECK488465
PO0003447,V00149,2023-09-24,138.81,USD,ACH,Completed,CHECK872913
PO0003448,V00149,2023-09-18,103.47,USD,Wire Transfer,Completed,CHECK384297
PO0003449,V00149,2025-04-16,1197.44,USD,Wire Transfer,Cancelled,CHECK638870
PO0003450,V00149,2023-10-27,5842.03,USD,ACH,Completed,CHECK743733
PO0003451,V00149,2023-04-12,27.09,USD,Check,Completed,CHECK617416
PO0003452,V00149,2025-12-12,314.74,USD,Credit Card,Cancelled,CHECK826118
PO0003453,V00149,2023-11-28,5126.58,USD,Check,Completed,CHECK808367
PO0003454,V00149,2024-08-04,10.65,USD,Check,Cancelled,CHECK446318
PO0003455,V00149,2023-12-10,2069.85,USD,ACH,Pending,CHECK770827
PO0003456,V00149,2024-10-28,79.33,USD,Credit Card,Completed,CHECK517453
PO0003457,V00149,2023-03-04,66.4,USD,ACH,Pending,CHECK663644
PO0003458,V00149,2024-02-08,228.03,USD,ACH,Pending,CHECK149098
PO0003459,V00149,2025-06-03,869.1,USD,Check,Pending,CHECK364704
PO0003460,V00149,2023-05-10,212.16,USD,Check,Completed,CHECK212238
PO0003461,V00149,2025-10-29,56.98,USD,Check,Completed,CHECK731235
PO0003462,V00404,2024-02-04,388.94,USD,Check,Pending,CHECK878015
PO0003463,V00404,2024-03-25,441.83,USD,ACH,Completed,CHECK230188
PO0003464,V00404,2025-06-29,410.38,USD,Check,Completed,CHECK180018
PO0003465,V00404,2023-05-24,80.6,USD,Credit Card,Pending,CHECK239702
PO0003466,V00404,2025-04-17,162.82,USD,Credit Card,Cancelled,CHECK994053
PO0003467,V00404,2023-08-26,95.73,USD,Credit Card,Completed,CHECK386337
PO0003468,V00404,2024-05-25,931.05,USD,Credit Card,Pending,CHECK484723
PO0003469,V00404,2025-03-07,112.6,USD,Wire Transfer,Completed,CHECK506323
PO0003470,V00404,2025-11-20,755.41,USD,Credit Card,Cancelled,CHECK318019
PO0003471,V00404,2024-12-07,198.34,USD,Credit Card,Completed,CHECK968359
PO0003472,V00404,2023-04-09,455.69,USD,Wire Transfer,Cancelled,CHECK779503
PO0003473,V00404,2024-07-13,2478.61,USD,ACH,Completed,CHECK436911
PO0003474,V00404,2024-08-25,5.97,USD,Wire Transfer,Completed,CHECK468278
PO0003475,V00404,2025-11-21,8056.28,USD,Wire Transfer,Completed,CHECK526024
PO0003476,V00404,2025-01-15,526.08,USD,Wire Transfer,Completed,CHECK823074
PO0003477,V00404,2025-09-15,15834.49,USD,Credit Card,Completed,CHECK521219
PO0003478,V00404,2024-03-16,8849.04,USD,ACH,Completed,CHECK810340
PO0003479,V00285,2025-01-02,93.89,USD,Check,Completed,CHECK767032
PO0003480,V00285,2023-04-24,5.01,USD,Wire Transfer,Completed,CHECK279583
PO0003481,V00285,2025-01-13,2.06,USD,Credit Card,Completed,CHECK928741
PO0003482,V00285,2024-06-04,240.75,USD,Credit Card,Pending,CHECK471652
PO0003483,V00285,2024-08-02,72.55,USD,Credit Card,Completed,CHECK160810
PO0003484,V00285,2024-02-20,1405.62,USD,ACH,Completed,CHECK230561
PO0003485,V00285,2025-04-04,4850.07,USD,Wire Transfer,Completed,CHECK625097
PO0003486,V00285,2025-06-25,168.86,USD,Credit Card,Completed,CHECK249914
PO0003487,V00285,2023-03-20,2434.61,USD,ACH,Pending,CHECK517411
PO0003488,V00213,2023-07-02,260.28,USD,Wire Transfer,Cancelled,CHECK754653
PO0003489,V00213,2024-03-01,2287.44,USD,Check,Pending,CHECK866212
PO0003490,V00213,2025-05-21,11.31,USD,Credit Card,Completed,CHECK823423
PO0003491,V00213,2025-03-15,664.34,USD,Check,Completed,CHECK886473
PO0003492,V00213,2024-11-23,1566.44,USD,ACH,Pending,CHECK698427
PO0003493,V00213,2024-08-28,391.55,USD,ACH,Pending,CHECK446500
PO0003494,V00213,2025-07-26,52.48,USD,Check,Pending,CHECK575346
PO0003495,V00213,2023-10-28,31.65,USD,ACH,Completed,CHECK620072
PO0003496,V00213,2025-09-26,119.15,USD,Check,Completed,CHECK756022
PO0003497,V00213,2025-01-23,10.64,USD,ACH,Completed,CHECK994634
PO0003498,V00213,2023-02-09,71.18,USD,Check,Completed,CHECK618782
PO0003499,V00213,2023-11-16,18.07,USD,Credit Card,Completed,CHECK488041
PO0003500,V00026,2025-10-14,465.18,USD,ACH,Completed,CHECK139637
PO0003501,V00026,2023-10-12,181.76,USD,ACH,Completed,CHECK913841
PO0003502,V00026,2024-11-23,107.41,USD,Check,Completed,CHECK857740
PO0003503,V00026,2025-05-06,58.77,USD,Wire Transfer,Completed,CHECK276343
PO0003504,V00026,2023-03-14,407.85,USD,Credit Card,Cancelled,CHECK111155
PO0003505,V00026,2024-04-14,2625.78,USD,Wire Transfer,Completed,CHECK421184
PO0003506,V00026,2024-06-25,742.48,USD,ACH,Cancelled,CHECK102917
PO0003507,V00026,2025-06-22,7.64,USD,ACH,Completed,CHECK899990
PO0003508,V00026,2023-09-16,4807.19,USD,Wire Transfer,Completed,CHECK296396
PO0003509,V00026,2023-05-18,28.05,USD,Wire Transfer,Completed,CHECK543399
PO0003510,V00144,2023-01-23,318.09,USD,Check,Cancelled,CHECK239045
PO0003511,V00144,2025-10-20,1819.53,USD,Check,Completed,CHECK821343
PO0003512,V00144,2023-12-30,2079.71,USD,ACH,Completed,CHECK379930
PO0003513,V00503,2025-08-06,226.24,USD,ACH,Cancelled,CHECK760302
PO0003514,V00503,2023-11-29,109.62,USD,ACH,Completed,CHECK931633
PO0003515,V00503,2024-05-19,21.06,USD,ACH,Completed,CHECK319847
PO0003516,V00503,2025-12-19,7574.61,USD,ACH,Cancelled,CHECK609096
PO0003517,V00503,2024-11-24,181.05,USD,ACH,Completed,CHECK534434
PO0003518,V00503,2025-06-14,1406.53,USD,ACH,Cancelled,CHECK231759
PO0003519,V00503,2023-03-04,1794.55,USD,Wire Transfer,Cancelled,CHECK269145
PO0003520,V00503,2024-04-20,3753.73,USD,ACH,Completed,CHECK148101
PO0003521,V00503,2025-02-07,793.05,USD,Wire Transfer,Completed,CHECK559425
PO0003522,V00503,2025-10-07,6017.89,USD,Check,Cancelled,CHECK450474
PO0003523,V00503,2023-11-29,8040.01,USD,Check,Completed,CHECK904069
PO0003524,V00503,2025-03-12,17382.15,USD,Credit Card,Cancelled,CHECK269140
PO0003525,V00503,2023-12-22,27.73,USD,ACH,Pending,CHECK192672
PO0003526,V00503,2024-12-10,569.57,USD,Check,Completed,CHECK164285
PO0003527,V00503,2025-01-13,43.83,USD,Credit Card,Cancelled,CHECK677788
PO0003528,V00503,2023-05-04,467.43,USD,Wire Transfer,Completed,CHECK109238
PO0003529,V00503,2023-08-13,1584.78,USD,Check,Completed,CHECK415449
PO0003530,V00503,2025-10-04,95.58,USD,Check,Completed,CHECK569874
PO0003531,V00503,2024-01-01,381.29,USD,Credit Card,Completed,CHECK303565
PO0003532,V00503,2024-07-02,8174.33,USD,Wire Transfer,Pending,CHECK259062
PO0003533,V00503,2023-05-16,395.72,USD,Check,Completed,CHECK221971
PO0003534,V00503,2023-04-25,31.4,USD,Check,Completed,CHECK603585
PO0003535,V00193,2025-04-08,11706.43,USD,Wire Transfer,Completed,CHECK500401
PO0003536,V00193,2025-12-10,2239.06,USD,Wire Transfer,Completed,CHECK793625
PO0003537,V00193,2024-12-17,1682.4,USD,Check,Completed,CHECK380595
PO0003538,V00193,2024-11-11,42.12,USD,Check,Cancelled,CHECK339422
PO0003539,V00193,2024-02-28,283.45,USD,ACH,Completed,CHECK658892
PO0003540,V00193,2024-01-13,21.4,USD,Credit Card,Completed,CHECK960732
PO0003541,V00193,2025-11-22,16934.02,USD,Wire Transfer,Completed,CHECK951366
PO0003542,V00193,2024-01-18,289.28,USD,Wire Transfer,Pending,CHECK278121
PO0003543,V00193,2024-04-22,2062.5,USD,Credit Card,Completed,CHECK393107
PO0003544,V00193,2024-12-07,1409.48,USD,Check,Completed,CHECK487435
PO0003545,V00193,2025-01-22,271.64,USD,Credit Card,Cancelled,CHECK456824
PO0003546,V00193,2023-12-26,127.03,USD,Credit Card,Pending,CHECK509409
PO0003547,V00193,2023-10-03,101.78,USD,Check,Completed,CHECK101151
PO0003548,V00193,2024-06-06,1317.18,USD,Check,Pending,CHECK636656
PO0003549,V00193,2024-04-25,239.26,USD,Wire Transfer,Completed,CHECK850654
PO0003550,V00193,2024-04-08,347.02,USD,Credit Card,Cancelled,CHECK600691
PO0003551,V00193,2025-07-05,2811.84,USD,Wire Transfer,Completed,CHECK380095
PO0003552,V00193,2025-03-05,166.62,USD,Wire Transfer,Completed,CHECK539213
PO0003553,V00193,2023-08-25,135.91,USD,Wire Transfer,Cancelled,CHECK268646
PO0003554,V00193,2024-01-26,58.14,USD,Check,Completed,CHECK237007
PO0003555,V00193,2023-12-12,933.88,USD,ACH,Completed,CHECK979354
PO0003556,V00193,2025-11-24,9804.83,USD,Wire Transfer,Completed,CHECK510579
PO0003557,V00193,2024-11-17,299.72,USD,Wire Transfer,Pending,CHECK946832
PO0003558,V00193,2025-11-05,947.06,USD,Credit Card,Completed,CHECK833727
PO0003559,V00012,2024-03-29,88.8,USD,Check,Cancelled,CHECK802251
PO0003560,V00012,2024-03-26,168.81,USD,Check,Completed,CHECK588288
PO0003561,V00012,2023-01-05,37.09,USD,ACH,Completed,CHECK127112
PO0003562,V00012,2023-06-05,34.94,USD,Wire Transfer,Completed,CHECK546200
PO0003563,V00012,2024-05-03,124.26,USD,ACH,Completed,CHECK923006
PO0003564,V00012,2025-09-23,196.99,USD,ACH,Completed,CHECK494140
PO0003565,V00012,2023-12-31,841.0,USD,Wire Transfer,Completed,CHECK910838
PO0003566,V00012,2024-10-31,973.98,USD,ACH,Cancelled,CHECK720050
PO0003567,V00012,2024-03-26,25.64,USD,Wire Transfer,Completed,CHECK413902
PO0003568,V00012,2024-06-12,4396.42,USD,Wire Transfer,Completed,CHECK894269
PO0003569,V00012,2024-01-16,2.57,USD,Wire Transfer,Completed,CHECK992519
PO0003570,V00012,2023-01-10,1332.06,USD,Wire Transfer,Completed,CHECK285344
PO0003571,V00012,2023-04-06,16077.74,USD,Credit Card,Completed,CHECK650400
PO0003572,V00012,2023-05-30,401.42,USD,ACH,Pending,CHECK983684
PO0003573,V00012,2024-10-30,353.04,USD,Wire Transfer,Completed,CHECK310114
PO0003574,V00012,2024-08-26,2148.68,USD,Check,Cancelled,CHECK289710
PO0003575,V00012,2024-09-13,101.06,USD,ACH,Completed,CHECK628282
PO0003576,V00012,2023-09-18,1004.78,USD,Credit Card,Completed,CHECK536270
PO0003577,V00012,2024-09-23,710.62,USD,ACH,Cancelled,CHECK932583
PO0003578,V00012,2023-05-02,1981.9,USD,ACH,Completed,CHECK276846
PO0003579,V00012,2025-05-26,865.64,USD,ACH,Completed,CHECK305466
PO0003580,V00012,2023-12-03,1462.48,USD,Check,Completed,CHECK601246
PO0003581,V00012,2023-04-04,1766.62,USD,Credit Card,Completed,CHECK222962
PO0003582,V00012,2023-04-13,14257.04,USD,Wire Transfer,Pending,CHECK916129
PO0003583,V00012,2025-10-30,71.43,USD,ACH,Completed,CHECK127282
PO0003584,V00012,2024-11-04,1296.8,USD,Check,Pending,CHECK439469
PO0003585,V00012,2023-03-06,103.59,USD,ACH,Completed,CHECK835245
PO0003586,V00012,2025-01-16,477.06,USD,ACH,Completed,CHECK864487
PO0003587,V00012,2023-01-08,110.04,USD,Credit Card,Cancelled,CHECK890200
PO0003588,V00230,2025-01-22,7344.79,USD,ACH,Completed,CHECK299553
PO0003589,V00230,2024-10-14,220.52,USD,Credit Card,Completed,CHECK340901
PO0003590,V00230,2023-01-01,21.67,USD,Wire Transfer,Completed,CHECK362415
PO0003591,V00230,2025-06-27,600.02,USD,Wire Transfer,Completed,CHECK743850
PO0003592,V00230,2024-08-15,731.66,USD,Wire Transfer,Completed,CHECK608330
PO0003593,V00230,2024-11-15,277.07,USD,Wire Transfer,Completed,CHECK928416
PO0003594,V00230,2024-05-01,436.58,USD,ACH,Pending,CHECK374491
PO0003595,V00230,2024-03-13,216.52,USD,Credit Card,Completed,CHECK941777
PO0003596,V00230,2023-07-31,95.36,USD,ACH,Pending,CHECK889409
PO0003597,V00230,2024-04-22,19.45,USD,Credit Card,Completed,CHECK653700
PO0003598,V00230,2024-02-25,659.9,USD,Credit Card,Pending,CHECK529307
PO0003599,V00230,2025-12-12,19.92,USD,Check,Completed,CHECK108103
PO0003600,V00230,2025-07-05,1706.59,USD,ACH,Pending,CHECK954291
PO0003601,V00230,2024-02-06,78.63,USD,Credit Card,Completed,CHECK136493
PO0003602,V00230,2025-11-01,192.0,USD,Credit Card,Completed,CHECK467724
PO0003603,V00230,2024-08-27,1749.99,USD,Wire Transfer,Cancelled,CHECK491085
PO0003604,V00230,2023-06-15,12166.12,USD,Wire Transfer,Completed,CHECK959830
PO0003605,V00230,2024-01-27,532.76,USD,Wire Transfer,Completed,CHECK432286
PO0003606,V00230,2023-03-13,21.67,USD,Credit Card,Completed,CHECK638043
PO0003607,V00230,2023-07-19,1370.14,USD,Wire Transfer,Completed,CHECK948892
PO0003608,V00230,2025-09-15,438.45,USD,Credit Card,Pending,CHECK357189
PO0003609,V00230,2023-12-04,276.05,USD,Check,Completed,CHECK414284
PO0003610,V00230,2023-12-03,365.36,USD,Wire Transfer,Completed,CHECK446845
PO0003611,V00230,2025-02-06,213.74,USD,ACH,Pending,CHECK107617
PO0003612,V00230,2025-11-13,6053.27,USD,Credit Card,Completed,CHECK804962
PO0003613,V00386,2024-03-01,1188.57,USD,Credit Card,Pending,CHECK187554
PO0003614,V00386,2023-11-02,49.82,USD,Check,Completed,CHECK365662
PO0003615,V00386,2025-02-03,7007.7,USD,Credit Card,Completed,CHECK855604
PO0003616,V00386,2024-12-24,289.49,USD,Check,Pending,CHECK355410
PO0003617,V00386,2024-08-11,113.07,USD,ACH,Completed,CHECK672433
PO0003618,V00386,2023-04-28,563.82,USD,Wire Transfer,Cancelled,CHECK291800
PO0003619,V00386,2025-03-23,4105.18,USD,Wire Transfer,Completed,CHECK846772
PO0003620,V00386,2024-10-20,11.73,USD,Credit Card,Completed,CHECK130495
PO0003621,V00386,2025-04-30,5.36,USD,Credit Card,Completed,CHECK409032
PO0003622,V00386,2023-08-16,17.99,USD,ACH,Completed,CHECK272049
PO0003623,V00386,2023-08-22,135.42,USD,ACH,Completed,CHECK862837
PO0003624,V00386,2024-11-15,4.4,USD,Wire Transfer,Completed,CHECK131578
PO0003625,V00386,2024-10-11,1511.63,USD,Check,Completed,CHECK781368
PO0003626,V00386,2025-12-21,299.62,USD,Credit Card,Completed,CHECK581579
PO0003627,V00386,2025-04-12,52.47,USD,ACH,Completed,CHECK372600
PO0003628,V00114,2024-01-12,5012.34,USD,Wire Transfer,Completed,CHECK763708
PO0003629,V00114,2024-11-02,613.05,USD,Check,Pending,CHECK101702
PO0003630,V00114,2024-10-02,575.95,USD,Wire Transfer,Pending,CHECK965336
PO0003631,V00114,2025-06-17,75.99,USD,Wire Transfer,Cancelled,CHECK897557
PO0003632,V00114,2023-12-22,600.46,USD,Credit Card,Cancelled,CHECK414167
PO0003633,V00114,2024-11-09,314.41,USD,Credit Card,Completed,CHECK961070
PO0003634,V00114,2025-08-19,4321.78,USD,Check,Completed,CHECK339169
PO0003635,V00114,2025-02-11,136.04,USD,ACH,Completed,CHECK420031
PO0003636,V00114,2023-06-16,67.24,USD,ACH,Completed,CHECK958145
PO0003637,V00465,2025-12-29,17.67,USD,Check,Completed,CHECK656746
PO0003638,V00465,2024-12-25,998.36,USD,ACH,Completed,CHECK120793
PO0003639,V00465,2023-12-24,58.26,USD,Wire Transfer,Completed,CHECK245460
PO0003640,V00465,2024-11-06,81.85,USD,Wire Transfer,Completed,CHECK878824
PO0003641,V00465,2025-11-21,33458.11,USD,Credit Card,Cancelled,CHECK461433
PO0003642,V00465,2024-03-09,502.34,USD,Credit Card,Completed,CHECK997042
PO0003643,V00465,2024-11-24,543.02,USD,ACH,Cancelled,CHECK909503
PO0003644,V00465,2023-05-21,1060.57,USD,Check,Completed,CHECK484955
PO0003645,V00465,2023-11-06,421.17,USD,Check,Completed,CHECK738517
PO0003646,V00465,2023-11-28,106.35,USD,Wire Transfer,Pending,CHECK305566
PO0003647,V00465,2023-04-23,463.82,USD,Check,Completed,CHECK152669
PO0003648,V00465,2023-09-03,906.6,USD,Credit Card,Pending,CHECK908683
PO0003649,V00465,2023-04-29,1130.75,USD,Wire Transfer,Pending,CHECK374405
PO0003650,V00465,2024-02-03,83.0,USD,Wire Transfer,Completed,CHECK590421
PO0003651,V00465,2023-10-20,7617.59,USD,ACH,Completed,CHECK537124
PO0003652,V00465,2023-05-15,832.24,USD,Check,Pending,CHECK748921
PO0003653,V00465,2024-01-26,2466.07,USD,Credit Card,Cancelled,CHECK333351
PO0003654,V00465,2025-11-27,1586.13,USD,Credit Card,Cancelled,CHECK741586
PO0003655,V00465,2025-01-29,198.42,USD,Wire Transfer,Completed,CHECK630328
PO0003656,V00090,2023-02-04,6094.55,USD,Check,Completed,CHECK776205
PO0003657,V00090,2023-12-07,239.46,USD,Credit Card,Cancelled,CHECK789797
PO0003658,V00090,2023-07-22,221.55,USD,Check,Completed,CHECK352780
PO0003659,V00090,2025-01-11,487.06,USD,ACH,Completed,CHECK670454
PO0003660,V00090,2025-04-07,751.65,USD,ACH,Completed,CHECK340634
PO0003661,V00090,2023-03-06,1562.57,USD,Credit Card,Completed,CHECK212948
PO0003662,V00090,2024-12-16,757.24,USD,Wire Transfer,Completed,CHECK450298
PO0003663,V00090,2024-04-21,120.46,USD,ACH,Completed,CHECK114671
PO0003664,V00090,2023-05-31,11980.75,USD,Wire Transfer,Cancelled,CHECK203610
PO0003665,V00090,2023-10-15,14219.34,USD,Check,Pending,CHECK967127
PO0003666,V00090,2024-12-18,1911.24,USD,Credit Card,Cancelled,CHECK409216
PO0003667,V00090,2025-01-20,9673.64,USD,Credit Card,Completed,CHECK948117
PO0003668,V00090,2025-02-26,21802.46,USD,Check,Completed,CHECK745457
PO0003669,V00090,2025-12-22,673.7,USD,Check,Cancelled,CHECK368025
PO0003670,V00090,2025-02-14,20449.71,USD,Check,Completed,CHECK469754
PO0003671,V00090,2023-02-18,498.6,USD,ACH,Completed,CHECK904408
PO0003672,V00090,2024-02-04,22.83,USD,Wire Transfer,Completed,CHECK236576
PO0003673,V00090,2024-04-01,380.23,USD,Wire Transfer,Cancelled,CHECK342946
PO0003674,V00090,2025-06-14,612.29,USD,Check,Completed,CHECK233036
PO0003675,V00090,2025-10-16,14.69,USD,Credit Card,Pending,CHECK234687
PO0003676,V00090,2025-11-16,2436.95,USD,Credit Card,Completed,CHECK256432
PO0003677,V00090,2023-01-06,927.65,USD,Credit Card,Pending,CHECK842064
PO0003678,V00090,2025-11-11,2070.89,USD,Wire Transfer,Completed,CHECK843857
PO0003679,V00090,2023-12-16,546.56,USD,Credit Card,Completed,CHECK117923
PO0003680,V00090,2023-01-03,1278.29,USD,Credit Card,Completed,CHECK485566
PO0003681,V00088,2023-05-31,719.9,USD,ACH,Completed,CHECK559346
PO0003682,V00088,2024-05-20,104.37,USD,Credit Card,Cancelled,CHECK549667
PO0003683,V00088,2023-09-04,484.54,USD,Check,Completed,CHECK580509
PO0003684,V00088,2023-01-04,1225.3,USD,Wire Transfer,Completed,CHECK987562
PO0003685,V00088,2024-06-15,148.86,USD,Wire Transfer,Completed,CHECK964507
PO0003686,V00088,2024-07-23,2896.54,USD,Credit Card,Completed,CHECK711827
PO0003687,V00088,2023-03-30,112.86,USD,Credit Card,Pending,CHECK366460
PO0003688,V00088,2023-12-25,308.45,USD,Wire Transfer,Completed,CHECK663288
PO0003689,V00088,2025-09-07,30.96,USD,Credit Card,Completed,CHECK380197
PO0003690,V00083,2024-08-13,13991.42,USD,ACH,Completed,CHECK634924
PO0003691,V00083,2025-11-13,7165.28,USD,Credit Card,Pending,CHECK206387
PO0003692,V00083,2023-03-29,121.22,USD,Check,Completed,CHECK600060
PO0003693,V00083,2025-08-02,301.8,USD,Check,Completed,CHECK615181
PO0003694,V00083,2023-10-09,94.42,USD,Check,Completed,CHECK306343
PO0003695,V00083,2023-01-27,546.59,USD,Credit Card,Completed,CHECK747128
PO0003696,V00083,2024-07-31,465.35,USD,Credit Card,Completed,CHECK849916
PO0003697,V00083,2023-08-27,472.61,USD,Credit Card,Pending,CHECK398146
PO0003698,V00083,2024-08-26,99.97,USD,Check,Completed,CHECK380853
PO0003699,V00083,2025-12-18,202.7,USD,Wire Transfer,Completed,CHECK898185
PO0003700,V00083,2025-09-11,2198.37,USD,Credit Card,Completed,CHECK303716
PO0003701,V00512,2024-07-20,259.15,USD,Credit Card,Completed,CHECK847189
PO0003702,V00512,2023-06-10,143.33,USD,Check,Cancelled,CHECK362467
PO0003703,V00512,2023-06-22,18.64,USD,ACH,Cancelled,CHECK625736
PO0003704,V00512,2023-09-28,681.71,USD,Wire Transfer,Completed,CHECK107605
PO0003705,V00512,2023-06-09,359.98,USD,Credit Card,Completed,CHECK750828
PO0003706,V00512,2025-01-26,1731.05,USD,ACH,Cancelled,CHECK490788
PO0003707,V00512,2023-06-03,477.9,USD,Check,Completed,CHECK521380
PO0003708,V00512,2023-01-16,119.66,USD,ACH,Cancelled,CHECK323569
PO0003709,V00512,2023-02-04,37328.65,USD,Wire Transfer,Cancelled,CHECK787329
PO0003710,V00512,2025-08-04,38.77,USD,Check,Completed,CHECK865777
PO0003711,V00512,2023-04-16,147.85,USD,Check,Pending,CHECK902567
PO0003712,V00212,2023-08-15,957.43,USD,Credit Card,Pending,CHECK763030
PO0003713,V00212,2025-11-11,675.54,USD,Credit Card,Cancelled,CHECK824866
PO0003714,V00212,2025-11-16,16.31,USD,Check,Pending,CHECK201592
PO0003715,V00212,2024-01-13,184.08,USD,ACH,Cancelled,CHECK923661
PO0003716,V00212,2024-12-12,78.47,USD,Check,Cancelled,CHECK705566
PO0003717,V00212,2024-02-21,215.99,USD,Wire Transfer,Completed,CHECK931606
PO0003718,V00527,2025-10-02,2005.3,USD,ACH,Cancelled,CHECK471170
PO0003719,V00527,2023-11-10,451.23,USD,Wire Transfer,Completed,CHECK921161
PO0003720,V00527,2024-06-22,429.11,USD,ACH,Completed,CHECK532638
PO0003721,V00527,2025-05-02,916.85,USD,ACH,Completed,CHECK324194
PO0003722,V00527,2024-05-15,71.81,USD,Wire Transfer,Pending,CHECK522293
PO0003723,V00527,2024-03-01,95.43,USD,Check,Completed,CHECK485013
PO0003724,V00527,2024-08-14,147.57,USD,Check,Pending,CHECK890917
PO0003725,V00527,2025-02-04,1435.28,USD,Check,Completed,CHECK357602
PO0003726,V00527,2023-02-16,346.11,USD,ACH,Completed,CHECK439006
PO0003727,V00527,2025-03-25,1144.34,USD,Check,Cancelled,CHECK594256
PO0003728,V00527,2023-03-27,766.12,USD,Check,Completed,CHECK154182
PO0003729,V00527,2024-10-19,501.75,USD,ACH,Completed,CHECK388553
PO0003730,V00314,2025-02-10,183.43,USD,Check,Pending,CHECK366658
PO0003731,V00314,2024-10-10,349.13,USD,Wire Transfer,Pending,CHECK505375
PO0003732,V00314,2025-11-29,2063.99,USD,Wire Transfer,Completed,CHECK131356
PO0003733,V00314,2023-01-07,1387.61,USD,Wire Transfer,Completed,CHECK563405
PO0003734,V00314,2023-04-17,1499.88,USD,Wire Transfer,Completed,CHECK865652
PO0003735,V00314,2023-08-01,412.33,USD,ACH,Completed,CHECK841055
PO0003736,V00314,2023-08-28,4805.43,USD,Wire Transfer,Cancelled,CHECK531266
PO0003737,V00314,2023-01-18,19776.19,USD,Credit Card,Completed,CHECK987481
PO0003738,V00314,2025-04-05,310.35,USD,Credit Card,Pending,CHECK254780
PO0003739,V00314,2023-06-24,464.07,USD,Wire Transfer,Pending,CHECK223146
PO0003740,V00314,2024-02-01,131.92,USD,Check,Completed,CHECK859351
PO0003741,V00314,2023-07-05,477.6,USD,Check,Completed,CHECK547762
PO0003742,V00314,2025-06-22,8.53,USD,ACH,Cancelled,CHECK212563
PO0003743,V00314,2023-11-24,62.24,USD,ACH,Cancelled,CHECK295161
PO0003744,V00314,2024-01-13,64.6,USD,ACH,Completed,CHECK667840
PO0003745,V00314,2025-09-08,35.03,USD,Wire Transfer,Completed,CHECK494468
PO0003746,V00314,2025-04-30,9.69,USD,Wire Transfer,Completed,CHECK791045
PO0003747,V00314,2025-03-13,22.4,USD,Credit Card,Pending,CHECK827463
PO0003748,V00314,2023-07-09,30.99,USD,Check,Cancelled,CHECK819776
PO0003749,V00337,2023-01-05,338.59,USD,Wire Transfer,Completed,CHECK569007
PO0003750,V00337,2025-03-07,1768.66,USD,Check,Pending,CHECK392940
PO0003751,V00337,2023-08-24,40.26,USD,ACH,Completed,CHECK551631
PO0003752,V00337,2024-03-10,14676.04,USD,ACH,Pending,CHECK194833
PO0003753,V00337,2023-10-09,170.51,USD,Credit Card,Pending,CHECK582245
PO0003754,V00337,2023-06-22,4433.91,USD,Wire Transfer,Completed,CHECK175411
PO0003755,V00337,2023-03-08,635.5,USD,Wire Transfer,Completed,CHECK231926
PO0003756,V00337,2025-01-20,1202.17,USD,Wire Transfer,Pending,CHECK224196
PO0003757,V00337,2024-05-06,49.93,USD,ACH,Cancelled,CHECK298533
PO0003758,V00337,2023-03-29,571.13,USD,Wire Transfer,Completed,CHECK610442
PO0003759,V00337,2024-07-31,376.98,USD,Credit Card,Completed,CHECK894357
PO0003760,V00337,2023-11-04,3184.36,USD,Check,Completed,CHECK888874
PO0003761,V00337,2023-03-25,5.7,USD,ACH,Completed,CHECK256838
PO0003762,V00337,2023-09-03,1913.24,USD,Wire Transfer,Completed,CHECK733625
PO0003763,V00337,2025-03-10,65.62,USD,ACH,Pending,CHECK395799
PO0003764,V00337,2023-12-21,466.32,USD,Check,Completed,CHECK883836
PO0003765,V00014,2024-12-14,6551.76,USD,Wire Transfer,Pending,CHECK130734
PO0003766,V00014,2023-02-14,54.3,USD,Credit Card,Completed,CHECK647139
PO0003767,V00014,2024-05-21,818.57,USD,Wire Transfer,Cancelled,CHECK549263
PO0003768,V00014,2024-06-29,1046.34,USD,Check,Cancelled,CHECK973172
PO0003769,V00014,2025-03-21,4524.24,USD,ACH,Completed,CHECK292280
PO0003770,V00014,2024-01-21,203.13,USD,ACH,Completed,CHECK916557
PO0003771,V00014,2025-08-22,74.23,USD,Check,Pending,CHECK486329
PO0003772,V00014,2023-11-11,38.77,USD,Wire Transfer,Completed,CHECK886909
PO0003773,V00014,2025-01-22,512.64,USD,Credit Card,Completed,CHECK315737
PO0003774,V00014,2023-10-17,1220.83,USD,Wire Transfer,Cancelled,CHECK916151
PO0003775,V00014,2024-05-11,91.02,USD,Wire Transfer,Completed,CHECK468362
PO0003776,V00473,2023-03-14,130.86,USD,Check,Completed,CHECK459901
PO0003777,V00473,2024-01-16,907.59,USD,Credit Card,Pending,CHECK995705
PO0003778,V00473,2025-12-04,33.43,USD,Check,Completed,CHECK453663
PO0003779,V00473,2024-08-16,551.54,USD,Wire Transfer,Completed,CHECK819073
PO0003780,V00473,2023-08-20,91.83,USD,Check,Pending,CHECK315094
PO0003781,V00473,2025-04-11,129.63,USD,Check,Pending,CHECK694514
PO0003782,V00473,2023-03-31,387.92,USD,ACH,Completed,CHECK660119
PO0003783,V00473,2023-05-13,785.88,USD,Check,Completed,CHECK442764
PO0003784,V00473,2023-02-09,97.44,USD,Credit Card,Completed,CHECK441644
PO0003785,V00473,2025-07-04,20033.94,USD,Credit Card,Cancelled,CHECK552998
PO0003786,V00473,2024-01-29,9553.16,USD,ACH,Completed,CHECK547399
PO0003787,V00473,2023-07-12,609.04,USD,Check,Pending,CHECK849425
PO0003788,V00473,2025-06-15,767.83,USD,Check,Cancelled,CHECK942871
PO0003789,V00473,2024-11-10,4212.3,USD,Credit Card,Pending,CHECK102887
PO0003790,V00473,2025-08-10,16190.29,USD,Credit Card,Completed,CHECK383090
PO0003791,V00473,2024-07-22,4024.51,USD,Wire Transfer,Completed,CHECK520311
PO0003792,V00473,2024-03-16,538.85,USD,Wire Transfer,Completed,CHECK940339
PO0003793,V00473,2025-03-12,908.71,USD,Wire Transfer,Cancelled,CHECK153715
PO0003794,V00473,2023-08-05,15.79,USD,ACH,Completed,CHECK351743
PO0003795,V00473,2023-08-17,1933.95,USD,ACH,Completed,CHECK346966
PO0003796,V00473,2023-07-07,55.28,USD,Check,Completed,CHECK692443
PO0003797,V00279,2024-12-28,14.35,USD,Credit Card,Completed,CHECK836939
PO0003798,V00279,2023-09-03,691.21,USD,ACH,Pending,CHECK118889
PO0003799,V00279,2025-07-03,616.51,USD,Credit Card,Cancelled,CHECK436204
PO0003800,V00279,2024-06-21,466.11,USD,Credit Card,Cancelled,CHECK851467
PO0003801,V00279,2023-01-02,1571.0,USD,Wire Transfer,Pending,CHECK895783
PO0003802,V00279,2023-06-17,2.31,USD,Credit Card,Pending,CHECK197304
PO0003803,V00279,2023-02-16,1012.69,USD,Credit Card,Completed,CHECK776482
PO0003804,V00279,2025-12-10,383.01,USD,Credit Card,Completed,CHECK938876
PO0003805,V00279,2024-10-13,227.27,USD,Check,Cancelled,CHECK913487
PO0003806,V00279,2024-08-22,1378.04,USD,Wire Transfer,Cancelled,CHECK255035
PO0003807,V00279,2024-04-28,1439.12,USD,Credit Card,Pending,CHECK330995
PO0003808,V00279,2023-12-01,246.83,USD,ACH,Completed,CHECK177806
PO0003809,V00279,2025-09-17,10467.86,USD,Check,Completed,CHECK288823
PO0003810,V00279,2024-07-08,539.35,USD,Credit Card,Pending,CHECK906336
PO0003811,V00279,2024-03-30,2099.73,USD,ACH,Completed,CHECK184778
PO0003812,V00279,2023-08-09,627.17,USD,Credit Card,Cancelled,CHECK218668
PO0003813,V00279,2023-02-08,38.75,USD,Check,Pending,CHECK489237
PO0003814,V00279,2025-12-18,1976.42,USD,Credit Card,Completed,CHECK137449
PO0003815,V00279,2025-01-30,1157.43,USD,Wire Transfer,Completed,CHECK667715
PO0003816,V00279,2024-04-19,4099.95,USD,Check,Completed,CHECK854731
PO0003817,V00279,2024-02-11,57.72,USD,Wire Transfer,Completed,CHECK708616
PO0003818,V00279,2024-06-18,5131.4,USD,ACH,Completed,CHECK115747
PO0003819,V00279,2023-02-27,40.55,USD,Wire Transfer,Completed,CHECK360481
PO0003820,V00279,2023-09-21,67.27,USD,ACH,Completed,CHECK591674
PO0003821,V00279,2023-12-19,124.86,USD,Wire Transfer,Pending,CHECK401757
PO0003822,V00279,2025-01-25,530.22,USD,Wire Transfer,Completed,CHECK526822
PO0003823,V00279,2024-04-07,17522.69,USD,ACH,Pending,CHECK532733
PO0003824,V00279,2024-12-18,84.5,USD,Wire Transfer,Completed,CHECK159782
PO0003825,V00279,2024-11-08,203.83,USD,ACH,Completed,CHECK889971
PO0003826,V00124,2024-01-16,126.29,USD,Check,Completed,CHECK483892
PO0003827,V00124,2025-01-11,62.29,USD,ACH,Completed,CHECK298440
PO0003828,V00124,2024-05-04,312.79,USD,Check,Completed,CHECK755075
PO0003829,V00124,2024-05-23,288.68,USD,Wire Transfer,Cancelled,CHECK216052
PO0003830,V00124,2025-04-23,3498.26,USD,Credit Card,Completed,CHECK389293
PO0003831,V00124,2023-02-04,34.66,USD,Wire Transfer,Completed,CHECK984064
PO0003832,V00124,2025-04-25,1542.7,USD,Wire Transfer,Pending,CHECK278592
PO0003833,V00124,2025-09-01,1792.42,USD,ACH,Completed,CHECK865920
PO0003834,V00124,2024-10-17,26.27,USD,Credit Card,Completed,CHECK785376
PO0003835,V00124,2024-12-29,882.76,USD,Wire Transfer,Completed,CHECK423769
PO0003836,V00124,2024-09-30,17564.54,USD,Check,Cancelled,CHECK863914
PO0003837,V00124,2024-01-29,210.92,USD,Check,Cancelled,CHECK406798
PO0003838,V00124,2025-08-03,1743.68,USD,Wire Transfer,Completed,CHECK991617
PO0003839,V00124,2024-02-02,438.48,USD,Wire Transfer,Completed,CHECK184336
PO0003840,V00124,2023-04-01,1137.03,USD,ACH,Cancelled,CHECK894343
PO0003841,V00319,2024-11-10,76.9,USD,Check,Completed,CHECK971045
PO0003842,V00319,2023-12-26,12440.24,USD,Wire Transfer,Cancelled,CHECK735915
PO0003843,V00319,2023-04-13,595.94,USD,Credit Card,Cancelled,CHECK806450
PO0003844,V00319,2024-08-13,760.19,USD,Check,Completed,CHECK499891
PO0003845,V00319,2023-03-11,1085.74,USD,ACH,Pending,CHECK152363
PO0003846,V00319,2023-08-24,58.17,USD,Credit Card,Completed,CHECK484871
PO0003847,V00319,2024-05-13,59.45,USD,ACH,Completed,CHECK119773
PO0003848,V00319,2023-08-07,513.75,USD,Wire Transfer,Completed,CHECK961185
PO0003849,V00123,2023-02-17,452.23,USD,Credit Card,Completed,CHECK475229
PO0003850,V00123,2024-05-03,43.28,USD,Wire Transfer,Completed,CHECK690986
PO0003851,V00123,2023-12-17,4.9,USD,Wire Transfer,Completed,CHECK127343
PO0003852,V00318,2025-06-06,2915.12,USD,Wire Transfer,Pending,CHECK856165
PO0003853,V00318,2025-10-13,196.04,USD,Wire Transfer,Completed,CHECK540501
PO0003854,V00318,2024-05-20,151.29,USD,Wire Transfer,Completed,CHECK379633
PO0003855,V00318,2025-04-23,950.03,USD,Credit Card,Pending,CHECK519690
PO0003856,V00318,2023-04-17,2169.92,USD,ACH,Completed,CHECK318742
PO0003857,V00318,2024-02-03,2428.3,USD,Wire Transfer,Completed,CHECK568418
PO0003858,V00318,2024-09-12,251.62,USD,ACH,Cancelled,CHECK417109
PO0003859,V00318,2024-12-15,39.32,USD,ACH,Pending,CHECK758179
PO0003860,V00318,2024-09-03,27336.03,USD,Wire Transfer,Completed,CHECK864640
PO0003861,V00318,2025-05-27,58.28,USD,Check,Completed,CHECK885367
PO0003862,V00318,2025-07-09,1094.04,USD,Check,Pending,CHECK329591
PO0003863,V00318,2024-04-14,190.1,USD,ACH,Completed,CHECK253731
PO0003864,V00318,2025-04-25,8.96,USD,ACH,Completed,CHECK945997
PO0003865,V00318,2023-05-28,16048.76,USD,Credit Card,Completed,CHECK276013
PO0003866,V00377,2025-06-30,8954.7,USD,Credit Card,Pending,CHECK151015
PO0003867,V00377,2023-02-10,1229.7,USD,ACH,Completed,CHECK983109
PO0003868,V00377,2024-04-06,738.55,USD,Wire Transfer,Completed,CHECK657295
PO0003869,V00377,2025-11-10,2685.38,USD,Credit Card,Cancelled,CHECK909419
PO0003870,V00377,2023-01-21,2827.5,USD,ACH,Cancelled,CHECK170811
PO0003871,V00377,2025-02-03,4545.4,USD,Check,Pending,CHECK780802
PO0003872,V00377,2025-09-05,80.7,USD,Wire Transfer,Completed,CHECK675626
PO0003873,V00377,2025-11-18,69.85,USD,ACH,Completed,CHECK551862
PO0003874,V00377,2024-04-19,51.92,USD,Wire Transfer,Completed,CHECK601347
PO0003875,V00377,2024-11-25,1007.09,USD,Check,Pending,CHECK855290
PO0003876,V00377,2025-10-23,121.7,USD,Wire Transfer,Pending,CHECK692191
PO0003877,V00377,2024-02-04,320.21,USD,ACH,Completed,CHECK875753
PO0003878,V00377,2024-08-08,328.9,USD,ACH,Completed,CHECK240460
PO0003879,V00377,2023-10-20,2557.59,USD,ACH,Completed,CHECK489555
PO0003880,V00377,2025-01-15,50.43,USD,Credit Card,Completed,CHECK766707
PO0003881,V00377,2025-10-20,136.92,USD,Wire Transfer,Pending,CHECK517928
PO0003882,V00377,2023-01-05,18.33,USD,ACH,Cancelled,CHECK200048
PO0003883,V00173,2023-07-22,1160.84,USD,Wire Transfer,Completed,CHECK871733
PO0003884,V00173,2023-04-22,24.86,USD,Check,Completed,CHECK651678
PO0003885,V00173,2023-10-04,149.37,USD,Wire Transfer,Completed,CHECK385672
PO0003886,V00173,2024-04-12,5837.05,USD,Check,Completed,CHECK237370
PO0003887,V00173,2024-02-09,297.59,USD,Credit Card,Completed,CHECK917925
PO0003888,V00173,2023-12-05,6241.24,USD,Wire Transfer,Completed,CHECK863729
PO0003889,V00173,2025-08-21,269.48,USD,Wire Transfer,Completed,CHECK256266
PO0003890,V00173,2023-08-14,836.43,USD,Credit Card,Cancelled,CHECK723474
PO0003891,V00173,2023-01-10,315.98,USD,Wire Transfer,Completed,CHECK859550
PO0003892,V00173,2023-08-17,50.81,USD,ACH,Pending,CHECK622036
PO0003893,V00173,2024-05-28,900.81,USD,ACH,Completed,CHECK591121
PO0003894,V00173,2023-01-25,22.52,USD,ACH,Pending,CHECK798463
PO0003895,V00173,2024-02-14,405.99,USD,ACH,Completed,CHECK542673
PO0003896,V00173,2024-07-16,1074.19,USD,Credit Card,Completed,CHECK151686
PO0003897,V00173,2025-01-17,385.23,USD,Check,Cancelled,CHECK951345
PO0003898,V00173,2025-07-05,39006.79,USD,Wire Transfer,Completed,CHECK126230
PO0003899,V00173,2023-08-12,275.97,USD,ACH,Completed,CHECK291597
PO0003900,V00173,2023-03-31,426.05,USD,Wire Transfer,Completed,CHECK535955
PO0003901,V00168,2023-10-27,1642.08,USD,Check,Completed,CHECK335497
PO0003902,V00168,2025-10-18,793.91,USD,Check,Completed,CHECK246430
PO0003903,V00168,2024-07-29,787.13,USD,ACH,Completed,CHECK672048
PO0003904,V00168,2023-12-31,8086.86,USD,Credit Card,Cancelled,CHECK233405
PO0003905,V00168,2023-09-30,160.73,USD,Check,Completed,CHECK657543
PO0003906,V00168,2025-04-11,236.84,USD,Check,Completed,CHECK893843
PO0003907,V00168,2025-10-25,23.32,USD,ACH,Cancelled,CHECK475916
PO0003908,V00437,2023-12-19,21.15,USD,Check,Completed,CHECK995960
PO0003909,V00437,2025-04-19,6184.45,USD,ACH,Completed,CHECK300444
PO0003910,V00347,2025-05-22,457.65,USD,Check,Completed,CHECK207617
PO0003911,V00347,2024-06-17,2573.55,USD,Wire Transfer,Completed,CHECK147714
PO0003912,V00347,2025-08-01,10.13,USD,ACH,Cancelled,CHECK827863
PO0003913,V00347,2025-03-11,221.18,USD,ACH,Completed,CHECK233774
PO0003914,V00347,2025-02-03,637.17,USD,ACH,Completed,CHECK316006
PO0003915,V00347,2023-01-06,34.13,USD,ACH,Pending,CHECK175149
PO0003916,V00347,2025-10-17,89.75,USD,Credit Card,Cancelled,CHECK710565
PO0003917,V00347,2024-05-12,48653.1,USD,Credit Card,Pending,CHECK349885
PO0003918,V00347,2024-05-30,1405.14,USD,Wire Transfer,Completed,CHECK697471
PO0003919,V00347,2025-12-25,101.82,USD,Check,Completed,CHECK167721
PO0003920,V00008,2024-05-23,4169.04,USD,ACH,Completed,CHECK965328
PO0003921,V00008,2025-02-23,998.57,USD,Credit Card,Completed,CHECK839567
PO0003922,V00008,2024-11-16,724.91,USD,ACH,Pending,CHECK771635
PO0003923,V00008,2024-05-21,200.9,USD,Wire Transfer,Cancelled,CHECK952030
PO0003924,V00008,2024-08-19,233.09,USD,Credit Card,Completed,CHECK436722
PO0003925,V00008,2025-09-17,1401.99,USD,Credit Card,Pending,CHECK288280
PO0003926,V00008,2023-05-05,84.15,USD,ACH,Completed,CHECK964082
PO0003927,V00008,2024-09-06,925.14,USD,ACH,Cancelled,CHECK343122
PO0003928,V00008,2023-01-21,15970.53,USD,Credit Card,Completed,CHECK220001
PO0003929,V00008,2025-11-14,1350.99,USD,Credit Card,Completed,CHECK300294
PO0003930,V00008,2023-10-17,2473.59,USD,Credit Card,Completed,CHECK336602
PO0003931,V00008,2023-01-26,718.99,USD,Wire Transfer,Cancelled,CHECK507412
PO0003932,V00008,2024-06-21,1069.01,USD,Credit Card,Completed,CHECK780254
PO0003933,V00008,2024-04-05,767.73,USD,ACH,Cancelled,CHECK661761
PO0003934,V00008,2023-11-22,429.16,USD,ACH,Pending,CHECK895889
PO0003935,V00008,2024-09-07,7019.54,USD,Check,Pending,CHECK925111
PO0003936,V00008,2023-08-29,1479.0,USD,Check,Completed,CHECK163573
PO0003937,V00008,2023-06-13,357.04,USD,Wire Transfer,Pending,CHECK798283
PO0003938,V00008,2023-06-11,1478.44,USD,Wire Transfer,Pending,CHECK974732
PO0003939,V00008,2025-12-23,1904.29,USD,ACH,Cancelled,CHECK379283
PO0003940,V00008,2023-02-08,4593.81,USD,Credit Card,Completed,CHECK827379
PO0003941,V00008,2025-08-29,783.8,USD,Check,Completed,CHECK671199
PO0003942,V00008,2025-05-19,242.73,USD,Credit Card,Pending,CHECK847983
PO0003943,V00008,2023-11-16,76.61,USD,Credit Card,Completed,CHECK368845
PO0003944,V00008,2023-05-26,294.3,USD,Check,Pending,CHECK393065
PO0003945,V00008,2024-07-20,2303.12,USD,Wire Transfer,Completed,CHECK692968
PO0003946,V00093,2025-01-25,13.94,USD,Wire Transfer,Completed,CHECK562370
PO0003947,V00093,2025-07-18,1343.9,USD,Credit Card,Cancelled,CHECK890254
PO0003948,V00532,2025-07-10,6039.44,USD,Wire Transfer,Completed,CHECK137447
PO0003949,V00532,2024-08-30,1089.12,USD,Check,Pending,CHECK241073
PO0003950,V00532,2024-05-10,16192.84,USD,Check,Completed,CHECK861312
PO0003951,V00532,2025-08-26,84.21,USD,ACH,Completed,CHECK155129
PO0003952,V00532,2024-03-25,132.89,USD,Credit Card,Completed,CHECK761537
PO0003953,V00532,2025-04-13,956.79,USD,ACH,Completed,CHECK528966
PO0003954,V00532,2024-06-06,6493.12,USD,ACH,Completed,CHECK702399
PO0003955,V00532,2024-04-01,7.67,USD,Credit Card,Cancelled,CHECK818188
PO0003956,V00532,2023-07-06,711.5,USD,Credit Card,Completed,CHECK134180
PO0003957,V00532,2025-10-15,156.35,USD,ACH,Completed,CHECK127039
PO0003958,V00532,2024-11-22,5.11,USD,Credit Card,Completed,CHECK504741
PO0003959,V00532,2025-02-04,180.37,USD,ACH,Completed,CHECK192975
PO0003960,V00532,2023-10-09,49.58,USD,Wire Transfer,Completed,CHECK874304
PO0003961,V00532,2024-04-17,172.04,USD,Check,Completed,CHECK900348
PO0003962,V00532,2025-04-09,2413.9,USD,Check,Cancelled,CHECK264473
PO0003963,V00532,2024-12-02,2379.9,USD,ACH,Completed,CHECK870301
PO0003964,V00532,2023-11-01,1494.11,USD,ACH,Completed,CHECK949767
PO0003965,V00532,2025-02-26,39.55,USD,Wire Transfer,Cancelled,CHECK492440
PO0003966,V00532,2025-03-13,167.14,USD,ACH,Pending,CHECK397264
PO0003967,V00532,2023-02-15,2877.03,USD,ACH,Cancelled,CHECK616917
PO0003968,V00532,2025-12-12,27.58,USD,ACH,Completed,CHECK730566
PO0003969,V00532,2023-11-28,62893.46,USD,Credit Card,Pending,CHECK861237
PO0003970,V00532,2025-06-19,198.72,USD,Wire Transfer,Pending,CHECK256826
PO0003971,V00532,2023-10-01,72.38,USD,Wire Transfer,Completed,CHECK547357
PO0003972,V00532,2023-04-03,143.94,USD,Wire Transfer,Completed,CHECK696220
PO0003973,V00532,2025-05-18,2879.01,USD,Check,Completed,CHECK547247
PO0003974,V00532,2025-04-13,186.77,USD,Credit Card,Cancelled,CHECK617825
PO0003975,V00532,2024-04-19,359.0,USD,ACH,Completed,CHECK884796
PO0003976,V00532,2023-08-06,143.12,USD,Credit Card,Cancelled,CHECK947518
PO0003977,V00297,2025-01-20,10.12,USD,Check,Completed,CHECK444992
PO0003978,V00297,2024-07-23,501.31,USD,Credit Card,Cancelled,CHECK108712
PO0003979,V00297,2023-03-11,7981.76,USD,ACH,Completed,CHECK928290
PO0003980,V00297,2024-05-23,4603.99,USD,Credit Card,Pending,CHECK575515
PO0003981,V00537,2025-01-19,143.65,USD,Credit Card,Completed,CHECK119781
PO0003982,V00537,2025-08-26,129.16,USD,Check,Pending,CHECK858414
PO0003983,V00537,2024-04-03,972.77,USD,Check,Pending,CHECK206617
PO0003984,V00537,2024-05-31,5676.87,USD,ACH,Completed,CHECK706676
PO0003985,V00537,2024-02-25,1734.53,USD,ACH,Completed,CHECK886823
PO0003986,V00537,2023-06-10,125.13,USD,Check,Completed,CHECK356973
PO0003987,V00537,2025-02-09,415.95,USD,ACH,Pending,CHECK592945
PO0003988,V00537,2025-04-08,38.21,USD,Wire Transfer,Completed,CHECK604045
PO0003989,V00537,2024-09-20,3197.15,USD,Check,Cancelled,CHECK659929
PO0003990,V00537,2025-03-26,785.1,USD,Wire Transfer,Pending,CHECK393145
PO0003991,V00537,2025-01-30,8153.64,USD,Check,Pending,CHECK934746
PO0003992,V00537,2023-02-12,5290.85,USD,Check,Completed,CHECK370597
PO0003993,V00537,2023-02-28,5136.83,USD,Check,Completed,CHECK967496
PO0003994,V00537,2025-08-19,1958.96,USD,Credit Card,Completed,CHECK531241
PO0003995,V00537,2023-07-29,897.54,USD,Check,Completed,CHECK208839
PO0003996,V00537,2023-06-26,597.61,USD,Credit Card,Completed,CHECK674182
PO0003997,V00537,2025-08-27,2520.51,USD,ACH,Pending,CHECK552593
PO0003998,V00537,2023-07-02,2469.89,USD,Check,Cancelled,CHECK573249
PO0003999,V00537,2025-02-14,35722.03,USD,Wire Transfer,Completed,CHECK414891
PO0004000,V00537,2024-09-17,190.2,USD,Check,Cancelled,CHECK133090
PO0004001,V00537,2025-01-09,33654.41,USD,Wire Transfer,Completed,CHECK468577
PO0004002,V00537,2023-10-24,9.43,USD,Wire Transfer,Pending,CHECK542441
PO0004003,V00537,2024-09-10,40.23,USD,ACH,Completed,CHECK289610
PO0004004,V00537,2024-06-21,96.31,USD,Check,Completed,CHECK681168
PO0004005,V00537,2023-12-26,65.51,USD,Check,Completed,CHECK677918
PO0004006,V00537,2024-12-07,347.26,USD,Check,Pending,CHECK619155
PO0004007,V00537,2023-10-08,46.33,USD,Wire Transfer,Completed,CHECK929623
PO0004008,V00189,2023-08-09,262.53,USD,Wire Transfer,Cancelled,CHECK716114
PO0004009,V00189,2025-04-06,130.91,USD,Credit Card,Cancelled,CHECK843949
PO0004010,V00189,2023-09-28,4391.38,USD,Check,Completed,CHECK646289
PO0004011,V00189,2025-07-16,138.88,USD,Credit Card,Cancelled,CHECK808570
PO0004012,V00189,2023-06-08,501.1,USD,Check,Pending,CHECK461318
PO0004013,V00189,2023-12-04,3800.89,USD,Credit Card,Cancelled,CHECK291527
PO0004014,V00189,2024-09-08,3759.63,USD,Wire Transfer,Completed,CHECK708349
PO0004015,V00189,2025-12-21,114.79,USD,Check,Cancelled,CHECK388576
PO0004016,V00189,2023-02-24,145.2,USD,ACH,Cancelled,CHECK574287
PO0004017,V00189,2024-11-05,94.89,USD,Check,Completed,CHECK378354
PO0004018,V00451,2023-09-13,94.96,USD,Wire Transfer,Completed,CHECK502658
PO0004019,V00451,2024-09-26,8422.79,USD,Wire Transfer,Completed,CHECK246212
PO0004020,V00451,2024-04-05,77.61,USD,Wire Transfer,Pending,CHECK584058
PO0004021,V00451,2024-06-26,2929.3,USD,Check,Completed,CHECK489893
PO0004022,V00451,2025-07-09,40.58,USD,Credit Card,Pending,CHECK933080
PO0004023,V00451,2025-07-14,46.09,USD,Wire Transfer,Completed,CHECK273954
PO0004024,V00451,2024-05-30,241.97,USD,Check,Pending,CHECK352315
PO0004025,V00451,2023-03-08,59.03,USD,Check,Completed,CHECK765502
PO0004026,V00451,2025-03-31,11878.91,USD,Check,Cancelled,CHECK814507
PO0004027,V00451,2024-01-04,6312.81,USD,Check,Completed,CHECK332763
PO0004028,V00451,2024-03-05,1386.21,USD,Check,Cancelled,CHECK773290
PO0004029,V00451,2024-02-09,4816.95,USD,Check,Cancelled,CHECK111304
PO0004030,V00451,2024-10-31,24.45,USD,Check,Completed,CHECK856338
PO0004031,V00451,2024-08-02,469.44,USD,Wire Transfer,Completed,CHECK365758
PO0004032,V00451,2023-01-11,385.5,USD,Check,Cancelled,CHECK642058
PO0004033,V00451,2024-10-15,401.19,USD,Wire Transfer,Completed,CHECK352140
PO0004034,V00451,2025-10-31,1971.5,USD,Wire Transfer,Completed,CHECK477079
PO0004035,V00451,2023-08-22,3985.21,USD,Wire Transfer,Completed,CHECK385394
PO0004036,V00451,2024-12-24,792.37,USD,ACH,Completed,CHECK587003
PO0004037,V00451,2025-09-12,216.69,USD,Check,Pending,CHECK253783
PO0004038,V00451,2025-11-04,37.75,USD,Wire Transfer,Completed,CHECK774156
PO0004039,V00451,2023-11-23,2161.52,USD,ACH,Completed,CHECK629698
PO0004040,V00451,2023-02-01,32658.02,USD,Check,Completed,CHECK646571
PO0004041,V00451,2024-10-24,603.07,USD,ACH,Completed,CHECK784891
PO0004042,V00451,2024-11-04,25.32,USD,ACH,Completed,CHECK621140
PO0004043,V00451,2023-04-17,5483.2,USD,Credit Card,Cancelled,CHECK133015
PO0004044,V00451,2024-06-25,80.29,USD,Wire Transfer,Completed,CHECK933924
PO0004045,V00451,2023-02-21,4783.61,USD,Credit Card,Cancelled,CHECK723475
PO0004046,V00451,2025-11-21,8781.03,USD,ACH,Pending,CHECK594097
PO0004047,V00239,2025-04-23,2578.12,USD,ACH,Cancelled,CHECK705177
PO0004048,V00239,2024-12-10,361.15,USD,Wire Transfer,Completed,CHECK677858
PO0004049,V00239,2023-04-07,151.85,USD,Wire Transfer,Completed,CHECK402263
PO0004050,V00239,2024-12-18,351.1,USD,Credit Card,Completed,CHECK378515
PO0004051,V00239,2025-11-10,1584.18,USD,ACH,Cancelled,CHECK548257
PO0004052,V00239,2025-05-08,167.37,USD,Credit Card,Completed,CHECK846338
PO0004053,V00239,2023-08-17,29.54,USD,Check,Completed,CHECK652120
PO0004054,V00239,2023-03-25,2027.51,USD,Credit Card,Completed,CHECK553282
PO0004055,V00239,2025-05-16,3.93,USD,Wire Transfer,Pending,CHECK823069
PO0004056,V00239,2024-12-14,2.57,USD,ACH,Cancelled,CHECK885779
PO0004057,V00158,2025-03-15,71.44,USD,Wire Transfer,Completed,CHECK825485
PO0004058,V00158,2023-10-11,3482.55,USD,ACH,Completed,CHECK622753
PO0004059,V00158,2023-11-27,2337.62,USD,ACH,Completed,CHECK384438
PO0004060,V00158,2023-09-07,126.21,USD,Wire Transfer,Completed,CHECK948207
PO0004061,V00446,2023-03-16,94.96,USD,Credit Card,Completed,CHECK844781
PO0004062,V00446,2023-09-03,3602.61,USD,ACH,Completed,CHECK189263
PO0004063,V00446,2025-05-25,100948.65,USD,Credit Card,Completed,CHECK135500
PO0004064,V00446,2023-05-13,44.42,USD,Credit Card,Completed,CHECK503392
PO0004065,V00446,2024-06-26,540.0,USD,ACH,Completed,CHECK916274
PO0004066,V00446,2024-03-17,226.46,USD,Wire Transfer,Completed,CHECK399294
PO0004067,V00446,2025-05-03,2195.68,USD,Check,Completed,CHECK620544
PO0004068,V00446,2023-09-16,7482.4,USD,Wire Transfer,Completed,CHECK494702
PO0004069,V00446,2024-05-06,123.83,USD,Credit Card,Cancelled,CHECK693241
PO0004070,V00446,2023-06-07,68.14,USD,Credit Card,Cancelled,CHECK377563
PO0004071,V00446,2023-08-10,869.34,USD,Wire Transfer,Cancelled,CHECK380831
PO0004072,V00446,2025-03-08,6864.68,USD,Check,Completed,CHECK819216
PO0004073,V00446,2023-10-16,1087.98,USD,Credit Card,Pending,CHECK485062
PO0004074,V00446,2023-03-30,1081.59,USD,Wire Transfer,Completed,CHECK518232
PO0004075,V00446,2025-10-05,103.91,USD,Credit Card,Cancelled,CHECK369677
PO0004076,V00446,2025-02-10,1430.58,USD,ACH,Completed,CHECK241937
PO0004077,V00446,2024-01-20,14116.76,USD,Credit Card,Completed,CHECK221176
PO0004078,V00446,2024-07-31,17781.86,USD,Credit Card,Pending,CHECK686374
PO0004079,V00446,2024-02-08,176.67,USD,Check,Completed,CHECK121294
PO0004080,V00446,2024-10-24,18.25,USD,Credit Card,Completed,CHECK555803
PO0004081,V00446,2025-04-02,7.64,USD,ACH,Completed,CHECK829538
PO0004082,V00446,2023-10-18,45.0,USD,ACH,Pending,CHECK219564
PO0004083,V00446,2024-03-27,8663.47,USD,Credit Card,Completed,CHECK580657
PO0004084,V00446,2024-06-15,75.98,USD,Credit Card,Pending,CHECK387799
PO0004085,V00446,2025-02-14,6697.75,USD,Credit Card,Pending,CHECK747485
PO0004086,V00446,2024-04-09,7352.2,USD,Check,Completed,CHECK889668
PO0004087,V00446,2024-03-17,78.0,USD,ACH,Pending,CHECK169079
PO0004088,V00446,2025-04-15,171.92,USD,Credit Card,Completed,CHECK391415
PO0004089,V00446,2024-11-08,12444.93,USD,ACH,Completed,CHECK781515
PO0004090,V00510,2025-01-19,382.85,USD,Check,Cancelled,CHECK526739
PO0004091,V00510,2024-12-01,872.97,USD,Wire Transfer,Completed,CHECK182633
PO0004092,V00510,2023-09-09,1.29,USD,Credit Card,Cancelled,CHECK423300
PO0004093,V00510,2025-03-04,96.26,USD,Check,Completed,CHECK916398
PO0004094,V00510,2024-03-24,2621.89,USD,ACH,Completed,CHECK989584
PO0004095,V00452,2024-03-16,376.02,USD,ACH,Pending,CHECK660796
PO0004096,V00452,2025-03-27,199.02,USD,ACH,Completed,CHECK371906
PO0004097,V00452,2024-12-31,311.8,USD,Wire Transfer,Cancelled,CHECK282511
PO0004098,V00452,2024-07-25,532.5,USD,Check,Cancelled,CHECK884118
PO0004099,V00475,2023-12-04,278.29,USD,Check,Completed,CHECK608892
PO0004100,V00475,2025-03-22,2903.71,USD,Check,Cancelled,CHECK659669
PO0004101,V00475,2025-09-19,578.75,USD,ACH,Completed,CHECK333473
PO0004102,V00475,2025-10-10,640.7,USD,Check,Completed,CHECK239770
PO0004103,V00475,2025-04-12,26.43,USD,Credit Card,Cancelled,CHECK515692
PO0004104,V00475,2025-06-02,35.27,USD,ACH,Completed,CHECK560420
PO0004105,V00475,2023-03-30,2553.73,USD,ACH,Completed,CHECK680532
PO0004106,V00475,2023-08-31,77.64,USD,ACH,Pending,CHECK243534
PO0004107,V00475,2025-10-04,4.26,USD,ACH,Pending,CHECK723312
PO0004108,V00475,2025-11-17,806.3,USD,Check,Completed,CHECK413492
PO0004109,V00475,2025-09-07,77.21,USD,Wire Transfer,Completed,CHECK323512
PO0004110,V00475,2025-01-14,301.74,USD,Credit Card,Pending,CHECK332681
PO0004111,V00475,2023-06-08,0.68,USD,ACH,Completed,CHECK379534
PO0004112,V00475,2024-09-14,6018.94,USD,ACH,Pending,CHECK497647
PO0004113,V00475,2024-12-22,1814.63,USD,Check,Completed,CHECK611446
PO0004114,V00475,2023-04-09,253.25,USD,Check,Completed,CHECK435152
PO0004115,V00475,2025-10-24,450.12,USD,ACH,Completed,CHECK853020
PO0004116,V00475,2024-10-16,97.54,USD,Wire Transfer,Completed,CHECK438563
PO0004117,V00475,2023-09-11,652.61,USD,ACH,Completed,CHECK382648
PO0004118,V00475,2024-11-11,4.71,USD,Wire Transfer,Pending,CHECK351947
PO0004119,V00475,2023-03-13,154.72,USD,ACH,Cancelled,CHECK593516
PO0004120,V00475,2023-06-19,2244.26,USD,ACH,Cancelled,CHECK652917
PO0004121,V00475,2024-11-24,2637.02,USD,ACH,Completed,CHECK431256
PO0004122,V00475,2025-08-06,87.71,USD,Credit Card,Cancelled,CHECK401805
PO0004123,V00363,2024-05-07,14363.47,USD,Check,Completed,CHECK187066
PO0004124,V00363,2025-09-30,740.71,USD,Wire Transfer,Cancelled,CHECK721298
PO0004125,V00363,2023-11-25,18.57,USD,Check,Completed,CHECK998590
PO0004126,V00363,2023-11-08,198.2,USD,Credit Card,Cancelled,CHECK990533
PO0004127,V00363,2025-04-21,32.25,USD,ACH,Completed,CHECK801542
PO0004128,V00363,2023-02-04,412.36,USD,Check,Completed,CHECK960521
PO0004129,V00363,2025-12-29,21.93,USD,Credit Card,Cancelled,CHECK231136
PO0004130,V00363,2023-08-31,387.0,USD,Check,Completed,CHECK315719
PO0004131,V00363,2024-02-01,1892.06,USD,Credit Card,Cancelled,CHECK865703
PO0004132,V00363,2025-07-17,204.29,USD,Credit Card,Cancelled,CHECK518731
PO0004133,V00363,2024-02-05,581.1,USD,Wire Transfer,Completed,CHECK528588
PO0004134,V00363,2024-12-21,17.73,USD,ACH,Cancelled,CHECK440872
PO0004135,V00363,2024-11-30,265.42,USD,Wire Transfer,Completed,CHECK327186
PO0004136,V00363,2024-06-24,444.6,USD,Wire Transfer,Pending,CHECK345353
PO0004137,V00363,2025-12-13,6441.2,USD,Check,Completed,CHECK215761
PO0004138,V00363,2023-10-02,52.09,USD,Check,Cancelled,CHECK724192
PO0004139,V00363,2025-09-28,7768.26,USD,Check,Completed,CHECK725310
PO0004140,V00363,2023-12-05,27227.43,USD,ACH,Completed,CHECK763944
PO0004141,V00096,2025-03-29,1733.6,USD,ACH,Pending,CHECK558798
PO0004142,V00096,2024-02-10,934.4,USD,Wire Transfer,Completed,CHECK544031
PO0004143,V00096,2023-11-26,39.32,USD,Check,Cancelled,CHECK744334
PO0004144,V00096,2025-12-29,1008.07,USD,Wire Transfer,Pending,CHECK888264
PO0004145,V00096,2024-01-05,489.55,USD,Credit Card,Completed,CHECK724446
PO0004146,V00096,2023-08-08,53.75,USD,Wire Transfer,Completed,CHECK908925
PO0004147,V00096,2024-06-10,1712.05,USD,Credit Card,Completed,CHECK820714
PO0004148,V00096,2025-05-08,766.87,USD,Credit Card,Completed,CHECK406991
PO0004149,V00096,2023-04-16,93.09,USD,Credit Card,Completed,CHECK403228
PO0004150,V00096,2023-10-01,828.0,USD,ACH,Cancelled,CHECK494872
PO0004151,V00096,2023-05-07,184.58,USD,Wire Transfer,Completed,CHECK494317
PO0004152,V00096,2025-09-13,308.64,USD,Wire Transfer,Cancelled,CHECK152009
PO0004153,V00096,2025-07-16,659.05,USD,Check,Completed,CHECK983253
PO0004154,V00096,2024-12-09,1470.22,USD,Check,Cancelled,CHECK841239
PO0004155,V00096,2025-01-19,6.86,USD,Wire Transfer,Cancelled,CHECK682837
PO0004156,V00096,2023-09-25,361.81,USD,Wire Transfer,Completed,CHECK434911
PO0004157,V00096,2023-06-06,95.44,USD,Wire Transfer,Completed,CHECK412869
PO0004158,V00442,2023-11-01,23.22,USD,Check,Completed,CHECK403927
PO0004159,V00442,2024-04-23,3631.51,USD,Wire Transfer,Completed,CHECK123281
PO0004160,V00442,2023-11-28,35.78,USD,ACH,Pending,CHECK873213
PO0004161,V00442,2025-01-25,36640.4,USD,ACH,Completed,CHECK661987
PO0004162,V00442,2024-08-28,2346.81,USD,Wire Transfer,Completed,CHECK102599
PO0004163,V00442,2023-06-25,271.23,USD,ACH,Completed,CHECK401459
PO0004164,V00442,2023-08-18,1120.59,USD,Check,Completed,CHECK778670
PO0004165,V00442,2024-05-09,8580.59,USD,Credit Card,Completed,CHECK162607
PO0004166,V00442,2025-04-27,105.97,USD,Check,Cancelled,CHECK549839
PO0004167,V00442,2025-04-16,3147.82,USD,Wire Transfer,Completed,CHECK284076
PO0004168,V00442,2024-07-02,2986.71,USD,Credit Card,Cancelled,CHECK469710
PO0004169,V00442,2024-08-26,934.72,USD,Credit Card,Completed,CHECK301514
PO0004170,V00442,2025-09-12,7908.36,USD,Check,Pending,CHECK849818
PO0004171,V00442,2024-05-19,729.59,USD,ACH,Completed,CHECK933724
PO0004172,V00442,2024-06-22,989.18,USD,Credit Card,Completed,CHECK547229
PO0004173,V00442,2023-11-12,245.52,USD,Credit Card,Pending,CHECK300574
PO0004174,V00442,2023-11-26,4933.51,USD,Credit Card,Completed,CHECK692087
PO0004175,V00442,2025-04-07,25110.52,USD,Check,Pending,CHECK188049
PO0004176,V00057,2025-03-31,1056.12,USD,Check,Completed,CHECK992898
PO0004177,V00057,2023-04-12,109.84,USD,Wire Transfer,Completed,CHECK991965
PO0004178,V00057,2025-08-17,7888.2,USD,Check,Pending,CHECK750063
PO0004179,V00057,2023-08-17,4254.36,USD,ACH,Cancelled,CHECK746904
PO0004180,V00057,2023-07-29,405.02,USD,Credit Card,Completed,CHECK119540
PO0004181,V00057,2024-11-29,121.73,USD,ACH,Pending,CHECK750711
PO0004182,V00057,2023-06-15,58.5,USD,Wire Transfer,Pending,CHECK683654
PO0004183,V00057,2023-05-31,332.21,USD,Wire Transfer,Completed,CHECK360400
PO0004184,V00057,2025-07-08,1585.24,USD,ACH,Pending,CHECK687158
PO0004185,V00057,2024-11-26,1220.01,USD,ACH,Pending,CHECK332211
PO0004186,V00057,2023-01-02,94.25,USD,Credit Card,Cancelled,CHECK482560
PO0004187,V00057,2023-09-20,416.4,USD,Credit Card,Completed,CHECK826293
PO0004188,V00057,2023-08-26,4364.35,USD,Credit Card,Completed,CHECK293777
PO0004189,V00057,2023-11-25,732.38,USD,Credit Card,Cancelled,CHECK522950
PO0004190,V00057,2025-04-05,9.4,USD,Check,Pending,CHECK635771
PO0004191,V00057,2025-11-20,547.92,USD,Check,Completed,CHECK209615
PO0004192,V00057,2025-10-11,907.37,USD,Credit Card,Completed,CHECK604998
PO0004193,V00057,2025-06-12,16309.67,USD,Wire Transfer,Completed,CHECK409397
PO0004194,V00057,2023-11-17,7569.19,USD,Credit Card,Completed,CHECK838232
PO0004195,V00057,2023-12-19,116.36,USD,Check,Completed,CHECK580882
PO0004196,V00057,2025-02-08,16284.33,USD,Wire Transfer,Completed,CHECK724248
PO0004197,V00057,2023-03-25,499.21,USD,Wire Transfer,Pending,CHECK155697
PO0004198,V00057,2023-10-05,246.49,USD,Credit Card,Cancelled,CHECK931397
PO0004199,V00057,2024-12-27,358.33,USD,Wire Transfer,Cancelled,CHECK205247
PO0004200,V00533,2025-11-20,114.51,USD,Check,Completed,CHECK597697
PO0004201,V00533,2024-10-11,9485.01,USD,Credit Card,Cancelled,CHECK673138
PO0004202,V00533,2023-06-03,153.51,USD,Check,Completed,CHECK795902
PO0004203,V00533,2025-07-19,1959.97,USD,Credit Card,Completed,CHECK670007
PO0004204,V00533,2025-10-29,551.28,USD,Check,Cancelled,CHECK350681
PO0004205,V00533,2024-08-03,2059.76,USD,ACH,Completed,CHECK884553
PO0004206,V00533,2025-10-22,626.72,USD,Credit Card,Completed,CHECK408736
PO0004207,V00533,2023-10-05,5368.05,USD,Check,Completed,CHECK280799
PO0004208,V00533,2025-12-31,43.02,USD,Credit Card,Completed,CHECK498542
PO0004209,V00533,2025-01-07,1689.88,USD,Wire Transfer,Cancelled,CHECK718444
PO0004210,V00476,2025-02-11,21.23,USD,Wire Transfer,Pending,CHECK486697
PO0004211,V00476,2025-07-09,34.64,USD,ACH,Completed,CHECK434108
PO0004212,V00476,2023-02-06,361.24,USD,ACH,Completed,CHECK257450
PO0004213,V00476,2024-09-08,41.79,USD,Wire Transfer,Completed,CHECK950085
PO0004214,V00476,2024-03-05,33404.96,USD,Credit Card,Completed,CHECK517106
PO0004215,V00476,2023-10-14,304.82,USD,Wire Transfer,Completed,CHECK823065
PO0004216,V00476,2023-05-31,9.68,USD,Check,Pending,CHECK962534
PO0004217,V00476,2023-11-27,533.0,USD,Check,Cancelled,CHECK594887
PO0004218,V00476,2023-11-04,932.13,USD,ACH,Completed,CHECK623351
PO0004219,V00476,2025-02-18,349.7,USD,Wire Transfer,Completed,CHECK187929
PO0004220,V00476,2024-06-30,6323.9,USD,ACH,Completed,CHECK340970
PO0004221,V00476,2025-05-30,3635.23,USD,Check,Completed,CHECK271039
PO0004222,V00476,2023-04-19,736.52,USD,Check,Completed,CHECK819487
PO0004223,V00476,2023-03-12,59.9,USD,ACH,Cancelled,CHECK284759
PO0004224,V00476,2024-12-18,837.5,USD,Wire Transfer,Completed,CHECK539613
PO0004225,V00476,2024-08-19,2578.53,USD,Wire Transfer,Completed,CHECK918417
PO0004226,V00476,2024-06-09,916.05,USD,Wire Transfer,Completed,CHECK987721
PO0004227,V00476,2024-12-19,133.07,USD,Credit Card,Completed,CHECK656981
PO0004228,V00476,2025-11-11,85.95,USD,Check,Completed,CHECK967996
PO0004229,V00476,2023-02-08,790.44,USD,Credit Card,Completed,CHECK128673
PO0004230,V00476,2025-07-11,27208.69,USD,ACH,Pending,CHECK984608
PO0004231,V00476,2024-07-12,981.2,USD,Wire Transfer,Completed,CHECK608093
PO0004232,V00170,2023-09-17,101.08,USD,Wire Transfer,Pending,CHECK965617
PO0004233,V00170,2025-12-04,5365.35,USD,Check,Completed,CHECK367406
PO0004234,V00170,2025-01-09,152688.08,USD,ACH,Completed,CHECK750010
PO0004235,V00170,2023-06-09,1479.19,USD,Wire Transfer,Completed,CHECK944562
PO0004236,V00170,2023-01-21,557.07,USD,Credit Card,Completed,CHECK317694
PO0004237,V00170,2024-05-07,152.99,USD,ACH,Pending,CHECK327967
PO0004238,V00170,2024-03-05,1280.43,USD,Wire Transfer,Pending,CHECK271325
PO0004239,V00170,2023-01-02,2.09,USD,Check,Completed,CHECK260786
PO0004240,V00170,2024-12-29,12872.38,USD,ACH,Completed,CHECK244719
PO0004241,V00170,2023-07-03,3839.08,USD,Credit Card,Completed,CHECK466438
PO0004242,V00416,2024-11-22,136.0,USD,Credit Card,Completed,CHECK448736
PO0004243,V00416,2023-12-12,89.72,USD,ACH,Completed,CHECK928694
PO0004244,V00416,2024-01-31,26.27,USD,ACH,Cancelled,CHECK853412
PO0004245,V00416,2024-03-18,101.14,USD,Check,Completed,CHECK581246
PO0004246,V00416,2025-12-12,8482.35,USD,Credit Card,Completed,CHECK791086
PO0004247,V00416,2024-01-17,30.99,USD,Check,Cancelled,CHECK562177
PO0004248,V00103,2024-10-24,50.74,USD,Credit Card,Cancelled,CHECK460641
PO0004249,V00103,2024-12-23,925.64,USD,Credit Card,Cancelled,CHECK354523
PO0004250,V00103,2023-11-17,283.2,USD,Check,Completed,CHECK658772
PO0004251,V00103,2023-09-14,818.49,USD,ACH,Completed,CHECK543357
PO0004252,V00103,2024-05-20,1297.53,USD,Credit Card,Completed,CHECK643191
PO0004253,V00103,2024-09-04,93.37,USD,Credit Card,Cancelled,CHECK378687
PO0004254,V00374,2024-10-17,1811.93,USD,Wire Transfer,Completed,CHECK659737
PO0004255,V00519,2025-10-30,561.21,USD,ACH,Completed,CHECK138321
PO0004256,V00519,2025-04-26,13.07,USD,Check,Cancelled,CHECK440806
PO0004257,V00519,2025-05-16,135.31,USD,Wire Transfer,Completed,CHECK485389
PO0004258,V00519,2024-01-09,5706.89,USD,Credit Card,Completed,CHECK422298
PO0004259,V00519,2025-12-28,3123.87,USD,Credit Card,Completed,CHECK964852
PO0004260,V00519,2024-10-07,6.41,USD,ACH,Pending,CHECK887296
PO0004261,V00519,2025-11-03,4461.92,USD,Wire Transfer,Completed,CHECK888023
PO0004262,V00519,2023-05-31,401.06,USD,Wire Transfer,Completed,CHECK659256
PO0004263,V00519,2023-10-03,675.25,USD,ACH,Completed,CHECK426125
PO0004264,V00519,2025-04-23,252.98,USD,Check,Completed,CHECK768109
PO0004265,V00519,2023-09-07,4481.32,USD,ACH,Completed,CHECK633056
PO0004266,V00519,2023-09-28,47.95,USD,Wire Transfer,Completed,CHECK553519
PO0004267,V00519,2025-09-10,23.47,USD,Wire Transfer,Completed,CHECK981014
PO0004268,V00519,2023-05-04,48.05,USD,Check,Completed,CHECK775746
PO0004269,V00519,2025-04-18,37.94,USD,Check,Completed,CHECK128471
PO0004270,V00519,2023-08-22,1.15,USD,Check,Completed,CHECK343234
PO0004271,V00519,2023-09-20,98.73,USD,Wire Transfer,Cancelled,CHECK846697
PO0004272,V00519,2023-05-31,20788.0,USD,Wire Transfer,Completed,CHECK253206
PO0004273,V00519,2023-04-02,1087.7,USD,Check,Completed,CHECK629797
PO0004274,V00519,2025-04-07,3814.92,USD,Wire Transfer,Completed,CHECK558594
PO0004275,V00519,2024-10-29,119.45,USD,ACH,Completed,CHECK583091
PO0004276,V00519,2023-06-12,1021.07,USD,ACH,Cancelled,CHECK957117
PO0004277,V00519,2025-11-29,690.52,USD,ACH,Cancelled,CHECK242474
PO0004278,V00519,2025-11-26,310.34,USD,ACH,Pending,CHECK634594
PO0004279,V00126,2025-11-04,3746.06,USD,Check,Completed,CHECK854822
PO0004280,V00235,2023-12-11,700.43,USD,Credit Card,Completed,CHECK554785
PO0004281,V00235,2024-12-29,189.41,USD,Check,Cancelled,CHECK333062
PO0004282,V00235,2024-06-16,210.39,USD,Wire Transfer,Completed,CHECK477393
PO0004283,V00235,2025-07-03,1513.05,USD,ACH,Completed,CHECK212394
PO0004284,V00235,2024-06-02,5104.1,USD,Wire Transfer,Pending,CHECK824875
PO0004285,V00235,2025-12-14,1802.85,USD,Check,Completed,CHECK395492
PO0004286,V00235,2023-09-27,371.67,USD,ACH,Cancelled,CHECK506604
PO0004287,V00235,2025-07-24,30.24,USD,Wire Transfer,Cancelled,CHECK718510
PO0004288,V00235,2023-04-12,2653.67,USD,Wire Transfer,Completed,CHECK980799
PO0004289,V00235,2025-10-09,26.32,USD,Wire Transfer,Completed,CHECK102587
PO0004290,V00235,2023-11-01,1424.34,USD,Wire Transfer,Completed,CHECK811151
PO0004291,V00235,2023-07-21,2453.77,USD,Check,Completed,CHECK237079
PO0004292,V00235,2025-11-26,731.75,USD,Credit Card,Cancelled,CHECK209690
PO0004293,V00235,2024-03-12,15.85,USD,Check,Completed,CHECK401080
PO0004294,V00235,2025-08-07,421.54,USD,Wire Transfer,Pending,CHECK642934
PO0004295,V00235,2025-05-06,180.7,USD,Credit Card,Completed,CHECK748564
PO0004296,V00235,2025-10-18,449.88,USD,Check,Pending,CHECK530169
PO0004297,V00235,2023-03-04,307.79,USD,Check,Completed,CHECK807495
PO0004298,V00235,2025-04-10,155.13,USD,Wire Transfer,Pending,CHECK156895
PO0004299,V00235,2024-06-17,168.27,USD,Credit Card,Completed,CHECK149922
PO0004300,V00235,2023-09-20,762.17,USD,ACH,Cancelled,CHECK862875
PO0004301,V00235,2023-05-29,203.85,USD,Credit Card,Completed,CHECK210094
PO0004302,V00235,2024-12-05,21.21,USD,Check,Pending,CHECK897476
PO0004303,V00001,2023-04-18,66.11,USD,Credit Card,Completed,CHECK152727
PO0004304,V00001,2025-10-09,1030.24,USD,Wire Transfer,Cancelled,CHECK608016
PO0004305,V00281,2024-02-05,2001.58,USD,Check,Pending,CHECK965334
PO0004306,V00281,2024-02-03,40.77,USD,Wire Transfer,Completed,CHECK979419
PO0004307,V00281,2025-04-04,513.63,USD,Credit Card,Completed,CHECK654111
PO0004308,V00281,2024-05-01,109.25,USD,Check,Completed,CHECK122874
PO0004309,V00281,2023-06-05,5345.03,USD,Check,Completed,CHECK124757
PO0004310,V00281,2025-03-16,50.43,USD,Credit Card,Completed,CHECK977185
PO0004311,V00281,2023-07-12,123.03,USD,Wire Transfer,Cancelled,CHECK432203
PO0004312,V00281,2025-08-31,40.77,USD,ACH,Pending,CHECK507614
PO0004313,V00281,2025-09-07,1355.41,USD,Credit Card,Completed,CHECK665775
PO0004314,V00281,2025-08-22,175.68,USD,Credit Card,Completed,CHECK600707
PO0004315,V00281,2023-07-16,146.33,USD,Credit Card,Completed,CHECK634282
PO0004316,V00281,2025-03-24,869.81,USD,Check,Completed,CHECK858163
PO0004317,V00281,2024-11-10,383.98,USD,Credit Card,Completed,CHECK793726
PO0004318,V00281,2024-01-01,738.57,USD,Check,Completed,CHECK429234
PO0004319,V00281,2025-08-15,1104.41,USD,Credit Card,Completed,CHECK703269
PO0004320,V00281,2025-02-14,137.45,USD,ACH,Cancelled,CHECK922597
PO0004321,V00281,2024-12-29,31422.17,USD,Wire Transfer,Completed,CHECK663163
PO0004322,V00281,2024-10-20,879.36,USD,ACH,Completed,CHECK821169
PO0004323,V00281,2023-02-23,9.48,USD,Wire Transfer,Completed,CHECK913027
PO0004324,V00281,2025-04-03,299.04,USD,Credit Card,Cancelled,CHECK856511
PO0004325,V00281,2025-03-16,2219.85,USD,Credit Card,Completed,CHECK180637
PO0004326,V00281,2025-01-12,19316.01,USD,Wire Transfer,Completed,CHECK943122
PO0004327,V00281,2023-03-25,655.28,USD,Wire Transfer,Cancelled,CHECK769080
PO0004328,V00281,2023-11-27,331.96,USD,Wire Transfer,Completed,CHECK190946
PO0004329,V00281,2023-12-15,372.41,USD,Credit Card,Completed,CHECK296283
PO0004330,V00498,2023-03-24,3846.9,USD,Wire Transfer,Pending,CHECK558725
PO0004331,V00498,2025-05-27,56.57,USD,Wire Transfer,Cancelled,CHECK545351
PO0004332,V00498,2024-04-29,376.93,USD,ACH,Pending,CHECK907274
PO0004333,V00498,2024-04-09,93.68,USD,Wire Transfer,Pending,CHECK956200
PO0004334,V00498,2025-10-12,167.08,USD,ACH,Completed,CHECK144872
PO0004335,V00498,2023-05-29,87.93,USD,ACH,Pending,CHECK965342
PO0004336,V00498,2024-05-27,4730.63,USD,Credit Card,Completed,CHECK901750
PO0004337,V00498,2023-01-07,2283.93,USD,Wire Transfer,Completed,CHECK525972
PO0004338,V00498,2024-07-19,28.1,USD,Credit Card,Cancelled,CHECK793568
PO0004339,V00498,2024-09-08,534.32,USD,Credit Card,Completed,CHECK602713
PO0004340,V00498,2025-01-09,107.64,USD,Wire Transfer,Completed,CHECK129632
PO0004341,V00498,2025-04-24,14402.78,USD,ACH,Completed,CHECK484188
PO0004342,V00498,2024-09-04,14025.3,USD,Wire Transfer,Completed,CHECK570371
PO0004343,V00498,2024-03-31,297.64,USD,ACH,Completed,CHECK343746
PO0004344,V00498,2023-07-02,113.1,USD,Credit Card,Completed,CHECK194651
PO0004345,V00498,2025-07-14,1005.06,USD,Check,Completed,CHECK905553
PO0004346,V00498,2025-06-18,74.32,USD,Check,Completed,CHECK360345
PO0004347,V00498,2023-09-29,54.34,USD,Credit Card,Completed,CHECK967379
PO0004348,V00498,2023-11-13,237.38,USD,ACH,Cancelled,CHECK822712
PO0004349,V00498,2024-05-23,637.22,USD,Check,Cancelled,CHECK983404
PO0004350,V00498,2025-11-06,2972.59,USD,ACH,Completed,CHECK812622
PO0004351,V00498,2023-03-10,20.0,USD,Wire Transfer,Pending,CHECK497807
PO0004352,V00498,2025-07-16,6349.14,USD,Check,Completed,CHECK142066
PO0004353,V00498,2024-12-05,31.89,USD,Credit Card,Completed,CHECK773810
PO0004354,V00498,2025-04-17,224.1,USD,Credit Card,Completed,CHECK905929
PO0004355,V00332,2024-03-04,1426.83,USD,Credit Card,Completed,CHECK778383
PO0004356,V00332,2024-07-13,56.33,USD,Wire Transfer,Cancelled,CHECK987196
PO0004357,V00332,2025-02-14,75.13,USD,Check,Cancelled,CHECK649715
PO0004358,V00332,2025-08-31,531.98,USD,Credit Card,Completed,CHECK997790
PO0004359,V00332,2025-10-30,451.23,USD,Wire Transfer,Completed,CHECK174335
PO0004360,V00332,2024-07-26,7.05,USD,Wire Transfer,Cancelled,CHECK572228
PO0004361,V00332,2023-02-27,2516.63,USD,Check,Pending,CHECK935381
PO0004362,V00332,2023-10-09,682.82,USD,Check,Cancelled,CHECK539961
PO0004363,V00332,2023-02-02,94.78,USD,ACH,Pending,CHECK336381
PO0004364,V00332,2024-10-07,66.56,USD,ACH,Cancelled,CHECK851755
PO0004365,V00332,2025-03-21,1694.24,USD,ACH,Cancelled,CHECK931471
PO0004366,V00332,2024-11-15,26.44,USD,Wire Transfer,Cancelled,CHECK932787
PO0004367,V00332,2023-08-07,54.7,USD,Wire Transfer,Completed,CHECK113114
PO0004368,V00332,2023-09-12,162.76,USD,Wire Transfer,Completed,CHECK388030
PO0004369,V00241,2025-02-20,334.29,USD,Check,Pending,CHECK700633
PO0004370,V00241,2024-09-30,6700.84,USD,Wire Transfer,Pending,CHECK266036
PO0004371,V00241,2024-09-16,40.45,USD,Wire Transfer,Pending,CHECK973582
PO0004372,V00241,2025-04-17,17.37,USD,Check,Pending,CHECK765901
PO0004373,V00241,2024-06-20,481.88,USD,ACH,Pending,CHECK690717
PO0004374,V00241,2024-05-05,2418.53,USD,Credit Card,Completed,CHECK850223
PO0004375,V00241,2023-04-01,480.29,USD,ACH,Completed,CHECK399559
PO0004376,V00241,2025-03-27,12560.98,USD,Credit Card,Cancelled,CHECK856510
PO0004377,V00241,2023-03-31,1098.87,USD,Check,Completed,CHECK675578
PO0004378,V00241,2025-07-16,90.95,USD,Wire Transfer,Completed,CHECK343155
PO0004379,V00241,2025-03-29,1720.99,USD,Wire Transfer,Cancelled,CHECK314094
PO0004380,V00241,2025-10-11,6.54,USD,Credit Card,Pending,CHECK281502
PO0004381,V00241,2024-08-22,925.29,USD,Wire Transfer,Pending,CHECK998238
PO0004382,V00241,2025-03-16,212.28,USD,Check,Completed,CHECK383885
PO0004383,V00241,2024-01-26,1411.71,USD,Credit Card,Completed,CHECK650905
PO0004384,V00241,2023-03-05,347.23,USD,ACH,Completed,CHECK614099
PO0004385,V00241,2025-04-26,59435.81,USD,Credit Card,Completed,CHECK150950
PO0004386,V00241,2025-04-23,3366.54,USD,Credit Card,Completed,CHECK861394
PO0004387,V00241,2024-07-04,436.96,USD,ACH,Completed,CHECK408469
PO0004388,V00241,2025-06-08,72.96,USD,Check,Pending,CHECK889045
PO0004389,V00241,2025-02-13,673.05,USD,Wire Transfer,Completed,CHECK263811
PO0004390,V00241,2025-08-26,9419.8,USD,ACH,Cancelled,CHECK337518
PO0004391,V00241,2025-06-15,227.05,USD,ACH,Completed,CHECK957034
PO0004392,V00534,2025-10-17,18.38,USD,Check,Cancelled,CHECK620341
PO0004393,V00534,2023-11-06,463.32,USD,Wire Transfer,Pending,CHECK248654
PO0004394,V00534,2023-04-22,3794.61,USD,Credit Card,Cancelled,CHECK475954
PO0004395,V00534,2024-01-09,191.76,USD,ACH,Completed,CHECK858672
PO0004396,V00534,2023-05-01,170.3,USD,Credit Card,Completed,CHECK334532
PO0004397,V00534,2025-03-01,688.55,USD,ACH,Pending,CHECK449854
PO0004398,V00534,2025-11-20,1037.15,USD,Credit Card,Completed,CHECK646935
PO0004399,V00534,2025-02-04,25564.69,USD,Wire Transfer,Completed,CHECK994747
PO0004400,V00534,2025-01-08,109.41,USD,Credit Card,Pending,CHECK684107
PO0004401,V00534,2025-07-27,65.03,USD,Credit Card,Completed,CHECK466113
PO0004402,V00534,2025-08-21,481.23,USD,Credit Card,Completed,CHECK447358
PO0004403,V00534,2023-10-21,80.9,USD,Check,Cancelled,CHECK544875
PO0004404,V00534,2024-04-20,209.77,USD,Check,Completed,CHECK950697
PO0004405,V00534,2024-12-25,391.59,USD,Credit Card,Completed,CHECK743017
PO0004406,V00534,2023-11-23,23980.19,USD,Check,Completed,CHECK626204
PO0004407,V00534,2023-01-29,19.4,USD,Wire Transfer,Completed,CHECK794581
PO0004408,V00534,2023-07-14,744.8,USD,Credit Card,Completed,CHECK182169
PO0004409,V00534,2024-11-27,652.63,USD,Credit Card,Pending,CHECK841743
PO0004410,V00534,2023-06-29,1789.37,USD,ACH,Pending,CHECK397339
PO0004411,V00534,2024-05-14,251.48,USD,Check,Pending,CHECK531943
PO0004412,V00534,2024-01-25,205.72,USD,ACH,Completed,CHECK968529
PO0004413,V00534,2024-12-05,6483.69,USD,ACH,Completed,CHECK228266
PO0004414,V00534,2025-10-24,874.82,USD,Check,Completed,CHECK221164
PO0004415,V00534,2025-11-04,11129.65,USD,Wire Transfer,Completed,CHECK877278
PO0004416,V00534,2023-02-24,197.44,USD,Credit Card,Cancelled,CHECK888135
PO0004417,V00534,2025-12-28,24783.03,USD,Wire Transfer,Cancelled,CHECK367539
PO0004418,V00534,2024-10-30,19.55,USD,ACH,Completed,CHECK405951
PO0004419,V00323,2024-07-08,3591.56,USD,ACH,Completed,CHECK570491
PO0004420,V00323,2023-09-24,51.15,USD,ACH,Cancelled,CHECK880753
PO0004421,V00323,2025-01-24,885.09,USD,Check,Cancelled,CHECK986641
PO0004422,V00323,2023-05-16,55.13,USD,Credit Card,Pending,CHECK395217
PO0004423,V00137,2024-09-02,46.14,USD,ACH,Pending,CHECK496716
PO0004424,V00137,2023-01-28,152.89,USD,Credit Card,Pending,CHECK198393
PO0004425,V00137,2023-12-14,348.26,USD,Credit Card,Pending,CHECK183890
PO0004426,V00137,2023-09-18,866.09,USD,Check,Completed,CHECK993051
PO0004427,V00137,2023-06-15,21.28,USD,ACH,Completed,CHECK783143
PO0004428,V00137,2024-03-23,5845.56,USD,Wire Transfer,Completed,CHECK677126
PO0004429,V00137,2025-03-21,57889.49,USD,ACH,Pending,CHECK229120
PO0004430,V00137,2024-02-10,2703.51,USD,Check,Completed,CHECK122758
PO0004431,V00137,2023-09-26,905.49,USD,Wire Transfer,Completed,CHECK708885
PO0004432,V00137,2025-10-21,710.82,USD,Check,Completed,CHECK953675
PO0004433,V00137,2024-04-06,1900.35,USD,Wire Transfer,Completed,CHECK294617
PO0004434,V00484,2024-07-19,135.07,USD,Check,Pending,CHECK874023
PO0004435,V00484,2025-09-01,1.71,USD,ACH,Cancelled,CHECK521990
PO0004436,V00484,2023-07-09,18.46,USD,Check,Completed,CHECK242092
PO0004437,V00484,2025-10-03,1798.89,USD,Wire Transfer,Completed,CHECK847531
PO0004438,V00484,2025-08-06,142.36,USD,ACH,Pending,CHECK918624
PO0004439,V00484,2025-12-15,26.45,USD,ACH,Pending,CHECK755072
PO0004440,V00484,2023-04-17,1.91,USD,Check,Cancelled,CHECK515325
PO0004441,V00484,2023-05-13,190.75,USD,Wire Transfer,Completed,CHECK554216
PO0004442,V00484,2024-06-08,632.69,USD,Wire Transfer,Completed,CHECK283444
PO0004443,V00484,2023-02-18,22.32,USD,Check,Completed,CHECK931245
PO0004444,V00484,2025-03-30,74.63,USD,Wire Transfer,Completed,CHECK158066
PO0004445,V00484,2023-03-31,311.54,USD,Wire Transfer,Pending,CHECK548561
PO0004446,V00484,2024-03-02,275.82,USD,Check,Cancelled,CHECK258507
PO0004447,V00484,2024-12-16,50.68,USD,Credit Card,Cancelled,CHECK397876
PO0004448,V00484,2025-06-10,2038.84,USD,Wire Transfer,Pending,CHECK350863
PO0004449,V00484,2024-10-19,1550.1,USD,Credit Card,Completed,CHECK141102
PO0004450,V00484,2023-08-11,15333.06,USD,Wire Transfer,Completed,CHECK412101
PO0004451,V00484,2024-07-11,541.64,USD,Check,Pending,CHECK782410
PO0004452,V00484,2023-07-15,65.59,USD,ACH,Completed,CHECK751128
PO0004453,V00484,2025-04-28,6.05,USD,Check,Completed,CHECK261374
PO0004454,V00484,2024-06-15,23.86,USD,ACH,Pending,CHECK797005
PO0004455,V00484,2023-07-26,418.54,USD,Wire Transfer,Completed,CHECK164379
PO0004456,V00484,2023-11-12,3033.14,USD,Wire Transfer,Completed,CHECK660513
PO0004457,V00484,2023-10-10,156.45,USD,Check,Pending,CHECK560322
PO0004458,V00484,2023-08-11,513.77,USD,Credit Card,Cancelled,CHECK580255
PO0004459,V00484,2023-09-03,421.55,USD,Check,Completed,CHECK103671
PO0004460,V00484,2025-12-03,539.74,USD,ACH,Cancelled,CHECK164821
PO0004461,V00484,2023-06-26,80.27,USD,Credit Card,Completed,CHECK292995
PO0004462,V00484,2025-10-30,640.77,USD,ACH,Completed,CHECK338411
PO0004463,V00484,2025-01-11,1723.67,USD,Wire Transfer,Completed,CHECK491249
PO0004464,V00398,2024-10-13,393.45,USD,ACH,Pending,CHECK746187
PO0004465,V00398,2023-05-05,700.25,USD,Check,Completed,CHECK628121
PO0004466,V00398,2024-02-04,200.18,USD,Check,Completed,CHECK606317
PO0004467,V00398,2024-02-26,54.93,USD,Check,Cancelled,CHECK205573
PO0004468,V00398,2024-05-02,206.46,USD,Credit Card,Cancelled,CHECK921255
PO0004469,V00398,2023-08-28,91.24,USD,Credit Card,Cancelled,CHECK859298
PO0004470,V00398,2024-10-02,329.76,USD,ACH,Completed,CHECK576037
PO0004471,V00398,2024-03-07,2331.96,USD,Credit Card,Completed,CHECK416924
PO0004472,V00398,2024-07-26,364.33,USD,Credit Card,Completed,CHECK547212
PO0004473,V00398,2024-09-02,33986.31,USD,ACH,Completed,CHECK157217
PO0004474,V00398,2025-07-11,5415.51,USD,ACH,Pending,CHECK670689
PO0004475,V00398,2023-06-25,450.58,USD,Wire Transfer,Cancelled,CHECK984283
PO0004476,V00398,2025-08-28,89.72,USD,Check,Completed,CHECK350257
PO0004477,V00398,2023-08-10,7161.14,USD,Credit Card,Cancelled,CHECK851871
PO0004478,V00398,2024-11-04,10.25,USD,ACH,Completed,CHECK622015
PO0004479,V00398,2025-07-15,2428.7,USD,Credit Card,Cancelled,CHECK145814
PO0004480,V00398,2023-12-19,7109.49,USD,Wire Transfer,Pending,CHECK400328
PO0004481,V00398,2025-03-09,254.45,USD,Credit Card,Cancelled,CHECK961942
PO0004482,V00398,2024-06-26,52.05,USD,Check,Cancelled,CHECK253451
PO0004483,V00398,2024-01-09,38.52,USD,Wire Transfer,Completed,CHECK504811
PO0004484,V00398,2025-09-05,83.4,USD,Check,Cancelled,CHECK497235
PO0004485,V00511,2025-01-11,148.81,USD,ACH,Pending,CHECK857667
PO0004486,V00511,2024-08-10,4000.92,USD,Check,Completed,CHECK755756
PO0004487,V00511,2024-05-29,391.93,USD,ACH,Pending,CHECK747732
PO0004488,V00511,2023-12-23,1235.75,USD,Credit Card,Pending,CHECK113780
PO0004489,V00511,2025-08-09,2413.48,USD,Credit Card,Completed,CHECK422494
PO0004490,V00511,2025-07-31,91.51,USD,Check,Completed,CHECK700957
PO0004491,V00511,2025-08-12,1365.79,USD,Credit Card,Pending,CHECK992461
PO0004492,V00511,2023-01-17,6.78,USD,Credit Card,Pending,CHECK826308
PO0004493,V00511,2024-05-16,509.66,USD,ACH,Completed,CHECK462867
PO0004494,V00511,2023-12-14,29.81,USD,Check,Completed,CHECK141325
PO0004495,V00511,2025-04-07,1071.08,USD,Wire Transfer,Pending,CHECK682262
PO0004496,V00511,2025-08-22,6674.31,USD,ACH,Completed,CHECK591514
PO0004497,V00511,2024-02-10,52.88,USD,Check,Cancelled,CHECK607441
PO0004498,V00511,2023-06-25,12681.36,USD,ACH,Completed,CHECK516808
PO0004499,V00511,2025-08-21,16.28,USD,Credit Card,Completed,CHECK724600
PO0004500,V00511,2024-05-01,178.15,USD,ACH,Completed,CHECK475472
PO0004501,V00511,2025-12-19,688.52,USD,ACH,Cancelled,CHECK841704
PO0004502,V00511,2025-11-08,1133.97,USD,ACH,Completed,CHECK530389
PO0004503,V00511,2025-05-06,17023.51,USD,Check,Completed,CHECK885513
PO0004504,V00511,2024-05-14,599.28,USD,Credit Card,Completed,CHECK749471
PO0004505,V00522,2024-08-08,8128.22,USD,Check,Completed,CHECK593236
PO0004506,V00522,2023-06-30,1042.75,USD,ACH,Completed,CHECK434416
PO0004507,V00522,2023-08-28,90.87,USD,Credit Card,Completed,CHECK346656
PO0004508,V00522,2023-05-20,93.97,USD,Credit Card,Pending,CHECK403887
PO0004509,V00522,2024-01-30,3425.19,USD,ACH,Cancelled,CHECK415342
PO0004510,V00522,2024-06-03,150.93,USD,Wire Transfer,Completed,CHECK164610
PO0004511,V00522,2025-04-05,1005.09,USD,Wire Transfer,Pending,CHECK488937
PO0004512,V00522,2025-09-22,1167.04,USD,Credit Card,Completed,CHECK243593
PO0004513,V00522,2024-01-06,312.89,USD,Wire Transfer,Completed,CHECK469117
PO0004514,V00522,2025-10-02,870.39,USD,Check,Completed,CHECK849885
PO0004515,V00522,2025-09-24,99.02,USD,Credit Card,Cancelled,CHECK858501
PO0004516,V00522,2025-09-15,12554.28,USD,Check,Completed,CHECK936534
PO0004517,V00522,2025-03-15,438.8,USD,ACH,Completed,CHECK298369
PO0004518,V00522,2024-10-17,638.52,USD,Credit Card,Pending,CHECK248962
PO0004519,V00522,2025-05-08,272.07,USD,Wire Transfer,Completed,CHECK142456
PO0004520,V00522,2025-12-01,88.06,USD,ACH,Completed,CHECK446913
PO0004521,V00522,2024-08-10,252.19,USD,Credit Card,Cancelled,CHECK479360
PO0004522,V00522,2023-10-09,1628.17,USD,Credit Card,Completed,CHECK853976
PO0004523,V00522,2023-01-26,24694.14,USD,ACH,Completed,CHECK154256
PO0004524,V00522,2024-12-19,1914.16,USD,Credit Card,Completed,CHECK505528
PO0004525,V00522,2023-07-24,351.4,USD,Credit Card,Completed,CHECK666003
PO0004526,V00060,2024-05-23,943.52,USD,Check,Completed,CHECK109086
PO0004527,V00060,2024-01-06,139.58,USD,Wire Transfer,Pending,CHECK586244
PO0004528,V00060,2024-07-25,104.49,USD,ACH,Pending,CHECK996020
PO0004529,V00060,2024-04-22,16559.5,USD,ACH,Completed,CHECK362086
PO0004530,V00060,2025-11-16,3079.13,USD,Wire Transfer,Completed,CHECK909089
PO0004531,V00060,2023-08-23,363.35,USD,Check,Completed,CHECK214524
PO0004532,V00060,2024-02-20,734.05,USD,Credit Card,Completed,CHECK138091
PO0004533,V00060,2024-07-24,12.88,USD,ACH,Completed,CHECK616511
PO0004534,V00060,2023-09-11,33.42,USD,Credit Card,Completed,CHECK310267
PO0004535,V00060,2025-05-23,638.04,USD,Check,Pending,CHECK614475
PO0004536,V00060,2023-06-13,525.17,USD,ACH,Completed,CHECK285867
PO0004537,V00060,2025-01-22,1.48,USD,Wire Transfer,Completed,CHECK710118
PO0004538,V00060,2024-05-11,2707.42,USD,Wire Transfer,Completed,CHECK686631
PO0004539,V00060,2023-08-29,69.69,USD,Check,Completed,CHECK359481
PO0004540,V00060,2023-05-10,677.44,USD,Credit Card,Pending,CHECK842160
PO0004541,V00060,2023-12-23,121.98,USD,Credit Card,Completed,CHECK550698
PO0004542,V00060,2024-07-18,1085.69,USD,Wire Transfer,Pending,CHECK462130
PO0004543,V00296,2024-02-15,90.17,USD,Wire Transfer,Cancelled,CHECK118969
PO0004544,V00296,2023-07-14,1214.56,USD,Wire Transfer,Completed,CHECK442256
PO0004545,V00296,2023-03-16,428.0,USD,Credit Card,Cancelled,CHECK266248
PO0004546,V00296,2023-11-27,455.18,USD,Credit Card,Completed,CHECK346267
PO0004547,V00296,2024-04-16,107.66,USD,Credit Card,Completed,CHECK897059
PO0004548,V00296,2023-06-16,233.0,USD,ACH,Cancelled,CHECK115177
PO0004549,V00296,2025-02-12,124.01,USD,Credit Card,Cancelled,CHECK943844
PO0004550,V00296,2023-01-06,131.32,USD,ACH,Cancelled,CHECK771970
PO0004551,V00296,2024-05-28,13.23,USD,Check,Completed,CHECK181180
PO0004552,V00296,2025-10-11,394.68,USD,ACH,Completed,CHECK361759
PO0004553,V00296,2024-08-09,17.83,USD,Check,Pending,CHECK412435
PO0004554,V00296,2023-12-15,39.49,USD,ACH,Completed,CHECK901339
PO0004555,V00296,2023-03-23,5704.43,USD,Wire Transfer,Cancelled,CHECK502078
PO0004556,V00296,2024-09-14,130.77,USD,Check,Pending,CHECK476082
PO0004557,V00296,2023-06-28,44.94,USD,ACH,Completed,CHECK547601
PO0004558,V00296,2024-04-21,5857.08,USD,Wire Transfer,Cancelled,CHECK263353
PO0004559,V00296,2025-09-03,225.84,USD,Credit Card,Completed,CHECK589710
PO0004560,V00296,2023-10-22,147.08,USD,Credit Card,Pending,CHECK287980
PO0004561,V00296,2024-08-04,148.72,USD,ACH,Completed,CHECK177596
PO0004562,V00296,2024-10-19,349.61,USD,Check,Cancelled,CHECK844277
PO0004563,V00296,2023-06-25,5295.36,USD,Wire Transfer,Completed,CHECK202193
PO0004564,V00296,2023-01-13,218.12,USD,Wire Transfer,Completed,CHECK524480
PO0004565,V00296,2024-04-02,129.01,USD,Credit Card,Completed,CHECK809608
PO0004566,V00296,2025-12-05,512.42,USD,ACH,Completed,CHECK706418
PO0004567,V00296,2024-02-27,192.19,USD,Check,Completed,CHECK437830
PO0004568,V00296,2024-06-23,1896.77,USD,Check,Completed,CHECK424725
PO0004569,V00296,2024-09-03,181.42,USD,Credit Card,Completed,CHECK689785
PO0004570,V00238,2025-11-17,168.49,USD,Wire Transfer,Completed,CHECK530093
PO0004571,V00238,2025-01-20,4388.27,USD,Credit Card,Completed,CHECK139874
PO0004572,V00238,2023-08-21,346.39,USD,ACH,Completed,CHECK990020
PO0004573,V00238,2023-12-17,470.31,USD,Wire Transfer,Completed,CHECK453585
PO0004574,V00238,2025-01-08,12705.25,USD,Check,Cancelled,CHECK686007
PO0004575,V00238,2023-06-25,10.42,USD,Check,Cancelled,CHECK117551
PO0004576,V00238,2024-02-04,1428.33,USD,Credit Card,Completed,CHECK878315
PO0004577,V00238,2025-11-19,17031.74,USD,ACH,Completed,CHECK870898
PO0004578,V00238,2024-12-16,127.87,USD,Credit Card,Completed,CHECK418546
PO0004579,V00238,2025-09-30,1959.62,USD,Wire Transfer,Completed,CHECK495780
PO0004580,V00238,2023-03-03,2154.83,USD,Check,Completed,CHECK372247
PO0004581,V00238,2023-10-25,7541.42,USD,Check,Completed,CHECK815691
PO0004582,V00238,2023-01-26,20.28,USD,Wire Transfer,Completed,CHECK621303
PO0004583,V00238,2024-04-13,464.36,USD,Wire Transfer,Completed,CHECK313361
PO0004584,V00321,2025-07-30,208.46,USD,ACH,Pending,CHECK715122
PO0004585,V00321,2024-03-26,83.55,USD,Credit Card,Completed,CHECK887959
PO0004586,V00321,2024-04-13,257.69,USD,Credit Card,Completed,CHECK989215
PO0004587,V00321,2025-10-01,16.46,USD,Wire Transfer,Pending,CHECK526846
PO0004588,V00321,2025-04-05,91.13,USD,Check,Completed,CHECK293936
PO0004589,V00321,2024-10-09,170.45,USD,Wire Transfer,Pending,CHECK576939
PO0004590,V00321,2025-10-26,182.86,USD,Credit Card,Cancelled,CHECK321631
PO0004591,V00321,2025-01-23,57641.13,USD,Check,Cancelled,CHECK624644
PO0004592,V00321,2024-09-14,10329.8,USD,Wire Transfer,Pending,CHECK603282
PO0004593,V00321,2024-07-27,2798.1,USD,Check,Completed,CHECK840491
PO0004594,V00321,2023-10-02,1331.96,USD,Credit Card,Completed,CHECK161453
PO0004595,V00321,2023-04-24,5.46,USD,ACH,Completed,CHECK311602
PO0004596,V00321,2025-09-20,69.29,USD,Check,Completed,CHECK633143
PO0004597,V00321,2023-10-10,73.88,USD,ACH,Pending,CHECK526005
PO0004598,V00321,2024-08-05,4580.59,USD,Check,Cancelled,CHECK523233
PO0004599,V00321,2023-01-22,197.28,USD,Credit Card,Completed,CHECK632952
PO0004600,V00321,2024-04-01,257.51,USD,Credit Card,Cancelled,CHECK715362
PO0004601,V00321,2024-12-24,18.68,USD,Credit Card,Completed,CHECK872938
PO0004602,V00321,2024-01-14,577.39,USD,Check,Completed,CHECK335353
PO0004603,V00321,2024-04-06,375.78,USD,Wire Transfer,Pending,CHECK994272
PO0004604,V00321,2023-04-29,188.18,USD,Check,Completed,CHECK336301
PO0004605,V00185,2023-11-01,12.31,USD,Credit Card,Completed,CHECK407259
PO0004606,V00185,2024-11-17,117.63,USD,Check,Completed,CHECK788685
PO0004607,V00185,2023-12-29,210.98,USD,ACH,Completed,CHECK370534
PO0004608,V00185,2023-06-18,62.45,USD,Check,Completed,CHECK812635
PO0004609,V00185,2025-07-02,211.83,USD,ACH,Cancelled,CHECK440027
PO0004610,V00185,2023-09-13,1294.41,USD,Wire Transfer,Cancelled,CHECK498386
PO0004611,V00185,2024-06-14,2174.95,USD,Check,Completed,CHECK329915
PO0004612,V00185,2025-05-16,498.37,USD,Credit Card,Completed,CHECK737899
PO0004613,V00185,2024-11-13,140.44,USD,Check,Completed,CHECK264810
PO0004614,V00185,2024-10-06,9.96,USD,ACH,Pending,CHECK343034
PO0004615,V00064,2025-03-29,265.69,USD,ACH,Completed,CHECK142096
PO0004616,V00064,2025-01-02,7191.04,USD,ACH,Cancelled,CHECK925699
PO0004617,V00064,2023-08-06,2.22,USD,Wire Transfer,Pending,CHECK486467
PO0004618,V00064,2024-10-06,30.32,USD,Check,Pending,CHECK597862
PO0004619,V00064,2024-06-16,1296.54,USD,Wire Transfer,Completed,CHECK567655
PO0004620,V00064,2024-02-05,355.31,USD,Wire Transfer,Pending,CHECK942054
PO0004621,V00064,2025-04-13,23.12,USD,Wire Transfer,Completed,CHECK349821
PO0004622,V00064,2023-03-31,242.08,USD,Credit Card,Completed,CHECK760345
PO0004623,V00064,2024-12-23,146.17,USD,Credit Card,Pending,CHECK171105
PO0004624,V00064,2024-07-12,333.51,USD,Wire Transfer,Completed,CHECK650296
PO0004625,V00064,2024-04-12,2678.22,USD,Check,Completed,CHECK792247
PO0004626,V00403,2025-03-31,169.13,USD,Wire Transfer,Completed,CHECK239522
PO0004627,V00403,2023-03-03,29756.14,USD,Check,Cancelled,CHECK129282
PO0004628,V00403,2023-04-25,1140.53,USD,Credit Card,Pending,CHECK758747
PO0004629,V00403,2025-11-07,54496.32,USD,Check,Completed,CHECK557255
PO0004630,V00403,2024-06-29,17905.7,USD,Credit Card,Pending,CHECK414225
PO0004631,V00403,2024-02-04,23.11,USD,Check,Completed,CHECK461947
PO0004632,V00403,2023-12-26,70.64,USD,Credit Card,Cancelled,CHECK766744
PO0004633,V00403,2024-03-09,99.93,USD,Credit Card,Cancelled,CHECK584084
PO0004634,V00403,2024-08-22,85.95,USD,ACH,Completed,CHECK785999
PO0004635,V00403,2025-04-01,75.48,USD,Wire Transfer,Completed,CHECK677769
PO0004636,V00403,2024-04-14,25907.57,USD,Credit Card,Completed,CHECK606240
PO0004637,V00403,2023-07-09,1743.5,USD,ACH,Completed,CHECK354606
PO0004638,V00403,2025-03-28,54.1,USD,ACH,Pending,CHECK613344
PO0004639,V00403,2023-03-24,5246.32,USD,ACH,Completed,CHECK483041
PO0004640,V00403,2025-01-23,2586.74,USD,Credit Card,Pending,CHECK315545
PO0004641,V00403,2023-03-16,17.17,USD,Credit Card,Completed,CHECK618240
PO0004642,V00403,2025-06-15,1739.26,USD,Check,Completed,CHECK553455
PO0004643,V00403,2024-02-04,321.95,USD,Credit Card,Completed,CHECK811625
PO0004644,V00403,2023-02-04,233.94,USD,Check,Cancelled,CHECK920714
PO0004645,V00403,2023-08-11,813.7,USD,ACH,Cancelled,CHECK431638
PO0004646,V00403,2024-06-30,19.75,USD,Wire Transfer,Cancelled,CHECK937358
PO0004647,V00403,2025-11-07,1413.23,USD,ACH,Completed,CHECK840311
PO0004648,V00403,2025-11-24,178.77,USD,ACH,Pending,CHECK865120
PO0004649,V00403,2024-02-11,18327.8,USD,ACH,Pending,CHECK371170
PO0004650,V00403,2025-11-12,2303.14,USD,Wire Transfer,Pending,CHECK177613
PO0004651,V00403,2024-11-04,41.03,USD,Credit Card,Pending,CHECK524379
PO0004652,V00403,2023-12-14,218.31,USD,Check,Completed,CHECK575783
PO0004653,V00065,2023-11-25,1074.0,USD,Wire Transfer,Completed,CHECK331121
PO0004654,V00065,2023-06-28,214.44,USD,Credit Card,Completed,CHECK697740
PO0004655,V00065,2025-08-19,261.02,USD,Wire Transfer,Completed,CHECK595360
PO0004656,V00065,2025-06-18,251.79,USD,Check,Cancelled,CHECK202545
PO0004657,V00065,2023-08-29,309.11,USD,ACH,Completed,CHECK110399
PO0004658,V00065,2023-12-29,10.76,USD,Check,Completed,CHECK150220
PO0004659,V00065,2025-12-19,5071.4,USD,Wire Transfer,Completed,CHECK505188
PO0004660,V00065,2025-04-23,122.16,USD,Check,Completed,CHECK561291
PO0004661,V00065,2024-11-06,66.99,USD,Wire Transfer,Cancelled,CHECK260508
PO0004662,V00065,2023-08-31,749.81,USD,ACH,Cancelled,CHECK725580
PO0004663,V00104,2023-06-05,1206.75,USD,ACH,Pending,CHECK732558
PO0004664,V00180,2024-06-25,172.35,USD,Credit Card,Cancelled,CHECK451611
PO0004665,V00180,2025-04-29,1080.39,USD,ACH,Pending,CHECK238921
PO0004666,V00180,2023-08-28,8497.16,USD,Wire Transfer,Completed,CHECK546246
PO0004667,V00180,2023-06-16,16357.85,USD,Wire Transfer,Pending,CHECK881781
PO0004668,V00462,2024-07-16,7688.5,USD,Credit Card,Completed,CHECK998972
PO0004669,V00462,2025-11-01,33062.98,USD,ACH,Completed,CHECK937899
PO0004670,V00462,2023-05-26,5917.82,USD,Wire Transfer,Completed,CHECK114027
PO0004671,V00462,2025-02-25,2088.72,USD,ACH,Completed,CHECK156080
PO0004672,V00462,2023-10-10,1417.29,USD,Credit Card,Completed,CHECK345219
PO0004673,V00462,2025-03-15,45.94,USD,Credit Card,Completed,CHECK999840
PO0004674,V00462,2025-04-06,13845.19,USD,Credit Card,Completed,CHECK487466
PO0004675,V00462,2023-04-15,897.42,USD,Credit Card,Completed,CHECK300862
PO0004676,V00462,2025-02-20,6655.25,USD,Wire Transfer,Completed,CHECK630844
PO0004677,V00462,2024-01-18,5654.66,USD,Check,Pending,CHECK762270
PO0004678,V00462,2023-07-20,3473.28,USD,Credit Card,Cancelled,CHECK573826
PO0004679,V00462,2025-05-29,35.44,USD,Check,Completed,CHECK460553
PO0004680,V00462,2025-03-03,330.6,USD,Check,Completed,CHECK754539
PO0004681,V00462,2025-04-22,5.16,USD,Credit Card,Completed,CHECK903152
PO0004682,V00462,2025-04-08,774.81,USD,Wire Transfer,Completed,CHECK709164
PO0004683,V00462,2023-11-14,31.46,USD,Wire Transfer,Completed,CHECK532008
PO0004684,V00462,2025-11-27,223.68,USD,Credit Card,Cancelled,CHECK533564
PO0004685,V00462,2025-12-19,1264.55,USD,ACH,Completed,CHECK714077
PO0004686,V00236,2025-05-27,62802.75,USD,Wire Transfer,Completed,CHECK220362
PO0004687,V00236,2023-10-31,133.25,USD,Credit Card,Completed,CHECK199529
PO0004688,V00236,2024-09-05,759.79,USD,Wire Transfer,Pending,CHECK846281
PO0004689,V00236,2024-08-31,103.91,USD,Wire Transfer,Pending,CHECK142018
PO0004690,V00236,2023-05-05,226.01,USD,ACH,Completed,CHECK621699
PO0004691,V00236,2023-08-30,1890.14,USD,ACH,Completed,CHECK433775
PO0004692,V00236,2024-03-19,3408.2,USD,ACH,Completed,CHECK124901
PO0004693,V00448,2023-10-03,311.76,USD,Check,Completed,CHECK147443
PO0004694,V00448,2023-07-18,2990.81,USD,Wire Transfer,Completed,CHECK200682
PO0004695,V00059,2023-06-11,3357.94,USD,Check,Completed,CHECK969410
PO0004696,V00059,2025-07-29,624.5,USD,Check,Cancelled,CHECK615325
PO0004697,V00059,2025-06-16,894.63,USD,Credit Card,Cancelled,CHECK705995
PO0004698,V00059,2025-07-03,270.07,USD,Check,Completed,CHECK517128
PO0004699,V00059,2025-03-26,18.16,USD,Check,Completed,CHECK577065
PO0004700,V00059,2024-12-15,1902.62,USD,Credit Card,Cancelled,CHECK627587
PO0004701,V00059,2023-07-23,426.87,USD,Credit Card,Completed,CHECK231504
PO0004702,V00059,2023-09-24,1148.63,USD,Wire Transfer,Completed,CHECK195879
PO0004703,V00022,2025-08-19,465.99,USD,ACH,Completed,CHECK667169
PO0004704,V00022,2024-04-12,493.91,USD,ACH,Completed,CHECK826091
PO0004705,V00127,2024-05-17,556.33,USD,Check,Cancelled,CHECK408292
PO0004706,V00127,2024-04-14,125.54,USD,ACH,Pending,CHECK555769
PO0004707,V00127,2024-04-01,661.76,USD,Credit Card,Cancelled,CHECK260319
PO0004708,V00127,2025-06-08,93.63,USD,Credit Card,Completed,CHECK698785
PO0004709,V00127,2023-12-19,15.14,USD,Wire Transfer,Completed,CHECK196183
PO0004710,V00127,2024-05-09,78.67,USD,Credit Card,Completed,CHECK506460
PO0004711,V00433,2024-04-03,1655.77,USD,ACH,Cancelled,CHECK884155
PO0004712,V00433,2024-03-14,294.1,USD,Wire Transfer,Completed,CHECK963464
PO0004713,V00433,2025-07-15,6.67,USD,Check,Completed,CHECK198948
PO0004714,V00433,2025-04-10,38120.49,USD,Check,Completed,CHECK187846
PO0004715,V00433,2025-10-07,1356.58,USD,Wire Transfer,Completed,CHECK285040
PO0004716,V00433,2023-09-28,3238.41,USD,Check,Completed,CHECK590136
PO0004717,V00433,2024-02-04,50.64,USD,Check,Cancelled,CHECK650361
PO0004718,V00433,2024-05-20,1100.27,USD,ACH,Pending,CHECK638022
PO0004719,V00433,2023-10-11,148.23,USD,ACH,Completed,CHECK217408
PO0004720,V00433,2023-03-23,2031.38,USD,Wire Transfer,Pending,CHECK792439
PO0004721,V00433,2024-11-14,15.01,USD,Credit Card,Completed,CHECK584608
PO0004722,V00433,2024-01-06,2317.72,USD,Check,Cancelled,CHECK782057
PO0004723,V00433,2025-09-18,107.63,USD,ACH,Completed,CHECK640011
PO0004724,V00433,2025-06-21,5.83,USD,Credit Card,Pending,CHECK249756
PO0004725,V00433,2025-10-12,523.17,USD,Credit Card,Cancelled,CHECK439744
PO0004726,V00433,2024-07-17,15.82,USD,ACH,Completed,CHECK471084
PO0004727,V00433,2023-04-14,19231.87,USD,Credit Card,Pending,CHECK779731
PO0004728,V00433,2023-06-02,85.94,USD,Credit Card,Cancelled,CHECK143995
PO0004729,V00433,2025-02-17,1780.85,USD,Credit Card,Cancelled,CHECK721680
PO0004730,V00433,2025-12-23,218.27,USD,ACH,Completed,CHECK688831
PO0004731,V00433,2024-08-14,132.02,USD,ACH,Cancelled,CHECK158211
PO0004732,V00433,2023-09-22,460.25,USD,Check,Completed,CHECK335834
PO0004733,V00433,2023-01-11,245.85,USD,Credit Card,Cancelled,CHECK359806
PO0004734,V00433,2025-10-18,10584.6,USD,Wire Transfer,Completed,CHECK108226
PO0004735,V00433,2025-06-29,104.05,USD,ACH,Pending,CHECK466721
PO0004736,V00221,2024-09-17,1070.66,USD,Credit Card,Completed,CHECK137567
PO0004737,V00221,2023-02-23,29.72,USD,Check,Completed,CHECK816298
PO0004738,V00221,2024-07-11,1847.34,USD,Credit Card,Completed,CHECK806865
PO0004739,V00221,2023-09-15,18.53,USD,Credit Card,Pending,CHECK440848
PO0004740,V00221,2024-06-20,54.53,USD,ACH,Completed,CHECK254669
PO0004741,V00221,2023-09-24,118.6,USD,Wire Transfer,Pending,CHECK507475
PO0004742,V00221,2024-09-03,514.88,USD,ACH,Cancelled,CHECK581156
PO0004743,V00221,2025-07-09,741.53,USD,ACH,Pending,CHECK304038
PO0004744,V00221,2024-06-03,61.87,USD,Wire Transfer,Completed,CHECK904775
PO0004745,V00221,2024-02-21,2641.81,USD,Credit Card,Completed,CHECK575318
PO0004746,V00221,2025-03-18,1319.1,USD,Check,Pending,CHECK684320
PO0004747,V00221,2024-07-07,4010.28,USD,Wire Transfer,Pending,CHECK309111
PO0004748,V00221,2025-12-03,268.34,USD,Wire Transfer,Completed,CHECK182431
PO0004749,V00221,2025-01-30,4505.29,USD,ACH,Completed,CHECK453555
PO0004750,V00221,2024-03-08,14.88,USD,Check,Pending,CHECK590394
PO0004751,V00221,2023-09-02,25.51,USD,Credit Card,Completed,CHECK173347
PO0004752,V00221,2025-07-04,45.02,USD,Credit Card,Completed,CHECK954542
PO0004753,V00221,2024-03-10,1691.24,USD,Check,Pending,CHECK295547
PO0004754,V00221,2025-11-24,115.4,USD,Check,Completed,CHECK754309
PO0004755,V00221,2023-12-27,2251.66,USD,Check,Cancelled,CHECK461571
PO0004756,V00221,2025-11-07,3203.4,USD,Credit Card,Cancelled,CHECK563851
PO0004757,V00221,2025-03-15,150.8,USD,ACH,Cancelled,CHECK502291
PO0004758,V00221,2025-09-28,905.26,USD,ACH,Cancelled,CHECK998856
PO0004759,V00221,2023-11-17,139.65,USD,ACH,Cancelled,CHECK503109
PO0004760,V00221,2023-10-18,24126.16,USD,Check,Completed,CHECK281804
PO0004761,V00221,2024-07-28,196.95,USD,Wire Transfer,Completed,CHECK520542
PO0004762,V00073,2025-05-23,676.47,USD,Credit Card,Cancelled,CHECK826064
PO0004763,V00073,2023-03-27,169.08,USD,ACH,Completed,CHECK855035
PO0004764,V00073,2024-11-14,563.94,USD,Check,Completed,CHECK335296
PO0004765,V00308,2025-05-28,1377.4,USD,Wire Transfer,Completed,CHECK539273
PO0004766,V00308,2023-01-13,471.12,USD,Wire Transfer,Cancelled,CHECK738495
PO0004767,V00308,2023-04-08,39.68,USD,Credit Card,Completed,CHECK572853
PO0004768,V00308,2024-08-13,9875.03,USD,Credit Card,Completed,CHECK698068
PO0004769,V00308,2024-06-06,143.36,USD,Wire Transfer,Completed,CHECK235771
PO0004770,V00308,2023-08-03,64.31,USD,Check,Completed,CHECK457229
PO0004771,V00308,2024-11-11,20288.14,USD,Wire Transfer,Cancelled,CHECK920299
PO0004772,V00308,2024-05-10,537.9,USD,Check,Pending,CHECK280966
PO0004773,V00308,2025-10-12,66.59,USD,Credit Card,Pending,CHECK325907
PO0004774,V00308,2023-08-02,899.09,USD,Wire Transfer,Completed,CHECK546823
PO0004775,V00308,2023-01-20,272.47,USD,Wire Transfer,Cancelled,CHECK257031
PO0004776,V00308,2025-03-09,1586.24,USD,Wire Transfer,Pending,CHECK557682
PO0004777,V00308,2025-11-10,39.29,USD,Credit Card,Cancelled,CHECK700013
PO0004778,V00308,2023-11-09,25910.04,USD,Check,Cancelled,CHECK616768
PO0004779,V00308,2023-01-26,881.78,USD,ACH,Completed,CHECK692185
PO0004780,V00308,2024-04-11,1531.64,USD,Wire Transfer,Pending,CHECK469341
PO0004781,V00308,2025-04-28,464.7,USD,Credit Card,Pending,CHECK242741
PO0004782,V00308,2023-04-01,3.89,USD,Credit Card,Completed,CHECK890811
PO0004783,V00308,2024-08-04,547.4,USD,ACH,Cancelled,CHECK478646
PO0004784,V00308,2023-08-28,43461.6,USD,Credit Card,Cancelled,CHECK139652
PO0004785,V00308,2024-04-08,134.25,USD,ACH,Completed,CHECK993131
PO0004786,V00308,2024-07-01,3136.64,USD,ACH,Cancelled,CHECK972975
PO0004787,V00308,2023-08-28,11.1,USD,Check,Completed,CHECK464295
PO0004788,V00308,2025-03-03,22027.59,USD,Credit Card,Completed,CHECK186583
PO0004789,V00308,2024-09-07,165.8,USD,Credit Card,Completed,CHECK675259
PO0004790,V00308,2025-06-09,7.65,USD,Credit Card,Cancelled,CHECK494028
PO0004791,V00308,2023-01-02,2512.27,USD,Check,Completed,CHECK383720
PO0004792,V00308,2024-04-13,10.48,USD,ACH,Pending,CHECK638410
PO0004793,V00308,2023-04-10,8734.78,USD,Check,Completed,CHECK967725
PO0004794,V00308,2024-10-28,1098.06,USD,ACH,Completed,CHECK269765
PO0004795,V00348,2023-06-06,4391.87,USD,ACH,Cancelled,CHECK757865
PO0004796,V00348,2023-05-25,610.49,USD,Check,Completed,CHECK229596
PO0004797,V00348,2025-05-20,457.35,USD,ACH,Cancelled,CHECK951761
PO0004798,V00348,2023-01-08,1632.48,USD,Wire Transfer,Completed,CHECK166462
PO0004799,V00348,2025-12-04,1248.4,USD,Credit Card,Completed,CHECK902521
PO0004800,V00348,2023-02-28,1570.02,USD,ACH,Cancelled,CHECK513275
PO0004801,V00348,2024-02-07,4152.01,USD,Wire Transfer,Pending,CHECK951497
PO0004802,V00348,2025-07-26,769.77,USD,Check,Cancelled,CHECK175962
PO0004803,V00348,2025-05-28,563.05,USD,Credit Card,Completed,CHECK153665
PO0004804,V00348,2025-07-11,5352.56,USD,Wire Transfer,Pending,CHECK562954
PO0004805,V00348,2023-04-05,6347.22,USD,Check,Cancelled,CHECK649868
PO0004806,V00348,2024-07-02,58.4,USD,Credit Card,Pending,CHECK154709
PO0004807,V00348,2025-08-07,19.82,USD,ACH,Completed,CHECK913368
PO0004808,V00348,2023-08-03,2729.9,USD,ACH,Pending,CHECK276574
PO0004809,V00348,2023-03-29,639.64,USD,ACH,Completed,CHECK355271
PO0004810,V00348,2025-05-28,1592.46,USD,ACH,Completed,CHECK803426
PO0004811,V00348,2023-09-23,6077.14,USD,Check,Completed,CHECK698093
PO0004812,V00348,2023-07-09,666.06,USD,Check,Cancelled,CHECK512128
PO0004813,V00348,2024-07-17,9347.74,USD,Wire Transfer,Completed,CHECK581952
PO0004814,V00348,2025-05-31,243.32,USD,Wire Transfer,Completed,CHECK183387
PO0004815,V00348,2025-09-18,126.9,USD,Credit Card,Completed,CHECK941781
PO0004816,V00348,2023-04-27,171.25,USD,Check,Completed,CHECK366273
PO0004817,V00348,2023-03-06,440.91,USD,ACH,Completed,CHECK595319
PO0004818,V00348,2025-10-23,1231.73,USD,ACH,Completed,CHECK998383
PO0004819,V00295,2023-07-25,819.48,USD,Check,Cancelled,CHECK696058
PO0004820,V00295,2024-08-03,451.33,USD,Credit Card,Completed,CHECK326041
PO0004821,V00295,2024-12-03,295.84,USD,Check,Completed,CHECK777697
PO0004822,V00295,2025-05-25,46.47,USD,Credit Card,Pending,CHECK307572
PO0004823,V00295,2023-12-07,1255.14,USD,Check,Completed,CHECK200947
PO0004824,V00295,2023-06-25,566.5,USD,ACH,Completed,CHECK790525
PO0004825,V00295,2023-04-16,301.87,USD,Check,Completed,CHECK796178
PO0004826,V00295,2024-07-08,246.37,USD,Check,Pending,CHECK434917
PO0004827,V00082,2025-04-15,1083.13,USD,Check,Completed,CHECK281134
PO0004828,V00082,2025-06-18,302.55,USD,Check,Completed,CHECK902579
PO0004829,V00082,2024-12-22,282.19,USD,Wire Transfer,Completed,CHECK755850
PO0004830,V00082,2024-02-26,52.67,USD,Check,Completed,CHECK903956
PO0004831,V00082,2023-05-02,5245.79,USD,Credit Card,Pending,CHECK102781
PO0004832,V00082,2025-06-09,41.46,USD,ACH,Cancelled,CHECK947447
PO0004833,V00082,2023-01-17,1274.04,USD,Check,Cancelled,CHECK145274
PO0004834,V00082,2023-09-25,347.99,USD,Credit Card,Pending,CHECK792227
PO0004835,V00082,2023-02-02,204.74,USD,Check,Completed,CHECK610131
PO0004836,V00082,2023-11-27,59.92,USD,Credit Card,Cancelled,CHECK905827
PO0004837,V00082,2024-04-15,96.68,USD,ACH,Pending,CHECK238126
PO0004838,V00082,2023-12-16,48709.95,USD,Credit Card,Pending,CHECK776299
PO0004839,V00082,2023-11-30,74.58,USD,Wire Transfer,Completed,CHECK400792
PO0004840,V00082,2024-05-05,15015.93,USD,ACH,Completed,CHECK448725
PO0004841,V00082,2023-05-08,137.34,USD,Credit Card,Pending,CHECK571769
PO0004842,V00082,2024-06-22,821.58,USD,ACH,Completed,CHECK833179
PO0004843,V00082,2024-11-15,560.71,USD,ACH,Cancelled,CHECK189520
PO0004844,V00082,2024-07-15,317.04,USD,Credit Card,Pending,CHECK297405
PO0004845,V00082,2023-12-06,2223.54,USD,Wire Transfer,Completed,CHECK599915
PO0004846,V00082,2024-12-22,669.93,USD,ACH,Pending,CHECK825257
PO0004847,V00082,2023-12-22,468.86,USD,Check,Completed,CHECK747387
PO0004848,V00082,2024-10-30,1138.44,USD,ACH,Pending,CHECK368455
PO0004849,V00082,2025-03-05,35361.3,USD,ACH,Completed,CHECK563394
PO0004850,V00082,2025-11-22,683.78,USD,Credit Card,Pending,CHECK771406
PO0004851,V00082,2023-11-07,366.63,USD,Wire Transfer,Completed,CHECK296661
PO0004852,V00082,2025-12-20,166.83,USD,Credit Card,Completed,CHECK833246
PO0004853,V00082,2023-09-19,1081.93,USD,Credit Card,Completed,CHECK252818
PO0004854,V00082,2023-02-17,36.16,USD,Credit Card,Pending,CHECK272270
PO0004855,V00082,2025-04-07,6647.48,USD,Wire Transfer,Completed,CHECK806051
PO0004856,V00082,2024-09-07,41.48,USD,Wire Transfer,Completed,CHECK425468
PO0004857,V00135,2024-12-02,47418.74,USD,Wire Transfer,Pending,CHECK535550
PO0004858,V00135,2024-01-22,60.82,USD,Credit Card,Completed,CHECK680649
PO0004859,V00426,2023-12-28,523.67,USD,ACH,Cancelled,CHECK879052
PO0004860,V00426,2023-11-01,98.44,USD,Credit Card,Completed,CHECK427500
PO0004861,V00426,2024-07-08,37.88,USD,Check,Pending,CHECK202467
PO0004862,V00426,2025-06-30,2160.76,USD,Check,Cancelled,CHECK878344
PO0004863,V00426,2023-12-23,2340.6,USD,Credit Card,Completed,CHECK961980
PO0004864,V00426,2024-08-12,665.33,USD,Credit Card,Completed,CHECK639221
PO0004865,V00426,2024-11-01,32.14,USD,ACH,Completed,CHECK205902
PO0004866,V00426,2023-06-06,12.46,USD,Check,Completed,CHECK362234
PO0004867,V00426,2025-07-13,3.43,USD,ACH,Cancelled,CHECK270325
PO0004868,V00426,2024-05-12,189.81,USD,Credit Card,Cancelled,CHECK377528
PO0004869,V00426,2025-03-18,502.86,USD,Credit Card,Cancelled,CHECK119813
PO0004870,V00016,2025-04-11,1136.37,USD,Wire Transfer,Completed,CHECK276703
PO0004871,V00016,2025-08-09,62.86,USD,Check,Completed,CHECK769180
PO0004872,V00016,2023-12-25,1556.12,USD,Wire Transfer,Cancelled,CHECK769776
PO0004873,V00016,2024-10-11,5393.9,USD,Wire Transfer,Cancelled,CHECK167784
PO0004874,V00016,2023-06-14,156.76,USD,ACH,Completed,CHECK607168
PO0004875,V00016,2025-01-15,9018.12,USD,Wire Transfer,Cancelled,CHECK178873
PO0004876,V00016,2025-12-30,3984.42,USD,Credit Card,Completed,CHECK527768
PO0004877,V00016,2025-10-05,928.3,USD,Credit Card,Pending,CHECK301091
PO0004878,V00016,2025-06-25,2261.66,USD,ACH,Cancelled,CHECK897223
PO0004879,V00016,2025-03-12,12165.16,USD,Check,Pending,CHECK345720
PO0004880,V00016,2025-01-27,466.13,USD,ACH,Completed,CHECK446174
PO0004881,V00016,2023-11-20,2.08,USD,Wire Transfer,Completed,CHECK874439
PO0004882,V00016,2025-03-09,64.33,USD,Check,Completed,CHECK393979
PO0004883,V00016,2023-08-23,1033.16,USD,Credit Card,Completed,CHECK840575
PO0004884,V00016,2024-07-08,5671.07,USD,ACH,Pending,CHECK416281
PO0004885,V00016,2024-03-31,32744.23,USD,Wire Transfer,Completed,CHECK661621
PO0004886,V00016,2023-09-05,1162.32,USD,ACH,Pending,CHECK737424
PO0004887,V00016,2023-10-24,641.57,USD,Credit Card,Pending,CHECK313924
PO0004888,V00016,2023-01-10,5691.06,USD,Wire Transfer,Cancelled,CHECK809369
PO0004889,V00016,2023-10-29,23.56,USD,Check,Completed,CHECK474885
PO0004890,V00016,2024-04-06,842.21,USD,Credit Card,Pending,CHECK296083
PO0004891,V00016,2023-08-19,399.59,USD,Check,Completed,CHECK615168
PO0004892,V00016,2024-09-23,96.71,USD,ACH,Cancelled,CHECK562757
PO0004893,V00016,2025-08-17,463.48,USD,Wire Transfer,Completed,CHECK184214
PO0004894,V00016,2023-04-19,4114.43,USD,Credit Card,Completed,CHECK234568
PO0004895,V00016,2023-07-09,42.7,USD,ACH,Completed,CHECK679667
PO0004896,V00192,2024-01-27,115.24,USD,Check,Pending,CHECK743885
PO0004897,V00192,2025-02-08,199.51,USD,Check,Pending,CHECK808881
PO0004898,V00192,2025-01-10,11927.41,USD,Check,Pending,CHECK484072
PO0004899,V00192,2024-09-01,198.38,USD,Check,Cancelled,CHECK434396
PO0004900,V00192,2023-11-04,183.32,USD,Check,Cancelled,CHECK689727
PO0004901,V00192,2025-09-08,61.33,USD,Wire Transfer,Completed,CHECK408498
PO0004902,V00192,2023-11-10,274.11,USD,Credit Card,Completed,CHECK171103
PO0004903,V00192,2025-10-15,157.21,USD,Check,Completed,CHECK376198
PO0004904,V00192,2025-01-21,28249.77,USD,ACH,Completed,CHECK366195
PO0004905,V00192,2024-05-07,2698.98,USD,ACH,Pending,CHECK493839
PO0004906,V00192,2025-02-23,2145.47,USD,ACH,Completed,CHECK116802
PO0004907,V00192,2024-06-14,17.44,USD,Check,Completed,CHECK965097
PO0004908,V00192,2024-08-27,31.15,USD,Wire Transfer,Cancelled,CHECK888497
PO0004909,V00192,2023-05-03,641.94,USD,Credit Card,Pending,CHECK671214
PO0004910,V00192,2024-09-08,2464.3,USD,Check,Completed,CHECK321349
PO0004911,V00192,2025-05-01,9.21,USD,Wire Transfer,Completed,CHECK822509
PO0004912,V00192,2025-10-04,794.81,USD,Credit Card,Completed,CHECK200593
PO0004913,V00192,2023-12-28,11915.68,USD,Credit Card,Cancelled,CHECK868742
PO0004914,V00192,2023-04-23,182.95,USD,Check,Completed,CHECK396138
PO0004915,V00192,2025-01-13,192.13,USD,Check,Completed,CHECK877466
PO0004916,V00192,2025-11-03,4088.45,USD,Check,Pending,CHECK989062
PO0004917,V00192,2023-12-09,98.48,USD,Check,Pending,CHECK593831
PO0004918,V00011,2025-02-06,15.99,USD,Check,Pending,CHECK444866
PO0004919,V00011,2025-11-10,368.29,USD,Credit Card,Cancelled,CHECK477598
PO0004920,V00011,2025-05-10,138.2,USD,Credit Card,Cancelled,CHECK366951
PO0004921,V00011,2025-07-22,78.32,USD,ACH,Pending,CHECK563775
PO0004922,V00011,2025-11-09,36.61,USD,Wire Transfer,Cancelled,CHECK127100
PO0004923,V00011,2025-10-21,183.37,USD,Wire Transfer,Completed,CHECK956568
PO0004924,V00011,2023-11-09,55.34,USD,Check,Completed,CHECK972540
PO0004925,V00011,2024-10-07,77.26,USD,Wire Transfer,Cancelled,CHECK611327
PO0004926,V00011,2024-04-12,118.39,USD,ACH,Completed,CHECK704275
PO0004927,V00011,2024-10-27,4046.26,USD,Check,Completed,CHECK387782
PO0004928,V00011,2025-05-15,4.75,USD,Credit Card,Pending,CHECK399645
PO0004929,V00011,2023-09-21,8011.96,USD,Credit Card,Pending,CHECK514671
PO0004930,V00011,2024-06-09,2537.82,USD,Wire Transfer,Completed,CHECK347215
PO0004931,V00011,2025-06-11,19102.31,USD,ACH,Cancelled,CHECK913684
PO0004932,V00011,2023-07-18,226.12,USD,Wire Transfer,Cancelled,CHECK102250
PO0004933,V00011,2023-10-06,2370.25,USD,Wire Transfer,Cancelled,CHECK341956
PO0004934,V00011,2024-05-08,154.29,USD,Wire Transfer,Completed,CHECK769299
PO0004935,V00011,2024-11-12,7000.02,USD,Check,Completed,CHECK344189
PO0004936,V00011,2023-06-11,349.56,USD,Credit Card,Completed,CHECK730326
PO0004937,V00011,2023-08-18,67.39,USD,Check,Completed,CHECK982576
PO0004938,V00411,2025-10-21,110.26,USD,Wire Transfer,Completed,CHECK565707
PO0004939,V00411,2023-04-11,1294.19,USD,Credit Card,Cancelled,CHECK265577
PO0004940,V00411,2023-11-25,16.7,USD,Credit Card,Completed,CHECK484622
PO0004941,V00411,2023-01-17,237.26,USD,ACH,Pending,CHECK745072
PO0004942,V00411,2024-12-07,4.4,USD,Wire Transfer,Completed,CHECK565069
PO0004943,V00411,2023-01-26,1358.94,USD,Credit Card,Completed,CHECK695886
PO0004944,V00411,2025-03-06,5525.69,USD,Wire Transfer,Completed,CHECK694364
PO0004945,V00411,2024-05-03,23.26,USD,Check,Pending,CHECK485486
PO0004946,V00411,2024-06-11,575.66,USD,Check,Pending,CHECK301393
PO0004947,V00411,2024-02-03,1018.04,USD,ACH,Cancelled,CHECK969357
PO0004948,V00411,2025-05-26,191.96,USD,ACH,Pending,CHECK176517
PO0004949,V00411,2023-11-22,53.05,USD,Credit Card,Completed,CHECK751348
PO0004950,V00411,2025-10-02,1202.86,USD,Wire Transfer,Cancelled,CHECK254129
PO0004951,V00411,2023-08-21,1995.68,USD,Wire Transfer,Completed,CHECK235224
PO0004952,V00411,2024-10-25,406.86,USD,Credit Card,Pending,CHECK603314
PO0004953,V00411,2023-11-28,85.99,USD,Wire Transfer,Completed,CHECK797458
PO0004954,V00199,2025-06-20,252.57,USD,ACH,Completed,CHECK671292
PO0004955,V00199,2025-01-05,1282.76,USD,Credit Card,Cancelled,CHECK414250
PO0004956,V00199,2024-02-04,1822.75,USD,Wire Transfer,Cancelled,CHECK447947
PO0004957,V00199,2023-01-16,6709.84,USD,Credit Card,Cancelled,CHECK554418
PO0004958,V00199,2023-03-16,753.67,USD,Credit Card,Completed,CHECK265772
PO0004959,V00199,2023-10-04,69.83,USD,Wire Transfer,Cancelled,CHECK552486
PO0004960,V00199,2023-06-06,33.39,USD,Wire Transfer,Cancelled,CHECK535146
PO0004961,V00199,2025-03-13,120.69,USD,Credit Card,Completed,CHECK181634
PO0004962,V00199,2025-04-06,1471.64,USD,Check,Completed,CHECK784451
PO0004963,V00199,2023-01-12,1119.61,USD,Wire Transfer,Completed,CHECK134590
PO0004964,V00199,2024-09-23,1016.44,USD,Wire Transfer,Pending,CHECK144723
PO0004965,V00199,2024-03-16,18429.95,USD,Wire Transfer,Cancelled,CHECK317655
PO0004966,V00199,2025-06-09,307.6,USD,ACH,Completed,CHECK830880
PO0004967,V00199,2025-09-20,434.75,USD,Credit Card,Cancelled,CHECK436267
PO0004968,V00199,2023-12-28,168.24,USD,Check,Pending,CHECK319690
PO0004969,V00199,2023-03-20,6615.79,USD,ACH,Cancelled,CHECK161342
PO0004970,V00199,2024-02-03,2795.43,USD,Credit Card,Completed,CHECK426126
PO0004971,V00528,2024-12-04,5591.51,USD,Wire Transfer,Completed,CHECK881261
PO0004972,V00528,2025-06-18,19.35,USD,Wire Transfer,Completed,CHECK293881
PO0004973,V00528,2023-05-11,90.01,USD,Check,Completed,CHECK229073
PO0004974,V00528,2023-01-04,7905.03,USD,Credit Card,Completed,CHECK234853
PO0004975,V00528,2025-03-16,1987.48,USD,Credit Card,Completed,CHECK126836
PO0004976,V00528,2024-10-31,5637.36,USD,Check,Pending,CHECK604279
PO0004977,V00528,2024-05-16,330.64,USD,ACH,Pending,CHECK831110
PO0004978,V00528,2023-05-20,1700.89,USD,ACH,Completed,CHECK155301
PO0004979,V00528,2025-06-17,506.23,USD,ACH,Completed,CHECK177232
PO0004980,V00528,2023-12-08,236.15,USD,Credit Card,Completed,CHECK533654
PO0004981,V00528,2024-11-23,68.47,USD,Check,Completed,CHECK868158
PO0004982,V00528,2025-04-14,239.27,USD,Wire Transfer,Pending,CHECK438212
PO0004983,V00528,2024-01-14,1.41,USD,ACH,Cancelled,CHECK473891
PO0004984,V00528,2023-07-20,100.84,USD,Credit Card,Completed,CHECK865270
PO0004985,V00528,2023-09-21,13.18,USD,Check,Completed,CHECK431686
PO0004986,V00528,2023-02-28,106.33,USD,Credit Card,Completed,CHECK516375
PO0004987,V00528,2023-04-04,85.45,USD,Wire Transfer,Completed,CHECK809796
PO0004988,V00528,2024-05-11,963.87,USD,Check,Completed,CHECK977262
PO0004989,V00528,2024-03-22,1781.16,USD,Credit Card,Completed,CHECK786173
PO0004990,V00283,2023-08-28,6102.59,USD,Check,Completed,CHECK173321
PO0004991,V00283,2025-11-06,2932.81,USD,Credit Card,Completed,CHECK351157
PO0004992,V00283,2024-04-14,15.93,USD,ACH,Completed,CHECK196012
PO0004993,V00283,2023-06-20,345.59,USD,Credit Card,Completed,CHECK184625
PO0004994,V00283,2025-03-03,4.97,USD,Check,Completed,CHECK530971
PO0004995,V00283,2025-11-02,3632.24,USD,Wire Transfer,Completed,CHECK231959
PO0004996,V00283,2025-12-25,50.44,USD,Check,Pending,CHECK805704
PO0004997,V00283,2024-03-29,5987.58,USD,Wire Transfer,Pending,CHECK968768
PO0004998,V00283,2023-09-21,203.15,USD,ACH,Pending,CHECK252727
PO0004999,V00283,2024-08-23,897.3,USD,Wire Transfer,Completed,CHECK482786
PO0005000,V00283,2023-03-29,259.1,USD,Check,Completed,CHECK779348
PO0005001,V00283,2024-02-23,3083.9,USD,Wire Transfer,Completed,CHECK884361
PO0005002,V00283,2023-11-07,128.53,USD,Credit Card,Completed,CHECK235409
PO0005003,V00283,2023-05-13,6050.43,USD,Credit Card,Completed,CHECK867911
PO0005004,V00283,2025-10-10,2.1,USD,Check,Completed,CHECK899044
PO0005005,V00042,2025-07-01,487.03,USD,Wire Transfer,Completed,CHECK827081
PO0005006,V00042,2023-07-27,438.51,USD,Check,Completed,CHECK452187
PO0005007,V00042,2023-01-22,107.52,USD,Check,Completed,CHECK303629
PO0005008,V00042,2025-01-07,183.29,USD,ACH,Completed,CHECK565057
PO0005009,V00042,2025-07-06,988.5,USD,Credit Card,Pending,CHECK108937
PO0005010,V00042,2023-02-16,73.28,USD,Wire Transfer,Completed,CHECK361711
PO0005011,V00042,2023-05-18,1523.49,USD,ACH,Completed,CHECK860367
PO0005012,V00042,2023-10-16,29.97,USD,ACH,Cancelled,CHECK611969
PO0005013,V00042,2024-07-18,20.78,USD,Credit Card,Completed,CHECK208338
PO0005014,V00042,2023-07-26,328.1,USD,Check,Completed,CHECK730790
PO0005015,V00050,2024-02-28,82.1,USD,Check,Completed,CHECK876079
PO0005016,V00050,2025-12-02,602.27,USD,Check,Completed,CHECK395697
PO0005017,V00050,2024-01-11,1396.03,USD,ACH,Pending,CHECK949769
PO0005018,V00050,2023-08-17,249.07,USD,Credit Card,Completed,CHECK250218
PO0005019,V00050,2024-09-10,2054.06,USD,Wire Transfer,Completed,CHECK275170
PO0005020,V00050,2024-03-07,19.62,USD,ACH,Pending,CHECK643130
PO0005021,V00050,2023-02-01,11391.37,USD,Credit Card,Completed,CHECK858200
PO0005022,V00050,2023-09-29,17319.37,USD,ACH,Completed,CHECK667865
PO0005023,V00050,2025-05-21,91.1,USD,Wire Transfer,Cancelled,CHECK636146
PO0005024,V00050,2023-09-28,173.29,USD,Wire Transfer,Cancelled,CHECK692484
PO0005025,V00050,2025-03-11,42.2,USD,ACH,Cancelled,CHECK537716
PO0005026,V00050,2025-05-20,44.01,USD,Credit Card,Completed,CHECK304572
PO0005027,V00050,2025-07-16,772.01,USD,ACH,Completed,CHECK966220
PO0005028,V00050,2024-10-10,641.34,USD,Wire Transfer,Cancelled,CHECK762355
PO0005029,V00050,2024-05-30,177.7,USD,Wire Transfer,Completed,CHECK576377
PO0005030,V00050,2023-01-06,1069.3,USD,Check,Completed,CHECK539074
PO0005031,V00070,2025-03-27,278.47,USD,Check,Pending,CHECK105726
PO0005032,V00070,2023-03-03,252.38,USD,Check,Completed,CHECK512186
PO0005033,V00070,2025-08-21,580.0,USD,Wire Transfer,Completed,CHECK498709
PO0005034,V00070,2024-10-02,302.81,USD,ACH,Completed,CHECK333985
PO0005035,V00070,2023-07-10,194.13,USD,Check,Completed,CHECK671332
PO0005036,V00070,2023-05-08,17.39,USD,Wire Transfer,Completed,CHECK550609
PO0005037,V00070,2025-07-26,206.84,USD,Wire Transfer,Completed,CHECK607549
PO0005038,V00070,2025-01-31,49633.46,USD,Check,Completed,CHECK648270
PO0005039,V00070,2025-07-05,194.26,USD,ACH,Completed,CHECK460088
PO0005040,V00070,2025-04-05,230.16,USD,Wire Transfer,Pending,CHECK214644
PO0005041,V00070,2023-07-03,10854.93,USD,ACH,Completed,CHECK427504
PO0005042,V00070,2024-05-19,1046.23,USD,ACH,Cancelled,CHECK989350
PO0005043,V00070,2024-10-21,261.37,USD,ACH,Completed,CHECK296497
PO0005044,V00070,2023-08-07,1864.62,USD,ACH,Completed,CHECK796556
PO0005045,V00070,2023-08-20,395.81,USD,Wire Transfer,Completed,CHECK693927
PO0005046,V00070,2024-05-27,4994.28,USD,Check,Completed,CHECK488192
PO0005047,V00070,2024-08-11,91538.19,USD,Credit Card,Completed,CHECK665480
PO0005048,V00070,2024-02-12,190.18,USD,Credit Card,Completed,CHECK596144
PO0005049,V00015,2025-06-28,72.2,USD,Credit Card,Completed,CHECK422031
PO0005050,V00015,2024-08-24,39.51,USD,Credit Card,Completed,CHECK446237
PO0005051,V00015,2025-09-06,140.4,USD,Credit Card,Pending,CHECK801844
PO0005052,V00015,2024-02-23,11.53,USD,Wire Transfer,Completed,CHECK677985
PO0005053,V00015,2024-01-24,1157.5,USD,Wire Transfer,Completed,CHECK806885
PO0005054,V00015,2025-05-26,1941.08,USD,Wire Transfer,Cancelled,CHECK729595
PO0005055,V00015,2025-09-29,75.04,USD,Credit Card,Cancelled,CHECK731173
PO0005056,V00015,2025-12-21,5.05,USD,Credit Card,Completed,CHECK269027
PO0005057,V00015,2023-10-19,49.3,USD,Credit Card,Completed,CHECK637768
PO0005058,V00015,2024-11-12,1650.14,USD,Check,Completed,CHECK621839
PO0005059,V00015,2025-05-04,1535.68,USD,Wire Transfer,Completed,CHECK424961
PO0005060,V00015,2024-01-18,3.94,USD,Check,Pending,CHECK962704
PO0005061,V00015,2023-10-26,652.12,USD,Check,Pending,CHECK397971
PO0005062,V00015,2023-11-11,30382.87,USD,Check,Completed,CHECK621488
PO0005063,V00015,2025-06-07,1399.08,USD,Wire Transfer,Pending,CHECK695897
PO0005064,V00015,2025-09-03,160.97,USD,Wire Transfer,Completed,CHECK112091
PO0005065,V00015,2023-02-28,133.28,USD,Credit Card,Completed,CHECK166741
PO0005066,V00507,2023-07-28,3234.06,USD,Credit Card,Pending,CHECK446737
PO0005067,V00115,2023-02-22,344.57,USD,Credit Card,Completed,CHECK783632
PO0005068,V00115,2025-07-19,424.81,USD,Wire Transfer,Cancelled,CHECK339936
PO0005069,V00115,2023-07-31,28.41,USD,Credit Card,Completed,CHECK655903
PO0005070,V00115,2024-06-23,6618.1,USD,Wire Transfer,Completed,CHECK824286
PO0005071,V00115,2023-01-20,244.14,USD,ACH,Pending,CHECK370605
PO0005072,V00115,2025-04-01,954.53,USD,Check,Completed,CHECK495575
PO0005073,V00115,2023-02-16,181.45,USD,Check,Completed,CHECK175088
PO0005074,V00115,2025-03-04,21.11,USD,ACH,Pending,CHECK144505
PO0005075,V00115,2025-06-27,206.53,USD,ACH,Pending,CHECK999914
PO0005076,V00115,2023-01-18,770.02,USD,Check,Completed,CHECK739849
PO0005077,V00115,2023-06-25,4662.16,USD,Credit Card,Pending,CHECK558642
PO0005078,V00115,2023-04-13,199.23,USD,Check,Completed,CHECK798338
PO0005079,V00115,2025-07-30,839.08,USD,Wire Transfer,Completed,CHECK635660
PO0005080,V00115,2023-11-13,1339.67,USD,ACH,Pending,CHECK574014
PO0005081,V00115,2024-05-24,433.32,USD,Credit Card,Completed,CHECK611440
PO0005082,V00115,2025-07-04,244.91,USD,Wire Transfer,Completed,CHECK213747
PO0005083,V00355,2023-12-28,281.21,USD,Credit Card,Pending,CHECK806282
PO0005084,V00355,2024-01-19,98.48,USD,Check,Pending,CHECK615192
PO0005085,V00355,2023-09-21,212.21,USD,Wire Transfer,Completed,CHECK739748
PO0005086,V00355,2024-10-12,374.04,USD,Check,Completed,CHECK236537
PO0005087,V00355,2025-09-10,546.74,USD,ACH,Pending,CHECK406240
PO0005088,V00355,2023-04-10,1267.52,USD,Credit Card,Completed,CHECK791868
PO0005089,V00355,2024-03-05,1274.91,USD,ACH,Completed,CHECK445623
PO0005090,V00355,2025-06-08,29.41,USD,Wire Transfer,Pending,CHECK972290
PO0005091,V00355,2024-11-26,1424.55,USD,Wire Transfer,Completed,CHECK636939
PO0005092,V00355,2023-01-04,953.89,USD,ACH,Completed,CHECK819837
PO0005093,V00355,2025-03-04,455.72,USD,Credit Card,Pending,CHECK736017
PO0005094,V00355,2023-02-13,1154.37,USD,ACH,Completed,CHECK227736
PO0005095,V00355,2023-08-31,4519.65,USD,Credit Card,Pending,CHECK602309
PO0005096,V00464,2024-08-12,4181.75,USD,Check,Completed,CHECK290994
PO0005097,V00464,2023-07-20,137.0,USD,Wire Transfer,Cancelled,CHECK288350
PO0005098,V00464,2024-05-26,15.31,USD,Wire Transfer,Completed,CHECK438584
PO0005099,V00464,2025-04-04,411.77,USD,Check,Completed,CHECK490802
PO0005100,V00464,2023-01-13,159.68,USD,ACH,Completed,CHECK348610
PO0005101,V00464,2025-09-29,386.11,USD,Check,Completed,CHECK109548
PO0005102,V00464,2024-06-17,268.44,USD,Wire Transfer,Cancelled,CHECK144759
PO0005103,V00464,2025-08-07,1268.63,USD,Wire Transfer,Completed,CHECK623129
PO0005104,V00464,2024-02-20,925.44,USD,Check,Completed,CHECK953778
PO0005105,V00464,2025-04-04,13.38,USD,Check,Completed,CHECK377885
PO0005106,V00464,2023-11-16,308.03,USD,ACH,Completed,CHECK587661
PO0005107,V00464,2024-08-01,6733.24,USD,ACH,Completed,CHECK127705
PO0005108,V00464,2025-12-11,3612.96,USD,ACH,Completed,CHECK762165
PO0005109,V00464,2025-05-25,479.7,USD,Wire Transfer,Pending,CHECK514775
PO0005110,V00464,2025-03-19,876.37,USD,Check,Completed,CHECK125600
PO0005111,V00464,2023-03-29,35.27,USD,Check,Completed,CHECK390317
PO0005112,V00464,2025-05-22,4072.76,USD,Check,Completed,CHECK984862
PO0005113,V00464,2023-07-24,475.1,USD,Wire Transfer,Completed,CHECK576963
PO0005114,V00464,2023-12-13,4849.86,USD,Wire Transfer,Completed,CHECK969075
PO0005115,V00464,2023-05-19,732.24,USD,ACH,Completed,CHECK323842
PO0005116,V00464,2024-04-25,368.78,USD,Check,Pending,CHECK502907
PO0005117,V00464,2025-12-30,4645.74,USD,Credit Card,Pending,CHECK108180
PO0005118,V00464,2025-07-17,240.89,USD,ACH,Completed,CHECK454202
PO0005119,V00464,2025-09-03,701.56,USD,Wire Transfer,Completed,CHECK224942
PO0005120,V00464,2024-02-17,4.57,USD,Wire Transfer,Cancelled,CHECK682474
PO0005121,V00464,2023-08-18,758.05,USD,Wire Transfer,Completed,CHECK880017
PO0005122,V00464,2024-02-24,53.09,USD,Credit Card,Completed,CHECK322401
PO0005123,V00464,2024-09-14,482.34,USD,ACH,Cancelled,CHECK629130
PO0005124,V00464,2024-08-10,113.79,USD,Wire Transfer,Completed,CHECK228791
PO0005125,V00356,2023-10-12,144.44,USD,ACH,Cancelled,CHECK958358
PO0005126,V00356,2024-06-25,241.92,USD,Credit Card,Completed,CHECK654001
PO0005127,V00356,2023-05-18,55.03,USD,Check,Pending,CHECK192765
PO0005128,V00356,2023-02-10,34.53,USD,Check,Completed,CHECK300650
PO0005129,V00356,2023-12-10,771.26,USD,Credit Card,Completed,CHECK602630
PO0005130,V00356,2023-12-17,3276.52,USD,ACH,Completed,CHECK663255
PO0005131,V00356,2025-09-19,4442.34,USD,Credit Card,Pending,CHECK936416
PO0005132,V00356,2023-01-10,179.83,USD,Wire Transfer,Pending,CHECK429392
PO0005133,V00356,2023-06-10,3290.49,USD,Credit Card,Completed,CHECK528247
PO0005134,V00430,2023-09-28,12.06,USD,Wire Transfer,Completed,CHECK276796
PO0005135,V00430,2023-01-31,179.91,USD,Check,Completed,CHECK355287
PO0005136,V00430,2023-11-10,17.62,USD,Check,Cancelled,CHECK920659
PO0005137,V00430,2024-12-21,10837.19,USD,Wire Transfer,Completed,CHECK452757
PO0005138,V00430,2023-09-24,17.14,USD,ACH,Completed,CHECK651145
PO0005139,V00430,2024-07-25,371.33,USD,ACH,Completed,CHECK566211
PO0005140,V00430,2024-12-17,1467.38,USD,Credit Card,Completed,CHECK709938
PO0005141,V00430,2025-11-20,822.74,USD,Wire Transfer,Completed,CHECK363750
PO0005142,V00430,2025-06-17,759.36,USD,Credit Card,Pending,CHECK908242
PO0005143,V00430,2024-05-23,8139.38,USD,Wire Transfer,Pending,CHECK220576
PO0005144,V00430,2025-11-02,237.92,USD,Check,Cancelled,CHECK128831
PO0005145,V00430,2023-01-30,20209.49,USD,ACH,Completed,CHECK111413
PO0005146,V00430,2025-03-14,9.57,USD,ACH,Completed,CHECK548316
PO0005147,V00430,2024-10-14,187.35,USD,Check,Cancelled,CHECK415968
PO0005148,V00430,2025-07-10,5955.09,USD,Credit Card,Completed,CHECK234076
PO0005149,V00430,2023-11-15,34.35,USD,Wire Transfer,Cancelled,CHECK362660
PO0005150,V00430,2023-11-17,664.95,USD,Credit Card,Cancelled,CHECK747118
PO0005151,V00430,2025-05-16,182.25,USD,Credit Card,Completed,CHECK477553
PO0005152,V00430,2025-10-14,598.93,USD,Wire Transfer,Completed,CHECK877105
PO0005153,V00430,2025-10-16,968.84,USD,Credit Card,Cancelled,CHECK237761
PO0005154,V00430,2023-11-24,629.84,USD,Credit Card,Cancelled,CHECK218951
PO0005155,V00430,2024-12-04,595.95,USD,Wire Transfer,Cancelled,CHECK195486
PO0005156,V00262,2023-07-30,169.93,USD,Credit Card,Cancelled,CHECK837927
PO0005157,V00262,2023-01-21,8.77,USD,Check,Pending,CHECK291650
PO0005158,V00262,2023-03-26,1044.02,USD,Wire Transfer,Completed,CHECK236071
PO0005159,V00262,2023-09-01,278.65,USD,ACH,Completed,CHECK426783
PO0005160,V00262,2023-08-27,1284.9,USD,Credit Card,Completed,CHECK966401
PO0005161,V00262,2024-05-16,65.36,USD,Credit Card,Pending,CHECK373748
PO0005162,V00262,2025-02-09,32.44,USD,Check,Completed,CHECK603532
PO0005163,V00262,2025-10-25,62.77,USD,Wire Transfer,Completed,CHECK428111
PO0005164,V00263,2023-10-09,4.93,USD,Credit Card,Completed,CHECK353232
PO0005165,V00263,2024-09-14,10.46,USD,Wire Transfer,Completed,CHECK685262
PO0005166,V00263,2025-05-31,8470.87,USD,Wire Transfer,Pending,CHECK452413
PO0005167,V00263,2024-11-19,1721.65,USD,Credit Card,Cancelled,CHECK382371
PO0005168,V00263,2025-02-07,41.54,USD,Wire Transfer,Completed,CHECK688479
PO0005169,V00263,2023-12-29,926.87,USD,Credit Card,Completed,CHECK901740
PO0005170,V00263,2025-04-09,38.07,USD,Check,Pending,CHECK686644
PO0005171,V00263,2023-04-06,393.78,USD,Check,Completed,CHECK224915
PO0005172,V00263,2023-08-28,332.84,USD,Check,Completed,CHECK243465
PO0005173,V00263,2024-03-27,29.1,USD,Credit Card,Pending,CHECK296710
PO0005174,V00263,2023-10-20,2.55,USD,ACH,Completed,CHECK395723
PO0005175,V00263,2025-08-13,5.74,USD,Check,Cancelled,CHECK346459
PO0005176,V00263,2025-05-02,47.92,USD,Credit Card,Completed,CHECK213990
PO0005177,V00263,2025-06-28,13.85,USD,Credit Card,Pending,CHECK779584
PO0005178,V00263,2024-11-23,337.39,USD,Check,Cancelled,CHECK280309
PO0005179,V00263,2025-05-02,54774.42,USD,Check,Cancelled,CHECK933095
PO0005180,V00263,2025-01-25,3676.47,USD,Check,Completed,CHECK317115
PO0005181,V00263,2023-04-25,171.37,USD,Credit Card,Pending,CHECK859398
PO0005182,V00263,2024-10-02,145.73,USD,Check,Completed,CHECK338657
PO0005183,V00196,2023-10-11,38.38,USD,Credit Card,Cancelled,CHECK365367
PO0005184,V00196,2023-01-15,61.67,USD,Check,Completed,CHECK480955
PO0005185,V00196,2025-10-12,22.14,USD,Check,Completed,CHECK763502
PO0005186,V00196,2025-06-17,163.2,USD,ACH,Cancelled,CHECK320006
PO0005187,V00196,2025-04-12,308.79,USD,Check,Completed,CHECK675955
PO0005188,V00196,2024-02-18,17589.76,USD,Wire Transfer,Completed,CHECK788334
PO0005189,V00196,2024-07-03,184.88,USD,Wire Transfer,Completed,CHECK845157
PO0005190,V00196,2023-12-15,175.16,USD,Check,Cancelled,CHECK340063
PO0005191,V00196,2025-05-31,86.1,USD,Credit Card,Completed,CHECK660044
PO0005192,V00196,2025-07-23,361.56,USD,Wire Transfer,Completed,CHECK270070
PO0005193,V00196,2024-08-23,59.87,USD,ACH,Completed,CHECK236078
PO0005194,V00196,2023-01-01,547.55,USD,Wire Transfer,Completed,CHECK472597
PO0005195,V00196,2025-01-29,73.85,USD,Credit Card,Completed,CHECK120203
PO0005196,V00196,2024-07-17,173.67,USD,Wire Transfer,Pending,CHECK283557
PO0005197,V00196,2024-05-18,7.61,USD,Wire Transfer,Pending,CHECK625995
PO0005198,V00066,2023-06-05,635.39,USD,ACH,Completed,CHECK336404
PO0005199,V00066,2025-07-30,379.14,USD,Credit Card,Completed,CHECK796880
PO0005200,V00066,2025-09-11,79.65,USD,Wire Transfer,Completed,CHECK781609
PO0005201,V00066,2023-06-12,456.03,USD,ACH,Completed,CHECK685107
PO0005202,V00514,2024-07-18,758.56,USD,ACH,Pending,CHECK300189
PO0005203,V00514,2024-02-15,432.99,USD,Credit Card,Completed,CHECK988848
PO0005204,V00514,2023-10-06,219.21,USD,ACH,Completed,CHECK281360
PO0005205,V00514,2023-11-22,25.03,USD,Wire Transfer,Completed,CHECK769369
PO0005206,V00514,2025-07-24,618.78,USD,ACH,Cancelled,CHECK518940
PO0005207,V00514,2024-10-17,45.93,USD,Wire Transfer,Completed,CHECK145513
PO0005208,V00514,2025-02-26,221.17,USD,Check,Completed,CHECK553005
PO0005209,V00514,2025-12-20,638.77,USD,ACH,Completed,CHECK755264
PO0005210,V00514,2024-07-26,543.05,USD,Check,Completed,CHECK331346
PO0005211,V00514,2024-09-21,151.03,USD,Credit Card,Completed,CHECK738398
PO0005212,V00514,2023-07-26,150.43,USD,Check,Cancelled,CHECK560832
PO0005213,V00514,2025-08-12,7676.09,USD,ACH,Pending,CHECK665462
PO0005214,V00514,2025-03-30,370.28,USD,Check,Completed,CHECK230907
PO0005215,V00514,2025-10-30,4509.4,USD,Check,Cancelled,CHECK633042
PO0005216,V00514,2024-09-21,3134.44,USD,Credit Card,Pending,CHECK391241
PO0005217,V00514,2023-10-27,38.93,USD,ACH,Cancelled,CHECK692825
PO0005218,V00514,2024-10-26,297.63,USD,Credit Card,Completed,CHECK883765
PO0005219,V00514,2023-04-05,4517.81,USD,Check,Completed,CHECK380133
PO0005220,V00514,2025-03-03,512.68,USD,ACH,Cancelled,CHECK888395
PO0005221,V00514,2024-04-24,1170.63,USD,Wire Transfer,Completed,CHECK264189
PO0005222,V00514,2025-07-01,406.93,USD,Check,Cancelled,CHECK999101
PO0005223,V00514,2023-11-07,31.47,USD,Credit Card,Cancelled,CHECK845065
PO0005224,V00514,2023-02-22,126.16,USD,ACH,Completed,CHECK287736
PO0005225,V00514,2025-12-26,254.83,USD,Check,Completed,CHECK246749
PO0005226,V00514,2025-12-06,184.61,USD,ACH,Completed,CHECK917946
PO0005227,V00514,2025-03-16,15.71,USD,Wire Transfer,Pending,CHECK977521
PO0005228,V00514,2023-03-04,3357.8,USD,Credit Card,Completed,CHECK489829
PO0005229,V00514,2024-02-25,144.45,USD,Check,Pending,CHECK102815
PO0005230,V00514,2025-12-22,139.98,USD,Wire Transfer,Completed,CHECK568755
PO0005231,V00514,2025-03-26,43.16,USD,Credit Card,Completed,CHECK512449
PO0005232,V00194,2023-06-11,1547.91,USD,Wire Transfer,Pending,CHECK995002
PO0005233,V00194,2025-12-25,4.81,USD,ACH,Pending,CHECK813521
PO0005234,V00194,2023-03-17,1495.7,USD,Check,Completed,CHECK430209
PO0005235,V00194,2024-04-07,160.39,USD,Wire Transfer,Completed,CHECK769446
PO0005236,V00194,2025-02-03,366.88,USD,ACH,Pending,CHECK176722
PO0005237,V00194,2024-11-09,1501.61,USD,ACH,Cancelled,CHECK548426
PO0005238,V00194,2024-07-31,121.93,USD,Credit Card,Completed,CHECK407788
PO0005239,V00194,2025-12-01,753.94,USD,Wire Transfer,Completed,CHECK481492
PO0005240,V00194,2023-03-05,19036.32,USD,Wire Transfer,Cancelled,CHECK718980
PO0005241,V00194,2023-01-18,15.99,USD,Credit Card,Completed,CHECK858388
PO0005242,V00194,2023-11-21,246.26,USD,Wire Transfer,Cancelled,CHECK587990
PO0005243,V00194,2025-11-27,593.23,USD,Check,Completed,CHECK449586
PO0005244,V00194,2025-11-13,1451.82,USD,Credit Card,Completed,CHECK752521
PO0005245,V00194,2025-08-25,2442.11,USD,Check,Cancelled,CHECK418108
PO0005246,V00194,2024-03-02,882.7,USD,Check,Completed,CHECK765382
PO0005247,V00304,2024-07-04,193.79,USD,Wire Transfer,Completed,CHECK166201
PO0005248,V00304,2025-02-19,135.52,USD,Wire Transfer,Pending,CHECK818775
PO0005249,V00304,2025-01-20,1740.97,USD,Check,Pending,CHECK621171
PO0005250,V00304,2024-05-25,4307.77,USD,ACH,Cancelled,CHECK533953
PO0005251,V00304,2025-01-31,768.75,USD,ACH,Cancelled,CHECK197486
PO0005252,V00304,2024-11-25,10.81,USD,Check,Cancelled,CHECK422626
PO0005253,V00304,2024-01-09,557.86,USD,Credit Card,Pending,CHECK426660
PO0005254,V00304,2024-12-27,2075.78,USD,ACH,Completed,CHECK368088
PO0005255,V00304,2023-07-17,135.6,USD,Check,Completed,CHECK479666
PO0005256,V00304,2023-08-18,128.52,USD,Check,Cancelled,CHECK741604
PO0005257,V00304,2023-10-10,8988.91,USD,Credit Card,Completed,CHECK109117
PO0005258,V00304,2023-11-03,41.14,USD,Credit Card,Completed,CHECK374731
PO0005259,V00304,2024-10-06,456.69,USD,Check,Pending,CHECK943624
PO0005260,V00304,2025-07-22,174.08,USD,ACH,Completed,CHECK756295
PO0005261,V00304,2023-11-08,77.71,USD,Check,Completed,CHECK156831
PO0005262,V00304,2023-03-13,316.43,USD,Wire Transfer,Cancelled,CHECK884755
PO0005263,V00304,2024-12-04,5.29,USD,Credit Card,Completed,CHECK423189
PO0005264,V00304,2024-12-14,17404.58,USD,Wire Transfer,Completed,CHECK805526
PO0005265,V00304,2023-07-11,224.44,USD,Check,Pending,CHECK665951
PO0005266,V00304,2023-12-04,704.31,USD,Check,Cancelled,CHECK209768
PO0005267,V00304,2023-01-07,7363.88,USD,Credit Card,Completed,CHECK761370
PO0005268,V00304,2024-01-13,2483.21,USD,Wire Transfer,Pending,CHECK861442
PO0005269,V00305,2023-11-21,127.51,USD,Credit Card,Completed,CHECK974734
PO0005270,V00305,2025-11-06,13702.26,USD,ACH,Completed,CHECK259602
PO0005271,V00305,2025-02-13,645.45,USD,Credit Card,Pending,CHECK456412
PO0005272,V00305,2025-11-24,35.48,USD,Wire Transfer,Completed,CHECK924527
PO0005273,V00305,2024-03-01,240.6,USD,Check,Completed,CHECK633751
PO0005274,V00305,2025-06-12,868.78,USD,ACH,Pending,CHECK837733
PO0005275,V00305,2023-05-07,31.38,USD,Wire Transfer,Cancelled,CHECK252990
PO0005276,V00305,2023-01-11,985.13,USD,ACH,Cancelled,CHECK276932
PO0005277,V00305,2023-08-05,141.71,USD,Credit Card,Completed,CHECK639860
PO0005278,V00305,2025-01-19,6551.4,USD,ACH,Pending,CHECK964732
PO0005279,V00305,2024-11-05,1288.68,USD,ACH,Cancelled,CHECK500186
PO0005280,V00305,2023-11-26,395.27,USD,Credit Card,Pending,CHECK598638
PO0005281,V00305,2023-01-03,3791.91,USD,ACH,Pending,CHECK628107
PO0005282,V00305,2023-08-17,696.15,USD,Wire Transfer,Completed,CHECK352125
PO0005283,V00305,2024-12-21,27.29,USD,Credit Card,Pending,CHECK180387
PO0005284,V00305,2024-11-18,145.05,USD,Wire Transfer,Completed,CHECK133357
PO0005285,V00305,2023-09-28,5556.66,USD,ACH,Completed,CHECK247476
PO0005286,V00305,2024-08-26,266.03,USD,ACH,Completed,CHECK520963
PO0005287,V00305,2023-06-18,16591.26,USD,Check,Cancelled,CHECK936635
PO0005288,V00305,2024-10-01,6990.35,USD,ACH,Completed,CHECK627506
PO0005289,V00305,2025-04-08,251.11,USD,ACH,Completed,CHECK943436
PO0005290,V00379,2023-05-09,10905.83,USD,Wire Transfer,Cancelled,CHECK691770
PO0005291,V00379,2025-05-09,41059.78,USD,Credit Card,Pending,CHECK444525
PO0005292,V00379,2023-01-25,147.72,USD,Check,Completed,CHECK949637
PO0005293,V00379,2025-11-10,8609.32,USD,Credit Card,Completed,CHECK468110
PO0005294,V00379,2025-03-05,45.8,USD,Wire Transfer,Cancelled,CHECK901285
PO0005295,V00379,2023-05-17,881.96,USD,Check,Pending,CHECK103469
PO0005296,V00379,2024-07-09,1189471.3,USD,Credit Card,Completed,CHECK215518
PO0005297,V00379,2024-06-01,351.56,USD,Check,Completed,CHECK933083
PO0005298,V00379,2023-11-20,806.19,USD,Credit Card,Completed,CHECK552479
PO0005299,V00379,2024-10-23,0.88,USD,Wire Transfer,Cancelled,CHECK672837
PO0005300,V00265,2024-10-02,110.55,USD,ACH,Pending,CHECK426713
PO0005301,V00265,2025-01-16,653.16,USD,ACH,Completed,CHECK834200
PO0005302,V00265,2024-10-19,742.48,USD,ACH,Completed,CHECK800651
PO0005303,V00265,2023-08-20,724.21,USD,Wire Transfer,Completed,CHECK420066
PO0005304,V00265,2025-05-23,65.8,USD,ACH,Completed,CHECK849984
PO0005305,V00265,2023-03-31,1294.12,USD,Wire Transfer,Pending,CHECK812202
PO0005306,V00265,2025-03-10,1275.69,USD,Check,Completed,CHECK362030
PO0005307,V00265,2024-02-12,1573.78,USD,Check,Completed,CHECK523877
PO0005308,V00265,2025-01-05,7024.36,USD,ACH,Pending,CHECK380409
PO0005309,V00265,2023-10-10,136.72,USD,Credit Card,Cancelled,CHECK772564
PO0005310,V00265,2024-01-10,197.77,USD,Credit Card,Completed,CHECK745748
PO0005311,V00265,2025-05-09,1017.91,USD,ACH,Completed,CHECK853140
PO0005312,V00265,2025-10-13,272.88,USD,Credit Card,Completed,CHECK541050
PO0005313,V00265,2023-12-19,189.06,USD,Credit Card,Cancelled,CHECK774644
PO0005314,V00265,2025-01-04,336.56,USD,ACH,Cancelled,CHECK751878
PO0005315,V00265,2024-07-26,549.78,USD,ACH,Completed,CHECK688995
PO0005316,V00265,2025-12-06,95.52,USD,Check,Completed,CHECK191176
PO0005317,V00265,2024-06-05,767.26,USD,Check,Completed,CHECK522333
PO0005318,V00265,2023-05-30,594.2,USD,Credit Card,Completed,CHECK872065
PO0005319,V00265,2025-12-18,129.49,USD,Wire Transfer,Completed,CHECK221310
PO0005320,V00265,2024-08-27,3027.05,USD,Check,Cancelled,CHECK525294
PO0005321,V00265,2024-06-09,216.18,USD,Wire Transfer,Pending,CHECK725800
PO0005322,V00265,2025-12-02,368.01,USD,Credit Card,Completed,CHECK848163
PO0005323,V00265,2023-08-04,72.61,USD,Check,Completed,CHECK238963
PO0005324,V00265,2025-03-11,669.16,USD,Wire Transfer,Completed,CHECK950185
PO0005325,V00265,2025-02-18,5841.93,USD,Wire Transfer,Cancelled,CHECK868341
PO0005326,V00265,2023-02-22,12248.87,USD,Credit Card,Cancelled,CHECK391884
PO0005327,V00265,2025-06-01,1004.97,USD,Credit Card,Completed,CHECK318178
PO0005328,V00265,2023-04-14,35.46,USD,Credit Card,Completed,CHECK271850
PO0005329,V00265,2023-03-30,64.53,USD,ACH,Cancelled,CHECK503199
PO0005330,V00106,2025-01-05,125.28,USD,Wire Transfer,Completed,CHECK517438
PO0005331,V00106,2024-11-17,460.75,USD,Credit Card,Completed,CHECK276671
PO0005332,V00106,2023-12-12,4403.13,USD,Wire Transfer,Cancelled,CHECK122634
PO0005333,V00106,2025-06-27,1136.12,USD,ACH,Completed,CHECK550202
PO0005334,V00106,2025-12-02,530.23,USD,ACH,Completed,CHECK818938
PO0005335,V00106,2024-11-06,8683.1,USD,ACH,Cancelled,CHECK816387
PO0005336,V00106,2025-03-15,2208.98,USD,Check,Completed,CHECK570633
PO0005337,V00106,2023-05-10,2902.45,USD,Credit Card,Completed,CHECK660956
PO0005338,V00106,2025-09-24,98.52,USD,Check,Completed,CHECK949209
PO0005339,V00106,2025-09-13,74.52,USD,Wire Transfer,Completed,CHECK238220
PO0005340,V00106,2025-07-05,4884.61,USD,ACH,Completed,CHECK876788
PO0005341,V00106,2025-06-16,238.97,USD,ACH,Completed,CHECK636289
PO0005342,V00106,2025-07-30,96.33,USD,Credit Card,Completed,CHECK365752
PO0005343,V00013,2023-07-25,361.26,USD,Credit Card,Completed,CHECK141822
PO0005344,V00013,2024-03-23,283.2,USD,Check,Cancelled,CHECK682963
PO0005345,V00013,2023-03-22,776.57,USD,Check,Pending,CHECK173634
PO0005346,V00013,2023-04-17,624.72,USD,Wire Transfer,Completed,CHECK555855
PO0005347,V00013,2025-09-09,385.53,USD,Wire Transfer,Pending,CHECK214719
PO0005348,V00013,2024-11-17,59.59,USD,Wire Transfer,Pending,CHECK959994
PO0005349,V00013,2024-12-24,113.83,USD,Check,Completed,CHECK654230
PO0005350,V00013,2025-07-08,336.87,USD,Wire Transfer,Completed,CHECK569929
PO0005351,V00013,2024-03-07,3271.82,USD,Wire Transfer,Cancelled,CHECK674668
PO0005352,V00013,2025-10-20,2246.65,USD,ACH,Completed,CHECK417872
PO0005353,V00013,2024-05-30,143.15,USD,Wire Transfer,Cancelled,CHECK191796
PO0005354,V00013,2023-01-30,10032.11,USD,Credit Card,Pending,CHECK159063
PO0005355,V00013,2024-10-01,623.65,USD,Wire Transfer,Cancelled,CHECK657744
PO0005356,V00013,2023-09-22,3.21,USD,ACH,Pending,CHECK401944
PO0005357,V00013,2025-10-24,504.2,USD,Check,Completed,CHECK964929
PO0005358,V00013,2024-07-22,628.27,USD,ACH,Cancelled,CHECK605517
PO0005359,V00013,2024-11-29,163.09,USD,Wire Transfer,Pending,CHECK310535
PO0005360,V00013,2024-06-05,560.79,USD,ACH,Completed,CHECK490241
PO0005361,V00013,2023-09-02,68.74,USD,Credit Card,Completed,CHECK454068
PO0005362,V00013,2025-03-07,944.36,USD,ACH,Completed,CHECK129474
PO0005363,V00013,2024-04-29,206.75,USD,Check,Completed,CHECK145508
PO0005364,V00013,2025-01-28,1311.02,USD,ACH,Pending,CHECK706048
PO0005365,V00013,2025-10-14,1128.43,USD,ACH,Cancelled,CHECK204789
PO0005366,V00013,2024-11-30,41.05,USD,Wire Transfer,Pending,CHECK933533
PO0005367,V00013,2025-12-24,26223.93,USD,Credit Card,Pending,CHECK859967
PO0005368,V00013,2024-05-30,1375.9,USD,Check,Pending,CHECK573820
PO0005369,V00013,2023-09-16,427.0,USD,Check,Pending,CHECK195805
PO0005370,V00013,2025-10-31,328.16,USD,Wire Transfer,Completed,CHECK856635
PO0005371,V00013,2023-08-24,234.94,USD,Wire Transfer,Cancelled,CHECK427960
PO0005372,V00013,2024-11-16,12.8,USD,Wire Transfer,Completed,CHECK294103
PO0005373,V00282,2023-07-11,103.66,USD,Check,Completed,CHECK644740
PO0005374,V00282,2023-06-04,1343.43,USD,Credit Card,Completed,CHECK917862
PO0005375,V00282,2024-10-20,3833.62,USD,Check,Completed,CHECK455802
PO0005376,V00282,2023-12-30,38901.28,USD,Check,Cancelled,CHECK467170
PO0005377,V00282,2023-05-26,1537.47,USD,ACH,Cancelled,CHECK192522
PO0005378,V00282,2023-01-24,547.49,USD,Wire Transfer,Pending,CHECK331550
PO0005379,V00282,2024-09-05,101.19,USD,Credit Card,Pending,CHECK296179
PO0005380,V00282,2023-06-26,1309.35,USD,Credit Card,Completed,CHECK354977
PO0005381,V00282,2023-01-21,117.74,USD,Check,Cancelled,CHECK196295
PO0005382,V00282,2024-05-06,13.17,USD,Check,Completed,CHECK795526
PO0005383,V00282,2024-05-26,282.41,USD,Credit Card,Cancelled,CHECK885524
PO0005384,V00282,2025-12-27,916.91,USD,Wire Transfer,Completed,CHECK705104
PO0005385,V00282,2024-02-13,553.46,USD,Check,Cancelled,CHECK968830
PO0005386,V00282,2025-10-05,52.08,USD,Check,Pending,CHECK630390
PO0005387,V00282,2023-03-11,111.64,USD,Credit Card,Completed,CHECK989370
PO0005388,V00282,2024-03-10,6027.35,USD,Check,Completed,CHECK376352
PO0005389,V00282,2025-06-10,6042.78,USD,Check,Completed,CHECK577313
PO0005390,V00282,2024-12-16,3878.8,USD,Credit Card,Completed,CHECK638921
PO0005391,V00445,2023-09-18,546.3,USD,Credit Card,Completed,CHECK240655
PO0005392,V00445,2025-11-17,476.39,USD,Check,Pending,CHECK934237
PO0005393,V00445,2025-05-26,1894.15,USD,Credit Card,Completed,CHECK947908
PO0005394,V00445,2025-10-17,13736.08,USD,ACH,Pending,CHECK759618
PO0005395,V00445,2025-11-14,3190.02,USD,Wire Transfer,Completed,CHECK800220
PO0005396,V00445,2025-11-29,1163.45,USD,Check,Pending,CHECK776282
PO0005397,V00445,2025-11-01,3919.78,USD,Credit Card,Cancelled,CHECK222724
PO0005398,V00445,2024-06-08,17.25,USD,Check,Completed,CHECK245943
PO0005399,V00097,2024-01-12,12957.5,USD,ACH,Pending,CHECK693085
PO0005400,V00097,2024-05-14,1914.95,USD,Wire Transfer,Cancelled,CHECK443121
PO0005401,V00097,2025-01-03,32.08,USD,Check,Completed,CHECK749039
PO0005402,V00097,2023-11-16,10523.17,USD,ACH,Completed,CHECK571727
PO0005403,V00097,2023-11-23,190.02,USD,ACH,Completed,CHECK594015
PO0005404,V00097,2025-10-26,268.17,USD,Credit Card,Completed,CHECK327780
PO0005405,V00097,2025-11-23,3317.08,USD,Credit Card,Completed,CHECK213537
PO0005406,V00097,2023-05-08,1136.57,USD,Check,Cancelled,CHECK302803
PO0005407,V00153,2025-04-01,32178.15,USD,ACH,Pending,CHECK309035
PO0005408,V00153,2024-05-10,3355.11,USD,ACH,Cancelled,CHECK976384
PO0005409,V00153,2023-09-23,581.03,USD,Wire Transfer,Cancelled,CHECK982532
PO0005410,V00153,2025-03-23,2119.23,USD,Check,Pending,CHECK432866
PO0005411,V00153,2025-01-25,188.26,USD,Credit Card,Pending,CHECK456652
PO0005412,V00153,2025-01-02,28.54,USD,ACH,Pending,CHECK693773
PO0005413,V00153,2024-10-15,61.12,USD,Credit Card,Pending,CHECK394293
PO0005414,V00153,2024-11-09,44.29,USD,Check,Pending,CHECK627037
PO0005415,V00153,2024-05-18,2204.52,USD,ACH,Completed,CHECK871556
PO0005416,V00153,2024-08-10,229.25,USD,Credit Card,Pending,CHECK244795
PO0005417,V00153,2025-10-27,6317.91,USD,Wire Transfer,Completed,CHECK456520
PO0005418,V00153,2024-04-20,2985.09,USD,Credit Card,Cancelled,CHECK643705
PO0005419,V00153,2023-08-27,17.34,USD,ACH,Completed,CHECK991252
PO0005420,V00209,2024-01-19,926.96,USD,ACH,Completed,CHECK822883
PO0005421,V00209,2024-11-28,2260.36,USD,Credit Card,Cancelled,CHECK288789
PO0005422,V00209,2025-01-15,112.85,USD,Check,Completed,CHECK945732
PO0005423,V00209,2024-08-17,112.37,USD,Wire Transfer,Cancelled,CHECK350844
PO0005424,V00209,2024-12-25,2183.34,USD,ACH,Completed,CHECK557583
PO0005425,V00209,2023-06-22,252.32,USD,Credit Card,Cancelled,CHECK377558
PO0005426,V00209,2025-06-15,556.79,USD,Check,Completed,CHECK585556
PO0005427,V00209,2024-08-18,3259.05,USD,Credit Card,Pending,CHECK299974
PO0005428,V00209,2024-05-28,376.35,USD,Credit Card,Pending,CHECK733292
PO0005429,V00209,2025-01-28,332.05,USD,Wire Transfer,Cancelled,CHECK423507
PO0005430,V00209,2025-12-22,578.08,USD,Wire Transfer,Completed,CHECK370305
PO0005431,V00209,2025-01-20,297.97,USD,ACH,Cancelled,CHECK405998
PO0005432,V00209,2025-08-28,546.61,USD,Wire Transfer,Completed,CHECK163554
PO0005433,V00209,2023-08-02,266.39,USD,Wire Transfer,Completed,CHECK361753
PO0005434,V00209,2023-08-21,16803.81,USD,Check,Completed,CHECK339976
PO0005435,V00209,2023-01-13,1874.56,USD,ACH,Pending,CHECK147815
PO0005436,V00209,2023-10-19,12165.51,USD,Credit Card,Completed,CHECK287765
PO0005437,V00209,2024-08-16,866.94,USD,Credit Card,Completed,CHECK118633
PO0005438,V00209,2024-03-11,2813.17,USD,Wire Transfer,Completed,CHECK460300
PO0005439,V00209,2025-10-06,14.63,USD,Credit Card,Cancelled,CHECK482258
PO0005440,V00209,2025-05-24,153.27,USD,ACH,Pending,CHECK157415
PO0005441,V00209,2023-02-06,12161.09,USD,ACH,Completed,CHECK115143
PO0005442,V00371,2023-12-10,313.0,USD,ACH,Cancelled,CHECK952174
PO0005443,V00371,2023-09-22,158.61,USD,Check,Completed,CHECK526864
PO0005444,V00371,2024-12-10,330.32,USD,Check,Completed,CHECK758414
PO0005445,V00371,2023-08-17,146.59,USD,Wire Transfer,Completed,CHECK839681
PO0005446,V00383,2024-10-16,195.69,USD,ACH,Pending,CHECK600187
PO0005447,V00383,2024-03-09,228.64,USD,ACH,Completed,CHECK942436
PO0005448,V00383,2025-10-27,77.14,USD,ACH,Pending,CHECK772670
PO0005449,V00383,2023-03-05,3207.32,USD,ACH,Completed,CHECK828261
PO0005450,V00383,2024-12-31,49.38,USD,Credit Card,Cancelled,CHECK246316
PO0005451,V00383,2025-05-04,238.84,USD,ACH,Pending,CHECK775349
PO0005452,V00383,2023-08-08,498.89,USD,Check,Completed,CHECK546262
PO0005453,V00383,2023-07-02,126.97,USD,Credit Card,Completed,CHECK239453
PO0005454,V00383,2025-05-21,5661.26,USD,Wire Transfer,Completed,CHECK158620
PO0005455,V00383,2023-03-25,40.19,USD,Credit Card,Pending,CHECK620666
PO0005456,V00383,2023-12-23,22.32,USD,Wire Transfer,Cancelled,CHECK487497
PO0005457,V00383,2023-03-02,666.85,USD,Credit Card,Completed,CHECK417156
PO0005458,V00383,2023-05-19,59008.14,USD,Wire Transfer,Completed,CHECK757037
PO0005459,V00383,2024-02-07,78.71,USD,Check,Completed,CHECK347894
PO0005460,V00383,2024-10-19,2.27,USD,Check,Cancelled,CHECK348020
PO0005461,V00383,2024-06-15,171.71,USD,Check,Completed,CHECK465230
PO0005462,V00383,2025-05-25,230.44,USD,Check,Completed,CHECK463089
PO0005463,V00383,2024-07-01,272.44,USD,Credit Card,Cancelled,CHECK410116
PO0005464,V00383,2024-12-13,7603.19,USD,Wire Transfer,Cancelled,CHECK469953
PO0005465,V00383,2024-03-25,4787.35,USD,Credit Card,Completed,CHECK381846
PO0005466,V00383,2023-09-20,2368.04,USD,Check,Completed,CHECK172163
PO0005467,V00383,2023-02-06,2014.82,USD,ACH,Completed,CHECK295262
PO0005468,V00383,2025-09-21,190.81,USD,Wire Transfer,Pending,CHECK359229
PO0005469,V00383,2023-08-29,214.66,USD,ACH,Cancelled,CHECK662295
PO0005470,V00383,2024-09-04,2662.97,USD,Check,Completed,CHECK920616
PO0005471,V00383,2023-06-11,297.49,USD,Check,Completed,CHECK861830
PO0005472,V00383,2025-02-07,278.41,USD,Check,Cancelled,CHECK394642
PO0005473,V00383,2024-02-26,5491.47,USD,ACH,Completed,CHECK551335
PO0005474,V00402,2023-09-11,368.2,USD,Credit Card,Completed,CHECK173680
PO0005475,V00402,2023-12-22,60.26,USD,Wire Transfer,Pending,CHECK303552
PO0005476,V00402,2024-06-05,605.0,USD,ACH,Completed,CHECK763503
PO0005477,V00402,2025-05-13,15.69,USD,Credit Card,Completed,CHECK758128
PO0005478,V00402,2024-10-04,91.4,USD,Wire Transfer,Pending,CHECK814002
PO0005479,V00402,2025-12-23,7830.01,USD,Credit Card,Completed,CHECK989121
PO0005480,V00402,2023-06-29,172.5,USD,Wire Transfer,Completed,CHECK428729
PO0005481,V00402,2023-09-20,6764.84,USD,Wire Transfer,Pending,CHECK835929
PO0005482,V00402,2024-01-26,61.31,USD,Wire Transfer,Cancelled,CHECK397475
PO0005483,V00402,2024-01-28,28.62,USD,Wire Transfer,Cancelled,CHECK884880
PO0005484,V00402,2023-08-30,1098.17,USD,Check,Cancelled,CHECK835642
PO0005485,V00402,2025-11-07,289.54,USD,Credit Card,Completed,CHECK584171
PO0005486,V00402,2023-04-27,89.64,USD,Check,Cancelled,CHECK749787
PO0005487,V00402,2024-11-10,754.26,USD,ACH,Completed,CHECK595724
PO0005488,V00402,2025-02-26,404.6,USD,Check,Pending,CHECK539857
PO0005489,V00402,2025-03-31,4293.39,USD,Check,Completed,CHECK606158
PO0005490,V00402,2024-12-16,46.37,USD,Wire Transfer,Completed,CHECK136118
PO0005491,V00402,2025-03-07,1397.6,USD,Credit Card,Completed,CHECK701655
PO0005492,V00402,2025-09-03,576.99,USD,Credit Card,Completed,CHECK831756
PO0005493,V00402,2024-05-18,62.08,USD,Credit Card,Completed,CHECK942650
PO0005494,V00402,2025-07-02,68513.48,USD,ACH,Cancelled,CHECK510329
PO0005495,V00402,2023-10-03,260.69,USD,Check,Pending,CHECK991104
PO0005496,V00402,2024-05-06,1227.17,USD,Credit Card,Cancelled,CHECK534462
PO0005497,V00402,2024-09-22,281.81,USD,Check,Pending,CHECK514086
PO0005498,V00402,2024-01-16,4534.5,USD,Credit Card,Cancelled,CHECK246088
PO0005499,V00402,2024-06-29,1948.28,USD,Check,Completed,CHECK400349
PO0005500,V00402,2023-04-05,268.77,USD,Wire Transfer,Completed,CHECK610653
PO0005501,V00329,2024-07-11,333.22,USD,Credit Card,Cancelled,CHECK931823
PO0005502,V00329,2023-01-31,29.84,USD,Check,Pending,CHECK853330
PO0005503,V00329,2023-06-13,319.82,USD,ACH,Cancelled,CHECK669572
PO0005504,V00329,2025-09-26,269.82,USD,Credit Card,Pending,CHECK225180
PO0005505,V00329,2025-12-14,97.22,USD,Wire Transfer,Cancelled,CHECK834162
PO0005506,V00329,2023-01-08,592.39,USD,Credit Card,Completed,CHECK559250
PO0005507,V00329,2025-04-20,648.11,USD,ACH,Completed,CHECK624294
PO0005508,V00329,2023-10-10,196.37,USD,Check,Completed,CHECK456257
PO0005509,V00329,2025-10-29,1505.97,USD,Credit Card,Completed,CHECK592728
PO0005510,V00055,2023-02-02,168.2,USD,Check,Completed,CHECK615720
PO0005511,V00055,2024-01-11,300.97,USD,Check,Completed,CHECK442231
PO0005512,V00349,2024-08-27,77.1,USD,ACH,Pending,CHECK680736
PO0005513,V00349,2025-09-08,9.09,USD,Wire Transfer,Completed,CHECK145152
PO0005514,V00349,2023-01-31,84.51,USD,Wire Transfer,Completed,CHECK535627
PO0005515,V00349,2025-01-25,42.94,USD,Wire Transfer,Cancelled,CHECK964852
PO0005516,V00349,2024-08-19,218.1,USD,Check,Completed,CHECK189337
PO0005517,V00349,2024-09-12,406.21,USD,Check,Completed,CHECK627108
PO0005518,V00349,2024-05-05,15482.74,USD,Wire Transfer,Completed,CHECK102962
PO0005519,V00349,2025-03-10,385.41,USD,Check,Pending,CHECK868013
PO0005520,V00349,2025-06-14,1584.94,USD,Wire Transfer,Pending,CHECK347184
PO0005521,V00349,2024-03-30,11983.12,USD,Credit Card,Pending,CHECK905945
PO0005522,V00349,2025-11-05,580.68,USD,Check,Completed,CHECK541954
PO0005523,V00349,2024-09-26,473.74,USD,ACH,Completed,CHECK315601
PO0005524,V00349,2025-12-11,1391.85,USD,Wire Transfer,Cancelled,CHECK792275
PO0005525,V00349,2024-01-04,48.26,USD,Check,Pending,CHECK481509
PO0005526,V00349,2023-09-07,1012.98,USD,ACH,Completed,CHECK361420
PO0005527,V00349,2025-11-05,173.41,USD,Wire Transfer,Cancelled,CHECK893266
PO0005528,V00349,2024-09-22,345.13,USD,Credit Card,Completed,CHECK717584
PO0005529,V00349,2025-07-22,152.01,USD,ACH,Pending,CHECK787495
PO0005530,V00349,2025-11-17,1751.93,USD,Wire Transfer,Completed,CHECK101648
PO0005531,V00349,2024-05-03,272.57,USD,ACH,Cancelled,CHECK816498
PO0005532,V00349,2023-04-01,676.47,USD,Wire Transfer,Completed,CHECK801107
PO0005533,V00349,2024-03-11,124.07,USD,ACH,Completed,CHECK743723
PO0005534,V00215,2025-02-07,4669.75,USD,ACH,Cancelled,CHECK325181
PO0005535,V00215,2023-07-02,758.71,USD,ACH,Completed,CHECK529294
PO0005536,V00215,2024-04-25,156.63,USD,Credit Card,Completed,CHECK253373
PO0005537,V00215,2023-05-20,3611.95,USD,ACH,Completed,CHECK427806
PO0005538,V00215,2023-04-24,4964.79,USD,Credit Card,Completed,CHECK833276
PO0005539,V00215,2025-09-04,85.13,USD,Wire Transfer,Completed,CHECK636961
PO0005540,V00215,2023-07-15,308.85,USD,Wire Transfer,Pending,CHECK524067
PO0005541,V00215,2023-12-29,190.04,USD,Check,Pending,CHECK163415
PO0005542,V00215,2024-07-23,2193.6,USD,Check,Cancelled,CHECK160944
PO0005543,V00215,2023-07-07,15.66,USD,ACH,Completed,CHECK525136
PO0005544,V00215,2025-02-28,285.47,USD,Wire Transfer,Cancelled,CHECK725641
PO0005545,V00215,2025-03-29,1696.75,USD,Wire Transfer,Completed,CHECK443150
PO0005546,V00215,2023-08-10,159.86,USD,Credit Card,Completed,CHECK457650
PO0005547,V00215,2025-02-27,1629.92,USD,Check,Completed,CHECK341449
PO0005548,V00215,2023-01-23,296.74,USD,Wire Transfer,Completed,CHECK233657
PO0005549,V00215,2025-05-17,6.58,USD,Wire Transfer,Completed,CHECK875280
PO0005550,V00215,2024-06-25,309.65,USD,ACH,Completed,CHECK598100
PO0005551,V00215,2025-03-12,24.0,USD,Check,Completed,CHECK494347
PO0005552,V00215,2023-10-07,15898.34,USD,Wire Transfer,Completed,CHECK473436
PO0005553,V00215,2025-04-28,10031.86,USD,Wire Transfer,Cancelled,CHECK812734
PO0005554,V00215,2025-10-31,25.97,USD,ACH,Pending,CHECK477374
PO0005555,V00215,2023-04-24,975.43,USD,Credit Card,Pending,CHECK440165
PO0005556,V00215,2024-10-10,18.17,USD,ACH,Pending,CHECK912275
PO0005557,V00215,2024-07-19,48.92,USD,ACH,Completed,CHECK285760
PO0005558,V00215,2023-09-22,22.42,USD,Credit Card,Completed,CHECK609841
PO0005559,V00233,2024-04-04,1650.87,USD,Check,Completed,CHECK264279
PO0005560,V00233,2023-11-26,6.12,USD,Check,Completed,CHECK411565
PO0005561,V00233,2024-02-26,6206.43,USD,Credit Card,Completed,CHECK368711
PO0005562,V00233,2024-11-23,49.61,USD,Check,Pending,CHECK220401
PO0005563,V00233,2025-09-03,3002.73,USD,Wire Transfer,Completed,CHECK838037
PO0005564,V00233,2025-01-09,3159.22,USD,Wire Transfer,Completed,CHECK522486
PO0005565,V00233,2023-12-15,490.84,USD,Credit Card,Completed,CHECK505848
PO0005566,V00233,2023-11-02,258.49,USD,ACH,Cancelled,CHECK385518
PO0005567,V00233,2024-10-30,117.35,USD,Check,Pending,CHECK375217
PO0005568,V00233,2023-07-25,47.43,USD,Credit Card,Completed,CHECK187143
PO0005569,V00233,2024-08-29,10.03,USD,Check,Pending,CHECK801696
PO0005570,V00233,2023-05-22,7.05,USD,Wire Transfer,Cancelled,CHECK920582
PO0005571,V00233,2023-08-29,110.61,USD,ACH,Completed,CHECK935924
PO0005572,V00233,2023-01-16,258.88,USD,Check,Completed,CHECK720180
PO0005573,V00233,2024-01-02,225.95,USD,Credit Card,Completed,CHECK479962
PO0005574,V00159,2025-06-05,395.55,USD,Credit Card,Completed,CHECK915852
PO0005575,V00159,2025-01-09,45.14,USD,ACH,Completed,CHECK399056
PO0005576,V00159,2023-01-20,626.0,USD,Wire Transfer,Completed,CHECK873823
PO0005577,V00159,2025-10-21,1433.59,USD,ACH,Completed,CHECK970980
PO0005578,V00159,2025-04-12,4047.63,USD,ACH,Completed,CHECK912094
PO0005579,V00159,2024-08-26,1560.44,USD,Wire Transfer,Completed,CHECK119622
PO0005580,V00159,2025-12-22,1768.8,USD,ACH,Completed,CHECK594852
PO0005581,V00159,2023-12-25,644.3,USD,Credit Card,Completed,CHECK648167
PO0005582,V00159,2024-12-18,145.75,USD,Credit Card,Completed,CHECK274857
PO0005583,V00159,2023-11-28,3739.44,USD,Credit Card,Pending,CHECK959042
PO0005584,V00095,2025-04-04,17.2,USD,ACH,Pending,CHECK805586
PO0005585,V00095,2025-01-23,234.02,USD,ACH,Cancelled,CHECK182833
PO0005586,V00095,2023-09-14,1523.92,USD,ACH,Pending,CHECK837179
PO0005587,V00095,2024-01-29,305.22,USD,Wire Transfer,Completed,CHECK122676
PO0005588,V00306,2025-07-14,1022.18,USD,Check,Pending,CHECK887062
PO0005589,V00306,2024-05-26,211.13,USD,ACH,Completed,CHECK156763
PO0005590,V00306,2025-07-10,12.51,USD,Check,Cancelled,CHECK617101
PO0005591,V00306,2024-06-12,1636.09,USD,Wire Transfer,Pending,CHECK911351
PO0005592,V00306,2023-12-01,5202.48,USD,ACH,Cancelled,CHECK816724
PO0005593,V00306,2024-12-31,12.47,USD,Check,Pending,CHECK316872
PO0005594,V00306,2023-07-20,220.64,USD,Credit Card,Pending,CHECK274615
PO0005595,V00306,2024-05-04,748.45,USD,Check,Pending,CHECK740971
PO0005596,V00306,2025-01-16,144.65,USD,Wire Transfer,Completed,CHECK183075
PO0005597,V00306,2023-11-10,109.28,USD,Credit Card,Completed,CHECK413889
PO0005598,V00306,2024-12-24,560.04,USD,Wire Transfer,Completed,CHECK833675
PO0005599,V00061,2025-12-06,38.23,USD,Check,Completed,CHECK531403
PO0005600,V00061,2025-08-05,629.55,USD,ACH,Completed,CHECK887437
PO0005601,V00130,2025-11-12,52.59,USD,Check,Completed,CHECK308511
PO0005602,V00130,2025-10-09,4320.88,USD,Credit Card,Cancelled,CHECK988237
PO0005603,V00130,2024-03-08,1778.82,USD,Credit Card,Completed,CHECK314168
PO0005604,V00130,2023-08-03,6071.65,USD,Check,Completed,CHECK766527
PO0005605,V00130,2024-04-30,879.37,USD,ACH,Pending,CHECK788073
PO0005606,V00130,2024-07-25,4273.82,USD,Wire Transfer,Pending,CHECK279869
PO0005607,V00130,2023-11-15,331.89,USD,Check,Completed,CHECK953884
PO0005608,V00130,2025-04-06,4117.06,USD,ACH,Completed,CHECK731142
PO0005609,V00130,2023-04-08,52.48,USD,Wire Transfer,Completed,CHECK589625
PO0005610,V00130,2024-11-02,5685.99,USD,ACH,Cancelled,CHECK927925
PO0005611,V00130,2025-05-24,10490.6,USD,Wire Transfer,Completed,CHECK252727
PO0005612,V00130,2024-10-29,6791.57,USD,Wire Transfer,Cancelled,CHECK149807
PO0005613,V00130,2023-11-07,2023.22,USD,Wire Transfer,Completed,CHECK879642
PO0005614,V00130,2025-03-19,17.41,USD,Credit Card,Completed,CHECK252974
PO0005615,V00130,2024-10-01,3199.22,USD,ACH,Cancelled,CHECK361076
PO0005616,V00130,2023-04-21,195.51,USD,Credit Card,Cancelled,CHECK491277
PO0005617,V00130,2024-04-08,1.73,USD,ACH,Completed,CHECK945696
PO0005618,V00130,2024-02-18,260.09,USD,Check,Cancelled,CHECK762535
PO0005619,V00130,2023-12-13,71.76,USD,Wire Transfer,Completed,CHECK348363
PO0005620,V00130,2024-11-09,903.52,USD,Wire Transfer,Pending,CHECK158428
PO0005621,V00130,2025-02-06,379.36,USD,Wire Transfer,Completed,CHECK259804
PO0005622,V00130,2024-08-13,1414.22,USD,Wire Transfer,Cancelled,CHECK497468
PO0005623,V00150,2025-04-16,313.33,USD,Wire Transfer,Pending,CHECK371973
PO0005624,V00150,2024-04-28,88.79,USD,Wire Transfer,Pending,CHECK249304
PO0005625,V00150,2024-09-07,321.83,USD,Credit Card,Completed,CHECK491637
PO0005626,V00150,2024-11-19,123.38,USD,Credit Card,Completed,CHECK591779
PO0005627,V00150,2023-03-24,371.0,USD,Check,Completed,CHECK446849
PO0005628,V00150,2023-11-04,1449.99,USD,ACH,Completed,CHECK270263
PO0005629,V00150,2023-06-11,3070.43,USD,ACH,Completed,CHECK571388
PO0005630,V00150,2025-03-13,203.07,USD,Credit Card,Completed,CHECK198568
PO0005631,V00150,2025-04-26,74.9,USD,ACH,Completed,CHECK560841
PO0005632,V00150,2025-09-17,627.44,USD,Check,Completed,CHECK934347
PO0005633,V00150,2024-02-29,451.78,USD,Wire Transfer,Cancelled,CHECK892201
PO0005634,V00150,2025-01-25,126.96,USD,Wire Transfer,Completed,CHECK168977
PO0005635,V00509,2024-08-15,438.29,USD,Credit Card,Pending,CHECK177307
PO0005636,V00509,2023-10-10,5942.56,USD,Credit Card,Cancelled,CHECK162049
PO0005637,V00509,2025-07-11,370.32,USD,Credit Card,Completed,CHECK434198
PO0005638,V00509,2023-11-26,64.51,USD,Credit Card,Completed,CHECK174432
PO0005639,V00509,2024-12-23,781.82,USD,Check,Completed,CHECK814232
PO0005640,V00509,2025-12-14,6821.46,USD,Credit Card,Completed,CHECK856666
PO0005641,V00509,2025-05-12,467.22,USD,Wire Transfer,Pending,CHECK913406
PO0005642,V00509,2025-04-23,3.17,USD,ACH,Pending,CHECK955424
PO0005643,V00509,2023-10-12,64.55,USD,ACH,Completed,CHECK627173
PO0005644,V00509,2025-12-04,28013.64,USD,Credit Card,Completed,CHECK378337
PO0005645,V00509,2024-02-11,359.27,USD,ACH,Pending,CHECK546377
PO0005646,V00509,2025-10-23,357.86,USD,Check,Cancelled,CHECK288274
PO0005647,V00509,2023-04-06,6244.13,USD,ACH,Completed,CHECK102908
PO0005648,V00509,2024-03-01,4613.9,USD,Wire Transfer,Completed,CHECK702824
PO0005649,V00509,2023-11-20,12.15,USD,Check,Completed,CHECK547440
PO0005650,V00509,2023-04-15,230.5,USD,Wire Transfer,Pending,CHECK372941
PO0005651,V00509,2025-05-02,62.37,USD,Credit Card,Completed,CHECK652089
PO0005652,V00509,2025-11-03,56.53,USD,ACH,Completed,CHECK283213
PO0005653,V00509,2023-05-08,182.93,USD,ACH,Completed,CHECK141502
PO0005654,V00509,2023-06-20,72.35,USD,Credit Card,Cancelled,CHECK833866
PO0005655,V00509,2025-03-31,611.68,USD,ACH,Completed,CHECK802040
PO0005656,V00509,2023-10-23,4467.73,USD,Check,Cancelled,CHECK138008
PO0005657,V00509,2024-09-06,1111.0,USD,Check,Completed,CHECK275061
PO0005658,V00509,2023-07-28,1032.22,USD,Credit Card,Completed,CHECK999023
PO0005659,V00509,2023-02-18,614.37,USD,Credit Card,Pending,CHECK658365
PO0005660,V00117,2023-08-08,38.87,USD,ACH,Completed,CHECK411561
PO0005661,V00117,2023-08-09,60.17,USD,Credit Card,Completed,CHECK941038
PO0005662,V00117,2025-04-20,1286.8,USD,ACH,Completed,CHECK661375
PO0005663,V00117,2024-06-17,27.83,USD,Credit Card,Completed,CHECK540815
PO0005664,V00117,2025-07-20,2150.95,USD,ACH,Completed,CHECK100980
PO0005665,V00119,2025-08-15,119.36,USD,Wire Transfer,Cancelled,CHECK517341
PO0005666,V00119,2023-08-25,4941.33,USD,Credit Card,Completed,CHECK298909
PO0005667,V00119,2024-03-06,1112.89,USD,ACH,Pending,CHECK594293
PO0005668,V00520,2025-05-09,287.36,USD,Credit Card,Completed,CHECK363911
PO0005669,V00520,2025-01-23,48.45,USD,Check,Completed,CHECK178271
PO0005670,V00520,2024-11-11,66.62,USD,Wire Transfer,Pending,CHECK198518
PO0005671,V00483,2025-06-20,548.5,USD,Wire Transfer,Completed,CHECK939400
PO0005672,V00483,2023-11-06,62.87,USD,Wire Transfer,Pending,CHECK997464
PO0005673,V00483,2023-03-11,5995.19,USD,ACH,Completed,CHECK115479
PO0005674,V00483,2025-06-07,364.48,USD,Check,Completed,CHECK227330
PO0005675,V00483,2023-07-28,149.28,USD,Wire Transfer,Cancelled,CHECK423381
PO0005676,V00483,2025-12-12,138.6,USD,Check,Completed,CHECK625177
PO0005677,V00483,2023-11-25,163.33,USD,ACH,Pending,CHECK858502
PO0005678,V00483,2024-10-09,277.87,USD,ACH,Completed,CHECK411148
PO0005679,V00483,2024-12-27,2285.31,USD,ACH,Completed,CHECK346379
PO0005680,V00483,2025-02-07,1399.66,USD,Check,Completed,CHECK623826
PO0005681,V00483,2024-09-08,86.41,USD,Wire Transfer,Completed,CHECK779849
PO0005682,V00483,2025-06-25,2442.03,USD,Check,Cancelled,CHECK727625
PO0005683,V00483,2025-10-16,1345.79,USD,ACH,Completed,CHECK910011
PO0005684,V00483,2023-12-01,36273.57,USD,Check,Pending,CHECK651861
PO0005685,V00483,2023-12-03,32.84,USD,Check,Cancelled,CHECK597897
PO0005686,V00483,2024-09-15,24.89,USD,Credit Card,Completed,CHECK732968
PO0005687,V00483,2024-05-03,280.15,USD,Wire Transfer,Completed,CHECK308298
PO0005688,V00483,2024-12-15,23846.66,USD,Wire Transfer,Completed,CHECK515552
PO0005689,V00483,2025-04-10,112.64,USD,ACH,Cancelled,CHECK813038
PO0005690,V00161,2023-03-28,151.9,USD,ACH,Cancelled,CHECK579501
PO0005691,V00161,2024-08-15,193.3,USD,Check,Cancelled,CHECK912815
PO0005692,V00161,2023-12-04,102.43,USD,Wire Transfer,Pending,CHECK759980
PO0005693,V00161,2023-06-25,435.8,USD,ACH,Cancelled,CHECK738893
PO0005694,V00161,2023-11-04,391.08,USD,Wire Transfer,Cancelled,CHECK433193
PO0005695,V00161,2024-07-21,254.61,USD,ACH,Completed,CHECK702400
PO0005696,V00161,2025-12-24,292.79,USD,ACH,Completed,CHECK937036
PO0005697,V00161,2023-04-10,34.47,USD,Wire Transfer,Pending,CHECK490034
PO0005698,V00161,2025-07-07,411.14,USD,ACH,Pending,CHECK516405
PO0005699,V00161,2025-10-14,5822.1,USD,Check,Completed,CHECK810370
PO0005700,V00161,2024-08-09,602.78,USD,ACH,Completed,CHECK193152
PO0005701,V00161,2023-12-12,150.99,USD,Check,Pending,CHECK985081
PO0005702,V00116,2024-04-02,6203.31,USD,ACH,Completed,CHECK862450
PO0005703,V00116,2025-07-09,33.19,USD,Credit Card,Completed,CHECK882736
PO0005704,V00116,2025-09-19,195.6,USD,Check,Completed,CHECK866411
PO0005705,V00116,2024-10-04,114.93,USD,Check,Completed,CHECK309879
PO0005706,V00354,2023-01-31,532.92,USD,Check,Completed,CHECK667898
PO0005707,V00354,2023-01-26,705.52,USD,Credit Card,Completed,CHECK808866
PO0005708,V00354,2023-05-24,352.97,USD,Check,Completed,CHECK761105
PO0005709,V00354,2025-08-19,117.84,USD,Credit Card,Completed,CHECK657793
PO0005710,V00354,2023-05-14,1058.76,USD,Credit Card,Completed,CHECK248254
PO0005711,V00354,2024-06-13,416.29,USD,Wire Transfer,Completed,CHECK810735
PO0005712,V00354,2025-03-04,876.58,USD,Check,Completed,CHECK467182
PO0005713,V00354,2025-01-09,12097.21,USD,Credit Card,Pending,CHECK627985
PO0005714,V00354,2025-09-22,5252.68,USD,Credit Card,Completed,CHECK162079
PO0005715,V00299,2024-12-13,230.82,USD,ACH,Completed,CHECK656476
PO0005716,V00299,2024-12-15,144.43,USD,Wire Transfer,Pending,CHECK187251
PO0005717,V00299,2023-06-25,258.66,USD,Check,Completed,CHECK420380
PO0005718,V00395,2024-07-14,64.86,USD,Wire Transfer,Completed,CHECK572209
PO0005719,V00395,2024-02-29,84.82,USD,ACH,Completed,CHECK324370
PO0005720,V00395,2025-12-23,26001.84,USD,Wire Transfer,Completed,CHECK380719
PO0005721,V00395,2024-05-12,28.81,USD,Wire Transfer,Completed,CHECK380423
PO0005722,V00395,2023-02-01,1731.26,USD,Check,Pending,CHECK586957
PO0005723,V00395,2025-06-02,864.75,USD,Credit Card,Completed,CHECK898409
PO0005724,V00395,2024-08-19,12684.71,USD,Check,Completed,CHECK894141
PO0005725,V00395,2024-06-10,157.76,USD,Wire Transfer,Completed,CHECK555712
PO0005726,V00395,2024-02-20,1189.7,USD,Wire Transfer,Pending,CHECK587010
PO0005727,V00395,2024-12-18,2856.81,USD,Wire Transfer,Completed,CHECK689276
PO0005728,V00395,2024-03-20,3876.4,USD,Wire Transfer,Completed,CHECK338629
PO0005729,V00395,2023-08-17,73.43,USD,Credit Card,Pending,CHECK924227
PO0005730,V00395,2024-11-17,2755.65,USD,ACH,Completed,CHECK945873
PO0005731,V00231,2023-05-10,1731.17,USD,Check,Cancelled,CHECK743772
PO0005732,V00231,2024-07-08,2009.85,USD,Credit Card,Completed,CHECK958842
PO0005733,V00231,2023-08-12,1169.25,USD,Check,Completed,CHECK170122
PO0005734,V00231,2024-11-06,41.87,USD,ACH,Pending,CHECK442180
PO0005735,V00231,2023-09-19,220.41,USD,Check,Cancelled,CHECK359076
PO0005736,V00231,2025-05-12,3356.79,USD,Check,Completed,CHECK757598
PO0005737,V00231,2023-03-18,542.81,USD,Check,Completed,CHECK220300
PO0005738,V00207,2024-02-21,186.5,USD,ACH,Pending,CHECK262103
PO0005739,V00207,2025-08-09,2483.0,USD,Check,Completed,CHECK864627
PO0005740,V00207,2023-08-22,383.24,USD,Check,Cancelled,CHECK898428
PO0005741,V00207,2024-05-26,973.12,USD,Wire Transfer,Cancelled,CHECK863612
PO0005742,V00207,2023-08-08,141.44,USD,ACH,Cancelled,CHECK392452
PO0005743,V00207,2023-11-19,1306.53,USD,Check,Pending,CHECK484031
PO0005744,V00207,2023-06-27,1285.08,USD,ACH,Completed,CHECK146528
PO0005745,V00207,2025-08-24,462.64,USD,Wire Transfer,Pending,CHECK894246
PO0005746,V00207,2024-09-07,192.4,USD,Credit Card,Completed,CHECK990567
PO0005747,V00207,2024-06-15,532.26,USD,Credit Card,Cancelled,CHECK913301
PO0005748,V00207,2023-09-12,133.99,USD,ACH,Completed,CHECK136698
PO0005749,V00207,2025-07-18,70.82,USD,ACH,Completed,CHECK998255
PO0005750,V00207,2023-04-18,64.22,USD,ACH,Completed,CHECK372287
PO0005751,V00207,2023-06-14,5.94,USD,ACH,Pending,CHECK531650
PO0005752,V00207,2025-07-10,215.05,USD,Check,Cancelled,CHECK463815
PO0005753,V00207,2024-12-19,301.29,USD,ACH,Cancelled,CHECK386347
PO0005754,V00207,2025-12-09,2216.02,USD,ACH,Pending,CHECK940322
PO0005755,V00207,2023-12-11,9.73,USD,Check,Completed,CHECK170787
PO0005756,V00207,2025-09-18,581.4,USD,ACH,Completed,CHECK362864
PO0005757,V00207,2023-12-12,9875.52,USD,Check,Pending,CHECK712559
PO0005758,V00207,2024-01-08,171.35,USD,ACH,Cancelled,CHECK269695
PO0005759,V00207,2023-12-23,54.67,USD,Wire Transfer,Completed,CHECK744471
PO0005760,V00390,2024-12-29,2688.19,USD,Credit Card,Completed,CHECK777375
PO0005761,V00390,2023-04-20,813.21,USD,Credit Card,Pending,CHECK177019
PO0005762,V00390,2024-12-11,533.84,USD,Wire Transfer,Pending,CHECK573785
PO0005763,V00390,2024-03-10,578.87,USD,Wire Transfer,Completed,CHECK383352
PO0005764,V00298,2025-05-25,5669.24,USD,ACH,Completed,CHECK627936
PO0005765,V00298,2024-05-27,295.42,USD,Credit Card,Completed,CHECK517860
PO0005766,V00298,2024-11-28,852.71,USD,Credit Card,Completed,CHECK555679
PO0005767,V00298,2023-04-17,33.36,USD,ACH,Cancelled,CHECK438262
PO0005768,V00298,2025-06-23,78.01,USD,Wire Transfer,Completed,CHECK575520
PO0005769,V00298,2023-03-20,19.16,USD,Check,Completed,CHECK949972
PO0005770,V00298,2024-04-21,12.03,USD,Check,Cancelled,CHECK513171
PO0005771,V00298,2023-05-12,7.72,USD,Credit Card,Completed,CHECK133893
PO0005772,V00298,2023-11-30,242.83,USD,ACH,Completed,CHECK176782
PO0005773,V00298,2024-06-26,475.99,USD,ACH,Completed,CHECK445740
PO0005774,V00288,2025-09-19,75.85,USD,Wire Transfer,Completed,CHECK414025
PO0005775,V00288,2023-08-03,64284.6,USD,Credit Card,Pending,CHECK231684
PO0005776,V00288,2023-02-09,1079.0,USD,Check,Completed,CHECK921481
PO0005777,V00288,2023-05-10,17238.29,USD,ACH,Completed,CHECK940522
PO0005778,V00288,2023-09-04,281.75,USD,Credit Card,Cancelled,CHECK703267
PO0005779,V00288,2024-11-27,345.22,USD,Check,Completed,CHECK411523
PO0005780,V00288,2024-06-10,1106.25,USD,Credit Card,Cancelled,CHECK434378
PO0005781,V00288,2024-06-02,311.85,USD,Wire Transfer,Pending,CHECK402284
PO0005782,V00288,2023-10-12,12.03,USD,Check,Completed,CHECK220599
PO0005783,V00366,2023-11-06,74595.36,USD,ACH,Completed,CHECK282556
PO0005784,V00366,2023-07-29,5861.61,USD,ACH,Cancelled,CHECK821633
PO0005785,V00366,2025-08-19,206.98,USD,Wire Transfer,Completed,CHECK296192
PO0005786,V00366,2023-02-11,12.17,USD,Check,Completed,CHECK305262
PO0005787,V00058,2025-08-30,142.22,USD,Credit Card,Completed,CHECK456501
PO0005788,V00058,2025-07-21,425.95,USD,Wire Transfer,Completed,CHECK899182
PO0005789,V00058,2024-11-26,1083.77,USD,Wire Transfer,Pending,CHECK410854
PO0005790,V00058,2023-03-05,465.74,USD,Wire Transfer,Completed,CHECK382327
PO0005791,V00058,2024-11-20,294.73,USD,Check,Completed,CHECK687896
PO0005792,V00058,2024-09-06,15.52,USD,Wire Transfer,Cancelled,CHECK498028
PO0005793,V00058,2023-07-18,17.66,USD,Check,Completed,CHECK931747
PO0005794,V00058,2024-07-06,8730.68,USD,Credit Card,Cancelled,CHECK743816
PO0005795,V00058,2023-03-26,80.72,USD,Check,Completed,CHECK411611
PO0005796,V00058,2025-02-26,416.4,USD,Wire Transfer,Completed,CHECK153115
PO0005797,V00058,2023-01-06,2195.11,USD,Check,Completed,CHECK864397
PO0005798,V00058,2025-01-25,353.53,USD,Wire Transfer,Completed,CHECK514655
PO0005799,V00058,2023-10-22,20.79,USD,ACH,Completed,CHECK533079
PO0005800,V00058,2025-02-13,6632.37,USD,Wire Transfer,Completed,CHECK824507
PO0005801,V00058,2025-08-11,22609.99,USD,Wire Transfer,Cancelled,CHECK983748
PO0005802,V00058,2024-11-08,3596.57,USD,Wire Transfer,Completed,CHECK982011
PO0005803,V00058,2024-09-01,129.94,USD,ACH,Completed,CHECK969519
PO0005804,V00058,2024-01-21,33.1,USD,Wire Transfer,Completed,CHECK720422
PO0005805,V00058,2023-04-10,116.26,USD,ACH,Completed,CHECK774848
PO0005806,V00058,2023-10-03,501.32,USD,ACH,Completed,CHECK511919
PO0005807,V00058,2023-04-01,150.13,USD,Credit Card,Completed,CHECK196282
PO0005808,V00058,2024-06-19,5508.19,USD,ACH,Completed,CHECK742610
PO0005809,V00058,2025-02-23,165.38,USD,Check,Completed,CHECK466192
PO0005810,V00058,2023-09-11,839.23,USD,Credit Card,Completed,CHECK401592
PO0005811,V00058,2025-08-06,1391.75,USD,Check,Cancelled,CHECK396307
PO0005812,V00058,2023-05-21,3.14,USD,Check,Pending,CHECK622901
PO0005813,V00058,2023-02-24,523.55,USD,ACH,Completed,CHECK318109
PO0005814,V00058,2024-05-10,11.35,USD,Wire Transfer,Completed,CHECK830019
PO0005815,V00058,2024-05-16,1144.52,USD,ACH,Pending,CHECK430431
PO0005816,V00217,2023-07-11,98.9,USD,Credit Card,Pending,CHECK599306
PO0005817,V00217,2024-02-12,338.73,USD,Wire Transfer,Completed,CHECK348118
PO0005818,V00162,2025-08-07,2914.39,USD,Credit Card,Completed,CHECK139342
PO0005819,V00162,2024-09-10,1273.44,USD,Wire Transfer,Completed,CHECK701707
PO0005820,V00162,2025-02-10,4343.28,USD,Check,Pending,CHECK117417
PO0005821,V00162,2023-12-16,1204.95,USD,Check,Completed,CHECK315103
PO0005822,V00162,2025-09-02,104.82,USD,ACH,Completed,CHECK363723
PO0005823,V00162,2023-07-30,69.34,USD,Credit Card,Completed,CHECK367152
PO0005824,V00162,2025-12-06,75.69,USD,Credit Card,Completed,CHECK644945
PO0005825,V00162,2024-02-23,10.6,USD,ACH,Completed,CHECK409439
PO0005826,V00234,2024-06-21,1468.0,USD,Wire Transfer,Completed,CHECK865542
PO0005827,V00234,2024-08-06,1420.35,USD,Check,Cancelled,CHECK928142
PO0005828,V00234,2024-06-16,9.14,USD,Credit Card,Completed,CHECK193537
PO0005829,V00234,2024-09-07,709.9,USD,Wire Transfer,Cancelled,CHECK882741
PO0005830,V00234,2025-05-18,204.85,USD,ACH,Completed,CHECK690975
PO0005831,V00234,2024-12-01,1696.64,USD,ACH,Completed,CHECK655392
PO0005832,V00234,2023-04-01,139.56,USD,Wire Transfer,Pending,CHECK133598
PO0005833,V00234,2023-02-14,6518.55,USD,Wire Transfer,Completed,CHECK205766
PO0005834,V00234,2023-03-05,1520.43,USD,ACH,Cancelled,CHECK991338
PO0005835,V00234,2024-12-12,3047.86,USD,Credit Card,Cancelled,CHECK356603
PO0005836,V00234,2025-09-07,67.99,USD,Credit Card,Cancelled,CHECK406517
PO0005837,V00234,2025-04-12,2668.88,USD,ACH,Pending,CHECK969889
PO0005838,V00234,2023-02-02,145.22,USD,Check,Completed,CHECK481482
PO0005839,V00234,2023-06-04,63.34,USD,Check,Completed,CHECK333032
PO0005840,V00234,2024-07-12,16.11,USD,ACH,Completed,CHECK350785
PO0005841,V00234,2024-03-29,4504.57,USD,ACH,Completed,CHECK982913
PO0005842,V00234,2023-08-26,2244.84,USD,ACH,Cancelled,CHECK566023
PO0005843,V00234,2024-09-01,51.68,USD,Credit Card,Completed,CHECK867447
PO0005844,V00234,2024-07-05,505.31,USD,Check,Cancelled,CHECK434871
PO0005845,V00234,2023-03-15,17.49,USD,ACH,Cancelled,CHECK272389
PO0005846,V00234,2025-12-31,1595.56,USD,ACH,Cancelled,CHECK176548
PO0005847,V00234,2025-08-13,82.16,USD,Check,Cancelled,CHECK550646
PO0005848,V00234,2025-12-23,328.21,USD,Wire Transfer,Completed,CHECK409416
